player,player_id,position,team_name,player_game_count,declined_penalties,franchise_id,gap_grades_run_block,gap_run_block_percent,gap_snap_counts_run_block,gap_snap_counts_run_block_percent,gap_snap_counts_run_play,grades_run_block,penalties,run_block_percent,snap_counts_run_block,snap_counts_run_play,zone_grades_run_block,zone_run_block_percent,zone_snap_counts_run_block,zone_snap_counts_run_block_percent,zone_snap_counts_run_play
Kaleb McGary,46912,T,ATL,17,0,2,70.2,100,128,24,128,91.6,3,100,534,534,91.1,100,382,71.5,382
Drew Dalman,52270,C,ATL,17,0,2,55.2,100,128,24,128,69.5,1,100,534,534,75.2,100,382,71.5,382
Chris Lindstrom,46692,G,ATL,17,0,2,82.4,100,128,24.2,128,93.1,1,100,530,530,93.3,100,378,71.3,378
Jake Matthews,8641,T,ATL,17,0,2,65.8,100,128,24.2,128,69.5,1,100,530,530,70.4,100,378,71.3,378
Tyler Smith,98385,T,DAL,17,0,9,72.3,100,210,40.3,210,72.4,3,100,521,521,66.6,100,246,47.2,246
Charles Leno Jr.,8880,T,WAS,17,0,32,66.6,100,195,37.5,195,55.9,2,100,520,520,53.4,100,269,51.7,269
Zack Martin,8651,G,DAL,17,0,9,57.3,100,208,40.4,208,64.8,1,100,515,515,69.2,100,241,46.8,241
Joel Bitonio,8670,G,CLV,17,0,8,61.7,100,254,50.3,254,84.4,0,100,505,505,92.7,100,179,35.4,179
Jedrick Wills Jr.,58467,T,CLV,17,1,8,53.3,100,254,50.8,254,55.3,2,100,500,500,62.4,100,178,35.6,178
Ben Powers,41482,G,BLT,17,0,3,48.3,100,335,67.4,335,50.8,0,100,497,497,58.6,100,105,21.1,105
Tyler Linderbaum,82291,C,BLT,17,0,3,79.3,100,335,67.5,335,84.2,1,100,496,496,86,100,104,21,104
Jason Kelce,6343,C,PHI,17,0,24,80.4,100,170,34.3,170,89.1,1,100,496,496,85.1,100,240,48.4,240
Braxton Jones,60092,T,CHI,17,0,6,87.4,100,179,36.5,179,79.4,3,100,491,491,65.4,100,255,51.9,255
Tyler Biadasz,41178,C,DAL,16,0,9,55.2,100,197,40.2,197,59.6,2,100,490,490,62.9,100,231,47.1,231
Jake Brendel,11117,C,SF,17,0,28,54.5,100,151,31,151,65,3,100,487,487,68.5,100,272,55.9,272
Sam Mustipher,13026,C,CHI,17,0,6,65.6,100,176,36.4,176,65.5,0,100,484,484,67.7,100,251,51.9,251
Isaac Seumalo,10713,G,PHI,17,1,24,57.7,100,170,35.3,170,69.5,1,100,482,482,71.6,100,229,47.5,229
Andrew Norwell,9126,G,WAS,16,0,32,69.5,100,183,38,183,59.9,1,100,481,481,54.9,100,245,50.9,245
Landon Dickerson,41712,G,PHI,17,1,24,56.2,100,166,34.6,166,65.3,5,100,480,480,65,100,231,48.1,231
Taylor Decker,10650,T,DET,17,0,11,51.8,100,241,50.5,241,67.6,1,100,477,477,75.7,100,193,40.5,193
Penei Sewell,81788,T,DET,17,0,11,70.4,100,241,50.5,241,83,1,100,477,477,86.9,100,193,40.5,193
Mike McGlinchey,46275,T,SF,17,0,28,61.1,100,145,30.5,145,73.3,0,100,475,475,74.5,100,269,56.6,269
Dan Moore Jr.,60120,T,PIT,17,0,25,45.7,100,117,24.7,117,56.1,2,100,474,474,67.8,100,255,53.8,255
James Daniels,45576,G,PIT,17,0,25,53.2,100,117,24.7,117,60,0,100,474,474,62.7,100,255,53.8,255
Kevin Dotson,46735,G,PIT,17,0,25,53.4,100,117,24.7,117,61.1,3,100,474,474,60.7,100,255,53.8,255
Chukwuma Okorafor,46302,T,PIT,17,0,25,52.7,100,116,24.5,116,55.7,0,100,473,473,59.5,100,255,53.9,255
Aaron Brewer,46014,G,TEN,17,2,31,68,100,180,38.4,180,63.3,5,100,469,469,66.7,100,250,53.3,250
Ikem Ekwonu,98286,T,CAR,17,2,5,58.6,100,228,48.9,228,64,5,100,466,466,70.1,100,210,45.1,210
Taylor Moton,11819,T,CAR,17,1,5,49.8,100,228,48.9,228,55.2,1,100,466,466,66.7,100,210,45.1,210
Morgan Moses,8701,T,BLT,17,0,3,79.4,100,308,66.4,308,81.6,0,100,464,464,75.2,100,100,21.6,100
Mason Cole,45547,C,PIT,17,0,25,50.9,100,115,24.8,115,66.5,0,100,463,463,71.5,100,248,53.6,248
Cole Kmet,60995,TE,CHI,17,0,6,62.5,100,169,37,169,65.1,4,99.6,457,459,67.9,100,233,51,233
Jared Goff,10635,QB,DET,17,0,11,60,100,239,52.8,239,60,0,96.6,453,469,60,99,190,41.9,192
Josh Myers,59992,C,GB,17,0,12,57.8,100,149,33.3,149,53.5,0,100,448,448,52.1,100,266,59.4,266
Frank Ragnow,39137,C,DET,16,1,11,70.4,100,225,50.3,225,78.9,3,100,447,447,78.8,100,186,41.6,186
Austin Corbett,46290,G,CAR,17,0,5,63.2,100,219,49.3,219,62.6,1,100,444,444,57.4,100,199,44.8,199
DeVonta Smith,61100,WR,PHI,17,0,24,62.7,100,159,35.8,159,49.8,0,100,444,444,60.3,100,216,48.6,216
Aaron Banks,59983,G,SF,16,0,28,48.7,100,139,31.4,139,59.1,0,100,443,443,69.2,100,246,55.5,246
Donovan Peoples-Jones,61439,WR,CLV,17,0,8,51.3,100,213,48.6,213,40.8,4,99.8,438,439,47,100,165,37.7,165
Jon Runyan,36661,G,GB,17,0,12,53.5,100,144,32.9,144,53.6,1,100,438,438,57.7,100,261,59.6,261
Luke Fortner,42028,C,JAX,17,0,15,50.9,100,186,42.7,186,46.4,2,100,436,436,46.3,100,193,44.3,193
Jordan Mailata,66916,T,PHI,16,0,24,61.7,100,169,38.8,169,75.9,0,100,436,436,84.4,100,193,44.3,193
Terry McLaurin,48229,WR,WAS,17,0,32,58.8,99.3,150,34.5,151,48.3,2,98.6,435,441,57.2,100,247,56.8,247
Dennis Daley,60063,T,TEN,17,0,31,45.9,100,164,37.8,164,46.5,0,100,434,434,50.3,100,233,53.7,233
Brandon Aiyuk,84109,WR,SF,17,0,28,57.3,100,136,31.4,136,55.2,1,99.5,433,435,59.8,100,247,57,247
Nicholas Petit-Frere,82003,T,TEN,16,0,31,36.3,100,168,38.8,168,57,0,100,433,433,73.4,100,229,52.9,229
DJ Moore,48267,WR,CAR,17,1,5,54,100,212,49,212,51,2,98.4,433,440,58.6,100,203,46.9,203
Brady Christensen,51985,G,CAR,17,0,5,53.8,100,214,49.5,214,53.3,4,100,432,432,56,100,194,44.9,194
Mark Glowinski,9567,G,NYG,16,0,21,64.6,100,203,47.1,203,64.5,0,100,431,431,60.6,100,173,40.1,173
Kevin Zeitler,7032,G,BLT,15,0,3,58.8,100,302,70.1,302,67.5,1,100,431,431,87.6,100,81,18.8,81
Andrew Thomas,59701,T,NYG,16,0,21,67.3,100,204,47.4,204,80,1,100,430,430,86.7,100,171,39.8,171
Quenton Nelson,12954,G,IND,17,0,14,61.6,100,159,37.1,159,64.6,0,100,428,428,66.7,100,230,53.7,230
James Hurst,9001,T,NO,16,0,20,44.9,100,186,43.6,186,48.2,1,100,427,427,54.6,100,198,46.4,198
Aaron Rodgers,2241,QB,GB,17,0,12,60,99.3,148,35,149,60,0,95.3,423,444,60,98.9,259,61.2,262
Connor McGovern,41714,G,DAL,15,0,9,47,100,168,39.7,168,42.7,1,100,423,423,42.8,100,198,46.8,198
Patrick Ricard,48862,FB,BLT,17,0,3,89.9,100,298,70.6,298,88.4,2,98.4,422,429,59.9,98.7,78,18.5,79
Lane Johnson,7786,T,PHI,15,0,24,66.9,100,140,33.3,140,73.5,0,100,421,421,77.1,100,207,49.2,207
Jawaan Taylor,41665,T,JAX,17,1,15,37.6,100,179,42.6,179,39.7,1,100,420,420,48.8,100,188,44.8,188
Brandon Scherff,9438,G,JAX,17,0,15,53.9,100,178,42.8,178,55.1,1,100,416,416,54.4,100,190,45.7,190
Ryan Kelly,10652,C,IND,17,0,14,63.9,100,150,36.3,150,64.3,0,100,413,413,61.1,100,224,54.2,224
Mike Onwenu,27357,G,NE,17,0,19,65.4,100,192,46.8,192,73.1,0,100,410,410,76.8,100,147,35.9,147
Wyatt Teller,46131,G,CLV,15,0,8,64.9,100,213,52.3,213,70.3,2,100,407,407,73.6,100,140,34.4,140
Trent Williams,5529,T,SF,14,0,28,74.5,100,124,30.6,124,92.9,1,100,405,405,95.8,100,230,56.8,230
Jack Conklin,10642,T,CLV,14,0,8,51.5,100,203,50.1,203,51.8,2,100,405,405,57.7,100,149,36.8,149
CeeDee Lamb,61570,WR,DAL,17,0,9,62.6,100,173,42.9,173,62.7,0,97.8,403,412,63.3,99.5,197,48.9,198
Jon Feliciano,9561,C,NYG,15,0,21,59.6,100,191,47.4,191,57.1,1,100,403,403,50.4,100,160,39.7,160
Dylan Parham,60953,G,LV,17,0,23,77,100,224,55.9,224,66.9,2,100,401,401,61.3,100,104,25.9,104
Trent Brown,9677,T,NE,17,0,19,68.5,100,189,47.1,189,59.5,0,100,401,401,58.9,100,144,35.9,144
Ryan Ramczyk,11787,T,NO,16,0,20,65.6,100,168,42,168,73.8,0,100,400,400,75.6,100,190,47.5,190
Connor McGovern,10778,C,NYJ,17,0,22,66.1,100,145,36.3,145,69.7,0,100,399,399,71,100,208,52.1,208
Elgton Jenkins,46298,G,GB,15,0,12,58.2,100,133,33.4,133,71.8,2,100,398,398,73.2,100,235,59,235
Laken Tomlinson,9461,G,NYJ,17,0,22,46.5,100,144,36.3,144,46.9,0,100,397,397,52.7,100,208,52.4,208
Braden Smith,46794,T,IND,16,0,14,63.6,100,148,37.3,148,75,0,100,397,397,87.8,100,215,54.2,215
Charles Cross,98401,T,SEA,17,0,29,60,100,106,26.9,106,62.8,0,100,394,394,65.5,100,234,59.4,234
Ed Ingram,59819,G,MIN,17,0,18,54.5,100,106,27,106,63.4,0,100,393,393,63.2,100,239,60.8,239
Kelvin Beachum,7229,T,ARZ,17,0,1,56.6,100,179,45.7,179,59.6,0,100,392,392,64.7,100,160,40.8,160
Parker Hesse,48369,TE,ATL,17,1,2,63.9,100,90,23,90,61.2,4,100,392,392,61.8,100,281,71.7,281
A.J. Brown,48327,WR,PHI,17,0,24,60,100,136,34.7,136,50.3,1,100,392,392,65,100,200,51,200
Kolton Miller,47013,T,LV,16,0,23,79.6,100,219,56,219,76.6,1,100,391,391,66.7,100,104,26.6,104
Shaq Mason,9564,G,TB,17,0,30,61,100,239,61.8,239,61.9,1,100,387,387,56.4,100,105,27.1,105
Rob Havenstein,9490,T,LA,17,0,26,59.6,100,159,41.1,159,71.7,0,100,387,387,78.2,100,187,48.3,187
Geoff Swaim,9679,TE,TEN,17,0,31,59.4,100,153,39.6,153,62,1,100,386,386,63.1,100,206,53.4,206
Matt Feiler,9289,G,LAC,17,0,27,59.5,100,153,39.7,153,49,0,100,385,385,45.5,100,181,47,181
Michael Pittman Jr.,29049,WR,IND,16,0,14,54.8,100,150,39,150,59.1,1,99.2,385,388,69.4,100,212,55.1,212
Zion Johnson,99681,G,LAC,17,0,27,72.3,100,153,39.7,153,69.5,2,100,385,385,63.1,100,181,47,181
Laremy Tunsil,10647,T,HST,17,0,13,63,100,185,48.2,185,66.2,1,100,384,384,65.3,100,171,44.5,171
Cole Strange,22976,G,NE,17,1,19,52.7,100,184,47.9,184,48.3,3,100,384,384,43.2,100,139,36.2,139
Davante Adams,8688,WR,LV,17,0,23,61.7,100,217,56.7,217,57.1,1,99.2,383,386,55.7,100,100,26.1,100
Trevor Lawrence,77632,QB,JAX,17,0,15,60.9,95.6,172,45,180,60.7,0,90.7,382,421,60.3,94.7,180,47.1,190
Mack Hollins,11873,WR,LV,17,0,23,69.2,100,211,55.5,211,74.9,5,99,380,384,62.8,100,101,26.6,101
Drake London,86519,WR,ATL,17,0,2,66.4,100,96,25.3,96,55,0,100,380,380,63.9,100,274,72.1,274
Connor Williams,46216,C,MIA,17,0,17,66.6,100,125,32.9,125,85.1,0,100,380,380,86.5,100,209,55,209
Robert Hunt,46139,G,MIA,17,0,17,60.9,100,125,32.9,125,76.2,4,100,380,380,78.4,100,209,55,209
Terence Steele,39461,T,DAL,13,0,9,64.4,100,147,38.8,147,82.1,1,100,379,379,81.5,100,181,47.8,181
Austin Blythe,10882,C,SEA,17,0,29,51.2,100,97,25.6,97,48,0,100,379,379,55.4,100,229,60.4,229
Cordell Volson,30614,G,CIN,16,0,7,50,100,189,50,189,51.2,0,100,378,378,55.6,100,123,32.5,123
Jonah Williams,41651,T,CIN,16,0,7,51.8,100,188,49.9,188,49.9,0,100,377,377,44.2,100,123,32.6,123
Diontae Johnson,33441,WR,PIT,17,0,25,63.3,98.9,93,24.7,94,63.5,0,98.2,376,383,67.8,100,219,58.2,219
Andre James,47058,C,LV,15,0,23,56.4,100,207,55.1,207,59.3,0,100,376,376,77.9,100,103,27.4,103
Ezra Cleveland,41973,G,MIN,17,0,18,73.9,100,98,26.1,98,80.3,0,100,375,375,78.8,100,232,61.9,232
Robert Hainsey,59980,C,TB,17,0,30,66.7,100,229,61.1,229,60.9,1,100,375,375,51.4,100,103,27.5,103
Amari Cooper,9437,WR,CLV,17,0,8,59,100,185,49.5,185,56.2,0,100,374,374,62.4,100,143,38.2,143
Ted Karras,10855,C,CIN,16,0,7,53.4,100,187,50.3,187,55.4,1,100,372,372,57.4,100,123,33.1,123
Cam Fleming,8775,T,DEN,15,0,10,70,100,120,32.3,120,67.8,0,100,371,371,69.9,100,218,58.8,218
Erik McCoy,37347,C,NO,13,0,20,62.4,100,169,45.6,169,60.9,1,100,371,371,57.4,100,167,45,167
Creed Humphrey,59996,C,KC,17,0,16,61.9,100,107,29,107,91.1,0,100,369,369,91.4,100,225,61,225
Dalton Risner,47008,G,DEN,15,0,10,43,100,113,30.6,113,53.4,0,100,369,369,57.1,100,224,60.7,224
Damien Lewis,81532,G,SEA,16,0,29,67.1,100,100,27.2,100,66.7,3,100,368,368,70.5,100,219,59.5,219
A.J. Cann,9500,G,HST,16,0,13,66.7,100,179,48.9,179,63.9,0,100,366,366,65.8,100,163,44.5,163
Orlando Brown Jr.,46227,T,KC,17,0,16,67,100,105,28.8,105,69.1,0,100,364,364,65.1,100,222,61,222
Jonah Jackson,37070,G,DET,13,0,11,60.6,100,173,47.5,173,70.3,1,100,364,364,74.5,100,155,42.6,155
Alex Cappa,66578,G,CIN,16,0,7,55.1,100,182,50.3,182,62.3,0,100,362,362,69,100,119,32.9,119
Rodger Saffold,5558,G,BUF,16,1,4,45.7,100,180,50,180,43.1,1,100,360,360,44.2,100,113,31.4,113
Geno Smith,7820,QB,SEA,17,0,29,60.6,93.4,99,27.5,106,60.5,0,90.9,360,396,60,98.3,230,63.9,234
Tom Brady,698,QB,TB,17,0,30,60,99.6,236,65.7,237,60.1,0,93.5,359,384,60.3,99,103,28.7,104
Daniel Jones,39395,QB,NYG,16,0,21,61.4,95,191,53.2,201,61.3,0,84.7,359,424,60.7,86.4,146,40.7,169
Derek Carr,8671,QB,LV,15,0,23,60,100,206,57.5,206,60,0,97.3,358,368,60,100,95,26.5,95
Ethan Pocic,11813,C,CLV,13,0,8,59.2,100,179,50,179,78.9,0,100,358,358,89.2,100,127,35.5,127
Tytus Howard,25472,T,HST,17,0,13,59.8,100,173,48.5,173,64.5,0,100,357,357,67.3,100,157,44,157
Jermaine Eluemunor,11914,T,LV,17,0,23,79.6,100,198,55.5,198,75.7,2,100,357,357,71.6,100,100,28,100
Scott Quessenberry,23918,C,HST,16,0,13,50.7,100,168,47.1,168,43.7,1,100,357,357,49.2,100,163,45.7,163
Spencer Burford,81920,G,SF,16,0,28,47.3,100,114,32.2,114,45.7,1,100,354,354,44.5,100,189,53.4,189
George Kittle,11901,TE,SF,15,1,28,50.6,100,104,29.4,104,70.8,4,100,354,354,82.2,100,211,59.6,211
Cam Robinson,11789,T,JAX,14,0,15,45.1,100,151,42.8,151,57.3,3,100,353,353,68.8,100,161,45.6,161
Cesar Ruiz,59857,G,NO,14,0,20,53.1,100,142,40.3,142,51.5,1,100,352,352,51.2,100,170,48.3,170
Justin Fields,82118,QB,CHI,15,1,6,60.3,84,136,38.7,162,60.4,1,79.8,351,440,60.2,84.9,197,56.1,232
Tyler Higbee,10744,TE,LA,17,0,26,51.4,100,151,43,151,50.2,0,100,351,351,52.9,100,163,46.4,163
Andrew Wylie,12333,T,KC,17,0,16,53.4,100,102,29.1,102,64.3,0,100,350,350,67.3,100,216,61.7,216
Graham Glasgow,10729,C,DEN,15,0,10,64.8,100,116,33.1,116,61.6,3,100,350,350,61.4,100,202,57.7,202
Olamide Zaccheaus,44920,WR,ATL,17,0,2,50.4,98.8,80,22.9,81,47.8,1,99.4,349,351,55,100,258,73.9,258
Patrick Mahomes,11765,QB,KC,17,0,16,60.3,100,105,30.2,105,60.3,0,95.9,348,363,60.2,98.2,218,62.6,222
Bradley Bozeman,27934,C,CAR,11,0,5,63.4,100,173,49.9,173,67.3,0,100,347,347,68,100,155,44.7,155
Kirk Cousins,7102,QB,MIN,17,0,18,60,100,93,26.9,93,60,0,94.5,346,366,60,99.6,227,65.6,228
Brian O'Neill,46854,T,MIN,16,0,18,67.6,100,89,25.9,89,82.4,1,100,344,344,83.6,100,212,61.6,212
Allen Lazard,48135,WR,GB,15,0,12,61.7,100,117,34,117,39,1,99.4,344,346,60.2,100,212,61.6,212
Marcus Mariota,9435,QB,ATL,13,0,2,60,78,85,24.7,109,60,0,85.4,344,403,60,93.4,256,74.4,274
Abraham Lucas,60218,T,SEA,16,0,29,53.8,100,97,28.4,97,65.1,1,100,342,342,72.6,100,194,56.7,194
Trey Smith,62960,G,KC,16,0,16,68.8,100,98,28.7,98,69.7,2,100,342,342,66.4,100,204,59.6,204
Justin Jefferson,61398,WR,MIN,17,0,18,66.8,100,84,24.7,84,63.4,0,99.1,340,343,62.8,100,222,65.3,222
Justin Herbert,28237,QB,LAC,17,0,27,60.3,99.3,146,43.2,147,60.2,0,91.4,338,370,60,99.4,172,50.9,173
Parris Campbell,47940,WR,IND,17,0,14,60.8,100,131,38.9,131,50.2,0,98.5,337,342,57.3,100,187,55.5,187
Dak Prescott,10769,QB,DAL,12,0,9,60,97.9,142,42.1,145,60.4,0,92.1,337,366,60.6,97.1,168,49.9,173
Noah Brown,11993,WR,DAL,16,0,9,50.1,100,130,38.8,130,48.3,0,100,335,335,76.1,100,165,49.3,165
Trai Turner,8727,G,WAS,13,0,32,50.9,100,127,37.9,127,52.7,1,100,335,335,52.9,100,171,51,171
Nick Westbrook-Ikhine,47861,WR,TEN,17,0,31,66.7,100,136,40.7,136,69.5,1,100,334,334,66.3,100,179,53.6,179
David Njoku,11784,TE,CLV,14,0,8,54.9,100,182,54.5,182,52.3,0,99.7,334,335,59.9,100,107,32,107
Dalton Schultz,47304,TE,DAL,15,1,9,62.2,100,142,42.5,142,69.9,2,100,334,334,68.5,100,148,44.3,148
Brock Wright,60994,TE,DET,17,0,11,36.3,100,163,48.9,163,44.2,1,100,333,333,60.3,100,139,41.7,139
La'el Collins,9719,T,CIN,15,0,7,84.8,100,162,48.6,162,73.5,1,100,333,333,58.1,100,113,33.9,113
Christian Kirk,47546,WR,JAX,17,0,15,45.6,100,134,40.5,134,48.6,0,98.5,331,336,57,100,158,47.7,158
Ryan Bates,28300,G,BUF,15,0,4,60.4,100,165,50,165,59,1,100,330,330,55.9,100,99,30,99
Dion Dawkins,11818,T,BUF,15,0,4,58.7,100,166,50.9,166,62.3,2,100,326,326,65.8,100,95,29.1,95
Mark Andrews,47436,TE,BLT,15,0,3,60.6,100,237,72.9,237,69.1,0,99.1,325,328,69.5,98.3,58,17.8,59
Adam Thielen,8288,WR,MIN,17,0,18,46.9,100,81,25,81,47.9,1,99.7,324,325,65.4,100,207,63.9,207
Josh Oliver,47083,TE,BLT,17,0,3,73.9,100,224,69.1,224,74.6,0,100,324,324,73.9,100,62,19.1,62
Joe Thuney,10712,G,KC,15,0,16,57.1,100,94,29,94,65.8,2,100,324,324,68.7,100,192,59.3,192
Alex Bars,47018,G,LV,14,0,23,43.2,100,179,55.2,179,39.6,1,100,324,324,52.6,100,87,26.9,87
Jalen Hurts,40291,QB,PHI,15,0,24,60,84.5,131,40.6,155,60,1,71.3,323,453,60,85.6,184,57,215
Zach Gentry,36049,TE,PIT,17,0,25,50.4,100,99,30.8,99,48.7,0,100,321,321,53.7,100,154,48,154
Foster Moreau,47043,TE,LV,15,0,23,43.7,100,170,53,170,40.8,1,100,321,321,42.7,100,88,27.4,88
Russell Wilson,7077,QB,DEN,15,0,10,60,99.1,107,33.3,108,60,0,92.2,321,348,60,95.2,198,61.7,208
Cody Whitehair,10690,G,CHI,12,0,6,54.6,100,116,36.3,116,62.3,0,100,320,320,67.1,100,163,50.9,163
Jamaree Salyer,81656,T,LAC,14,0,27,49.5,100,138,43.1,138,53,0,100,320,320,60.8,100,143,44.7,143
Robert Woods,7822,WR,TEN,17,0,31,75.6,100,130,40.8,130,76.4,0,100,319,319,60,100,171,53.6,171
Joe Burrow,28022,QB,CIN,16,0,7,60,100,185,58.2,185,60,1,86.9,318,366,60,97.5,117,36.8,120
Zay Jones,11792,WR,JAX,16,0,15,51,100,140,44.2,140,44,0,98.8,317,321,58.9,100,142,44.8,142
Adam Trautman,109795,TE,NO,15,1,20,55,100,149,47.2,149,61.1,2,100,316,316,66.9,100,143,45.3,143
Cornelius Lucas,9025,T,WAS,15,0,32,58,100,126,40,126,70,1,100,315,315,77.8,100,152,48.3,152
Ian Thomas,42130,TE,CAR,17,0,5,50,100,156,49.5,156,46,0,100,315,315,42.6,100,146,46.3,146
David Andrews,9948,C,NE,14,1,19,84,100,147,46.8,147,76.9,1,100,314,314,60.5,100,116,36.9,116
Dallas Goedert,47272,TE,PHI,12,0,24,53.7,100,102,32.5,102,55.1,1,100,314,314,60.7,100,159,50.6,159
T.J. Hockenson,40912,TE,MIN,17,0,18,44.9,100,121,38.7,121,57.3,3,100,313,313,62.9,100,163,52.1,163
Amon-Ra St. Brown,84470,WR,DET,16,0,11,84.8,97.5,158,50.5,162,77.1,0,97.5,313,321,68.1,100,135,43.1,135
Jack Stoll,42058,TE,PHI,17,0,24,53.6,100,115,36.9,115,57.4,0,100,312,312,69.6,100,134,42.9,134
Evan Brown,38709,G,DET,13,0,11,51.8,100,162,51.9,162,69.5,3,100,312,312,85.4,100,124,39.7,124
Trey Pipkins III,91462,T,LAC,14,0,27,58.6,100,125,40.1,125,49.5,1,100,312,312,51.1,100,146,46.8,146
Ben Jones,7099,C,TEN,12,0,31,61.8,100,115,37,115,73.7,2,100,311,311,77.4,100,169,54.3,169
Jacoby Brissett,10725,QB,CLV,15,0,8,60,100,167,53.7,167,60.4,0,92.3,311,337,60.5,100,119,38.3,119
Hunter Henry,10669,TE,NE,17,0,19,48.4,100,143,46.1,143,48.3,0,100,310,310,56.7,100,112,36.1,112
Yosh Nijman,60822,T,GB,16,1,12,59,100,111,36,111,54.1,3,100,308,308,52.3,100,174,56.5,174
Corey Linsley,8796,C,LAC,14,1,27,54.5,100,122,39.9,122,65.6,1,100,306,306,76.6,100,142,46.4,142
Courtland Sutton,48164,WR,DEN,15,0,10,56,100,88,28.9,88,61.3,2,99.7,305,306,81.6,100,188,61.6,188
Gabe Davis,55410,WR,BUF,15,0,4,60.9,100,154,50.5,154,59.8,3,100,305,305,64.7,100,98,32.1,98
Tristan Wirfs,64818,T,TB,13,0,30,63.4,100,188,61.6,188,64.7,0,100,305,305,63.1,100,83,27.2,83
Ronnie Stanley,10640,T,BLT,11,0,3,57.4,100,203,66.8,203,57.2,1,100,304,304,57.4,100,72,23.7,72
Tyler Shatley,9257,G,JAX,14,0,15,52.1,100,140,46.2,140,54.5,0,100,303,303,57.5,100,124,40.9,124
Terrace Marshall Jr.,84271,WR,CAR,14,0,5,74.4,100,138,45.5,138,64.5,0,100,303,303,77.5,100,148,48.8,148
John Bates,42275,TE,WAS,16,0,32,54,100,138,46.2,138,65,0,100,299,299,75.7,100,134,44.8,134
Kenyon Green,99052,G,HST,15,1,13,53.7,100,141,47.3,141,47.4,1,100,298,298,44.8,100,135,45.3,135
Nate Davis,46808,G,TEN,12,1,31,55,100,117,39.4,117,69.8,2,100,297,297,76.9,100,156,52.5,156
Durham Smythe,47257,TE,MIA,16,0,17,63.4,100,101,34,101,60.3,0,99.3,297,299,59.7,100,162,54.5,162
Kenny Pickett,60515,QB,PIT,13,0,25,60.3,94.8,73,24.6,77,60.3,0,91.4,297,325,60.4,99.4,178,59.9,179
Duane Brown,4340,T,NYJ,12,0,22,44.7,100,107,36.4,107,44.4,2,100,294,294,51.1,100,151,51.4,151
Taylor Heinicke,9896,QB,WAS,9,0,32,60.3,99.2,130,44.2,131,60.3,0,95.1,294,309,60.2,97.2,141,48,145
Spencer Brown,42296,T,BUF,14,0,4,58.7,100,135,45.9,135,53.7,1,100,294,294,53.2,100,101,34.4,101
Darnell Mooney,48236,WR,CHI,12,0,6,59.2,100,99,33.8,99,62.1,0,100,293,293,60.5,100,166,56.7,166
Michael Gallup,26075,WR,DAL,14,0,9,67.6,100,112,38.2,112,59.1,0,100,293,293,61,100,143,48.8,143
Elijah Wilkinson,46238,G,ATL,9,0,2,49.4,100,85,29,85,64.4,1,100,293,293,72.6,100,197,67.2,197
Josh Allen,46601,QB,BUF,16,0,4,60,89.9,160,54.6,178,60,0,81.2,293,361,60,92.9,104,35.5,112
Matt Ryan,4317,QB,IND,12,0,14,60.3,99.2,121,41.4,122,60.3,0,94.5,292,309,60.2,98.8,159,54.5,161
Coleman Shelton,39316,C,LA,13,0,26,54.5,100,130,45,130,55.4,1,100,289,289,50.7,100,137,47.4,137
Evan Engram,11778,TE,JAX,17,0,15,46.5,99.2,122,42.5,123,55.5,1,99.3,287,289,64.9,100,120,41.8,120
Tyler Conklin,47124,TE,NYJ,17,0,22,53.9,100,100,34.8,100,51.1,1,99.3,287,289,59.4,100,149,51.9,149
Dawson Knox,35883,TE,BUF,15,0,4,57.6,100,138,48.4,138,63.9,0,100,285,285,59.7,100,87,30.5,87
Evan Neal,99063,T,NYG,13,0,21,49,100,126,44.2,126,48.2,0,100,285,285,50.3,100,116,40.7,116
Nate Herbig,28844,G,NYJ,11,0,22,46.5,100,105,37.1,105,55.7,2,100,283,283,61.1,100,144,50.9,144
Cade Otton,61071,TE,TB,16,0,30,56.3,100,182,64.3,182,58.8,0,100,283,283,67.4,100,68,24,68
Brandon Shell,10792,T,MIA,13,0,17,79.7,100,97,34.4,97,75.9,0,100,282,282,68.8,100,155,55,155
Andy Dalton,6187,QB,NO,14,0,20,63.5,100,110,39,110,63.6,0,93.7,282,301,61.8,99.3,151,53.5,152
Christian Darrisaw,77373,T,MIN,14,0,18,58.7,100,78,27.7,78,90.2,0,100,282,282,94.7,100,174,61.7,174
Bernhard Raimann,77948,T,IND,13,0,14,64.1,100,107,38.1,107,74.7,2,100,281,281,79,100,147,52.3,147
Garrett Bradbury,46013,C,MIN,12,0,18,60.4,100,76,27.2,76,72.4,1,100,279,279,76,100,169,60.6,169
Will Hernandez,46180,G,ARZ,13,0,1,69.3,100,124,44.6,124,61.1,2,100,278,278,60.4,100,117,42.1,117
Mac Jones,60323,QB,NE,14,0,19,60,98.6,137,49.3,139,60.1,1,91.1,278,305,60,100,112,40.3,112
D.K. Metcalf,47864,WR,SEA,17,0,29,62.1,100,69,24.9,69,55,1,100,277,277,58.5,100,173,62.5,173
Chris Manhertz,10211,TE,JAX,17,0,15,64.5,100,125,45.3,125,63.3,2,100,276,276,62.6,100,128,46.4,128
Jake Ferguson,61081,TE,DAL,16,0,9,53.6,100,114,41.5,114,55.9,1,100,275,275,67.6,100,140,50.9,140
Donovan Smith,9467,T,TB,13,0,30,42.2,100,177,64.4,177,41.5,1,100,275,275,42.1,100,70,25.5,70
Quinn Meinerz,112915,G,DEN,13,0,10,77.5,100,77,28.2,77,78.6,0,100,273,273,72.4,100,173,63.4,173
Teven Jenkins,41534,G,CHI,13,0,6,73.6,100,96,35.3,96,82.2,1,100,272,272,84,100,144,52.9,144
Tyler Larsen,9304,C,WAS,8,0,32,57.4,100,116,42.6,116,63.4,0,100,272,272,65.7,100,124,45.6,124
Mitch Morse,9482,C,BUF,13,0,4,60.5,100,131,48.2,131,57.3,0,100,272,272,52.9,100,83,30.5,83
Davis Mills,52269,QB,HST,15,0,13,60.8,98.6,144,52.9,146,60.6,0,94.4,272,288,60,97.6,122,44.9,125
Kyle Juszczyk,7912,FB,SF,16,0,28,44.9,100,86,31.7,86,53.2,1,97.1,271,279,63.2,100,151,55.7,151
Noah Gray,60878,TE,KC,17,0,16,58.9,100,77,28.9,77,60.1,1,99.3,266,268,64.1,100,158,59.4,158
Darius Slayton,25578,WR,NYG,15,0,21,52.1,100,124,46.6,124,50.3,0,100,266,266,53.7,100,113,42.5,113
Ryan Tannehill,7014,QB,TEN,12,0,31,61.7,100,112,42.3,112,61.1,0,92.7,265,286,60.2,98.6,145,54.7,147
Curtis Samuel,11795,WR,WAS,17,0,32,62.3,86.6,71,26.8,82,56.6,0,87.5,265,303,60.9,93.6,175,66,187
Harrison Bryant,26394,TE,CLV,17,0,8,59,100,133,50.4,133,62.1,0,99.6,264,265,62.4,100,88,33.3,88
Larry Borom,59879,T,CHI,10,0,6,51.8,100,94,35.6,94,62.1,1,100,264,264,69.5,100,139,52.7,139
Demarcus Robinson,10760,WR,BLT,17,0,3,75.6,100,164,62.1,164,63.8,0,100,264,264,56.5,100,70,26.5,70
Logan Thomas,8755,TE,WAS,14,0,32,36.6,100,97,36.9,97,37,2,100,263,263,55.2,100,137,52.1,137
Garrett Wilson,97405,WR,NYJ,17,0,22,59.1,100,94,35.7,94,50.9,2,98.5,263,267,55.7,100,153,58.2,153
Mike Evans,8642,WR,TB,15,0,30,59.1,100,172,65.4,172,35.6,0,100,263,263,60.7,100,77,29.3,77
Mo Alie-Cox,12078,TE,IND,17,0,14,52,100,101,38.5,101,49.3,1,100,262,262,57.4,100,134,51.1,134
Will Fries,41530,G,IND,11,0,14,66,100,96,36.8,96,66.2,2,100,261,261,66.9,100,139,53.3,139
C.J. Uzomah,9590,TE,NYJ,15,0,22,66.4,100,94,36,94,62.7,2,100,261,261,58.5,100,139,53.3,139
George Pickens,99229,WR,PIT,17,0,25,59.3,100,68,26.2,68,48.3,0,98.9,260,263,54.1,100,150,57.7,150
Chris Godwin,11839,WR,TB,15,0,30,52,100,173,67.1,173,59.3,0,99.2,258,260,68.8,100,72,27.9,72
Marquise Brown,61568,WR,ARZ,12,0,1,58.4,100,107,41.5,107,53.2,0,99.6,258,259,63.5,100,116,45,116
David Bakhtiari,7891,T,GB,11,1,12,57.7,100,79,30.7,79,68.5,3,100,257,257,72.3,100,163,63.4,163
Marcedes Lewis,2973,TE,GB,17,0,12,59.7,100,110,43,110,66.6,0,100,256,256,77,100,135,52.7,135
Joshua Palmer,62979,WR,LAC,16,0,27,54.6,100,110,43.1,110,39.2,0,99.6,255,256,57.9,100,125,49,125
Gabe Jackson,8716,G,SEA,15,0,29,48.6,100,66,25.9,66,53.8,0,100,255,255,55.8,100,146,57.3,146
Quez Watkins,61664,WR,PHI,17,0,24,55.8,100,73,28.7,73,44.5,0,99.6,254,255,61.4,100,143,56.3,143
Will Dissly,30762,TE,SEA,15,0,29,53.5,100,65,25.6,65,64.4,0,100,254,254,64.4,100,155,61,155
Tre' McKitty,60896,TE,LAC,17,0,27,43.9,100,110,43.3,110,37.3,3,100,254,254,37.2,100,108,42.5,108
Ben Skowronek,27948,WR,LA,14,0,26,53.3,100,97,38.3,97,54.6,1,99.6,253,254,58.4,100,126,49.8,126
Terron Armstead,7856,T,MIA,13,0,17,46.5,100,77,30.6,77,69.4,1,100,252,252,75.9,100,145,57.5,145
Billy Price,46795,C,ARZ,11,0,1,60.2,100,117,46.6,117,55.6,1,100,251,251,57.9,100,102,40.6,102
Daniel Bellinger,84041,TE,NYG,12,0,21,57.6,100,111,44.6,111,61.5,1,100,249,249,70.6,100,105,42.2,105
Mitchell Wilcox,47234,TE,CIN,16,0,7,58.5,100,122,49,122,58,1,100,249,249,58.6,100,81,32.5,81
Riley Reiff,7029,T,CHI,12,0,6,57.6,100,94,37.9,94,59.1,0,100,248,248,59.2,100,124,50,124
Nick Leverett,27699,G,TB,11,0,30,54.3,100,152,61.3,152,55.8,2,100,248,248,57.9,100,70,28.2,70
Travis Kelce,7844,TE,KC,17,0,16,54.8,98.6,72,29,73,61.2,0,99.6,248,249,64.4,100,161,64.9,161
Hjalte Froholdt,44959,C,CLV,13,0,8,67.4,100,122,49.2,122,67.5,1,100,248,248,75.1,100,91,36.7,91
Pat Freiermuth,84085,TE,PIT,16,0,25,70.9,100,50,20.2,50,59.6,1,100,248,248,57.6,100,137,55.2,137
Andrus Peat,9446,G,NO,11,0,20,53.4,100,96,39,96,55.4,0,100,246,246,59.9,100,120,48.8,120
Jahan Dotson,84375,WR,WAS,12,0,32,62.5,100,73,29.7,73,36.3,0,99.2,246,248,62.1,100,153,62.2,153
Eric Tomlinson,9786,TE,DEN,17,0,10,57.7,100,93,38,93,61.5,1,100,245,245,63,100,132,53.9,132
Devin Duvernay,40006,WR,BLT,14,0,3,52.8,94.3,166,67.8,176,54.3,0,95.3,245,257,76.1,98.1,51,20.8,52
Sam Cosmi,60114,T,WAS,11,0,32,47.2,100,85,34.8,85,71.5,0,100,244,244,88.1,100,135,55.3,135
Equanimeous St. Brown,47967,WR,CHI,15,0,6,60.7,100,87,35.7,87,69.8,0,98,244,249,71.7,100,134,54.9,134
Juwan Johnson,28305,TE,NO,16,0,20,68.1,100,105,43.2,105,54.1,0,100,243,243,46.7,100,103,42.4,103
Noah Fant,42388,TE,SEA,17,0,29,51.9,100,66,27.2,66,53.5,1,100,243,243,56,100,145,59.7,145
Jimmy Garoppolo,8697,QB,SF,11,0,28,60,98.9,87,35.8,88,60,0,92.4,243,263,60,99.3,144,59.3,145
Tommy Tremble,84025,TE,CAR,17,0,5,52.3,100,122,51,122,56.3,0,100,239,239,62.1,100,103,43.1,103
Johnny Mundt,12206,TE,MIN,17,1,18,39.6,100,63,26.5,63,48.3,2,100,238,238,60.8,100,144,60.5,144
Lamar Jackson,46416,QB,BLT,12,0,3,60,70.2,158,66.9,225,60.1,0,72.2,236,327,60,90.5,57,24.2,63
Trey McBride,75916,TE,ARZ,16,0,1,44.7,100,115,48.7,115,46.3,0,100,236,236,61.2,100,93,39.4,93
K.J. Osborn,23503,WR,MIN,17,0,18,57.9,100,72,30.6,72,53.7,0,98.7,235,238,62.5,100,139,59.1,139
Jakobi Meyers,47468,WR,NE,13,0,19,51.7,100,109,46.6,109,59.9,2,99.2,234,236,59.4,100,90,38.5,90
Tua Tagovailoa,60326,QB,MIA,13,0,17,60,98.8,79,33.9,80,60.2,0,94,233,248,60,100,138,59.2,138
Tyler Lockett,9502,WR,SEA,16,0,29,70,100,55,23.7,55,62.8,0,100,232,232,56.2,100,148,63.8,148
Jerry Jeudy,61103,WR,DEN,14,0,10,56.2,100,61,26.3,61,62.9,0,99.1,232,234,67.1,100,153,65.9,153
Ja'Marr Chase,84270,WR,CIN,12,0,7,58.9,98.4,121,52.2,123,58,0,98.3,232,236,59.5,100,90,38.8,90
Daniel Brunskill,34807,G,SF,14,0,28,49.9,100,72,31.6,72,61.5,0,100,228,228,65.3,100,122,53.5,122
Tyreek Hill,10799,WR,MIA,17,0,17,64.2,100,78,34.5,78,70.1,2,97.8,226,231,56.9,100,132,58.4,132
Stefon Diggs,9579,WR,BUF,16,0,4,60.3,100,112,49.6,112,60.9,0,100,226,226,63.2,100,82,36.3,82
Baker Mayfield,46518,QB,LA,12,0,26,60.2,97.7,127,57,130,60.2,0,93.3,223,239,60,93.6,88,39.5,94
Mike Williams,11762,WR,LAC,13,0,27,63.4,100,81,36.5,81,46.6,0,100,222,222,56.5,100,120,54.1,120
Alec Pierce,78038,WR,IND,16,0,14,65.4,100,85,38.3,85,57.2,0,100,222,222,59.8,100,123,55.4,123
Jaylen Waddle,84088,WR,MIA,17,0,17,58.4,100,83,37.4,83,46.3,0,98.7,222,225,59.8,100,125,56.3,125
Josh Reynolds,11872,WR,DET,14,1,11,71.1,100,129,58.6,129,56.4,1,100,220,220,56.1,100,82,37.3,82
Ben Bredeson,27305,G,NYG,11,0,21,60.2,100,87,39.5,87,61,0,100,220,220,62.7,100,96,43.6,96
Alec Ingold,34934,FB,MIA,17,0,17,46.7,100,66,30.1,66,56.1,0,97.3,219,225,62.4,100,131,59.8,131
Christian Watson,66581,WR,GB,14,0,12,56.4,100,79,36.2,79,59.6,0,96.9,218,225,63.6,100,130,59.6,130
Liam Eichenberg,41851,G,MIA,10,0,17,39.5,100,69,31.7,69,42.5,1,100,218,218,43.9,100,122,56,122
Deebo Samuel,48274,WR,SF,13,0,28,47.4,76.1,67,31.3,88,50.3,1,82.6,214,259,56.6,88.7,126,58.9,142
Michael Schofield III,8730,G,CHI,9,0,6,55.7,100,80,37.6,80,62.7,0,100,213,213,68,100,109,51.2,109
Tre'Quan Smith,48228,WR,NO,15,0,20,57.8,100,96,45.1,96,60.6,0,100,213,213,58.2,100,97,45.5,97
Elijah Moore,84302,WR,NYJ,16,0,22,53,100,86,40.6,86,43.5,0,98.6,212,215,62.3,100,112,52.8,112
Chris Moore,10741,WR,HST,16,0,13,53.7,100,112,53.1,112,48.1,0,99.1,211,213,56.3,100,92,43.6,92
Jonnu Smith,11855,TE,NE,14,0,19,36.5,100,105,49.8,105,32.4,0,99.5,211,212,43.4,100,72,34.1,72
JuJu Smith-Schuster,11817,WR,KC,16,0,16,51,100,72,34.8,72,43.3,1,100,207,207,57.4,100,123,59.4,123
Jakob Johnson,32565,FB,LV,17,0,23,55.5,100,123,59.7,123,52.2,1,100,206,206,49.1,100,54,26.2,54
Brandin Cooks,8655,WR,HST,13,0,13,61.7,100,104,50.7,104,62.5,0,99,205,207,62.9,100,93,45.4,93
DeVante Parker,9447,WR,NE,12,0,19,77,100,102,49.8,102,58.7,1,100,205,205,54.7,100,81,39.5,81
Josh Jones,26634,T,ARZ,13,0,1,78.9,100,90,43.9,90,74,1,100,205,205,73.4,100,88,42.9,88
Marvin Jones Jr.,7158,WR,JAX,16,0,15,50.1,100,76,37.4,76,51.4,0,100,203,203,57.6,100,103,50.7,103
Kalif Raymond,11028,WR,DET,17,0,11,63,100,99,49,99,47,0,96.7,202,209,61.7,100,93,46,93
Kyler Murray,38334,QB,ARZ,11,0,1,60.7,84,100,49.5,119,60.8,0,82.4,202,245,60.3,92.3,84,41.6,91
Matt Skura,11102,G,LA,8,0,26,31.3,100,92,45.5,92,41,2,100,202,202,51.4,100,92,45.5,92
Marquez Callaway,42295,WR,NO,14,0,20,59.2,100,76,38,76,59.8,0,100,200,200,60,100,105,52.5,105
Corey Davis,11760,WR,NYJ,13,0,22,59.1,100,71,35.7,71,55.3,1,100,199,199,51.7,100,108,54.3,108
Colby Parkinson,52266,TE,SEA,17,0,29,74.9,100,62,31.2,62,66.9,0,100,199,199,53.4,100,111,55.8,111
Chase Claypool,42312,WR,CHI,15,0,6,49.6,100,66,33.3,66,45.6,0,95.2,198,208,56.2,100,105,53,105
Zach Wilson,82096,QB,NYJ,9,0,22,60.1,100,81,40.9,81,60.2,0,92.5,198,214,60.1,95.4,103,52,108
Romeo Doubs,84329,WR,GB,12,0,12,68.3,100,59,29.9,59,57,0,99.5,197,198,57.3,100,125,63.5,125
Calvin Throckmorton,28238,G,NO,10,0,20,46.2,100,90,45.7,90,42.8,0,100,197,197,44.2,100,89,45.2,89
Tyler Boyd,10689,WR,CIN,16,0,7,53.8,100,113,57.7,113,51.7,0,100,196,196,58.9,100,56,28.6,56
Kyle Pitts,83964,TE,ATL,10,0,2,52,100,54,27.6,54,52.2,0,100,196,196,54.3,100,131,66.8,131
Billy Turner,8702,T,DEN,8,0,10,68.8,100,62,31.8,62,57.3,1,100,195,195,52.7,100,114,58.5,114
Isaiah Wynn,46048,T,NE,9,1,19,65.9,100,97,50,97,63.2,3,100,194,194,61.8,100,65,33.5,65
Dante Pettis,48113,WR,CHI,17,0,6,48.5,100,65,33.5,65,50.8,0,99,194,196,66.1,100,105,54.1,105
Zach Tom,55443,T,GB,9,0,12,56.2,100,69,35.8,69,55.7,0,100,193,193,64.7,100,107,55.4,107
D.J. Humphries,9457,T,ARZ,8,0,1,62.5,100,92,47.7,92,57.5,1,100,193,193,55.1,100,71,36.8,71
Tee Higgins,61211,WR,CIN,15,0,7,47.9,100,100,52.1,100,51.2,0,100,192,192,63,100,67,34.9,67
Robert Tonyan,12193,TE,GB,17,0,12,57.7,100,59,30.9,59,46.3,0,100,191,191,61.2,100,111,58.1,111
Van Jefferson,47447,WR,LA,11,0,26,70.4,100,81,43.1,81,62.6,0,100,188,188,58.9,100,92,48.9,92
Sam Darnold,29048,QB,CAR,6,0,5,60,98,100,53.2,102,60,0,91.7,188,205,60,92.2,83,44.1,90
Matt Pryor,46647,T,IND,11,0,14,52,100,74,39.4,74,50.8,1,100,188,188,53.7,100,101,53.7,101
Allen Robinson II,8696,WR,LA,10,0,26,76.5,100,69,36.7,69,68.9,0,100,188,188,57.9,100,102,54.3,102
Pharaoh Brown,12247,TE,CLV,16,0,8,53.2,100,95,50.5,95,59.5,0,100,188,188,64,100,66,35.1,66
Marquez Valdes-Scantling,47809,WR,KC,17,0,16,61.7,100,53,28.3,53,46.3,1,99.5,187,188,76,100,121,64.7,121
David Bell,97989,WR,CLV,16,0,8,54.1,100,80,42.8,80,52.5,0,100,187,187,65.1,100,77,41.2,77
Lloyd Cushenberry III,41924,C,DEN,8,1,10,45.7,100,59,31.7,59,52.7,3,100,186,186,49.3,100,108,58.1,108
Trent Sherfield,48021,WR,MIA,17,0,17,83.3,100,63,33.9,63,76.2,0,100,186,186,58.3,100,100,53.8,100
MyCole Pruitt,9576,TE,ATL,13,0,2,55.3,100,32,17.2,32,62.2,1,100,186,186,67.1,100,144,77.4,144
Max Garcia,9566,G,ARZ,11,0,1,61.3,100,82,44.3,82,55.2,1,100,185,185,56.6,100,82,44.3,82
Chris Myarick,47358,TE,NYG,15,0,21,70.4,100,95,51.6,95,65.1,0,100,184,184,51.4,100,63,34.2,63
DJ Chark Jr.,47702,WR,DET,11,0,11,61.1,100,102,55.7,102,52.1,0,100,183,183,59.5,100,72,39.3,72
Chigoziem Okonkwo,84000,TE,TEN,17,0,31,56.8,100,65,35.7,65,55.3,2,98.9,182,184,56.8,100,95,52.2,95
Keith Smith,9302,FB,ATL,17,0,2,57.4,100,54,29.7,54,53.2,0,99.5,182,183,55.6,100,121,66.5,121
Wes Schweitzer,10829,C,WAS,7,0,32,63.7,100,67,37,67,65.3,0,100,181,181,61.5,100,99,54.7,99
Dan Skipper,12307,G,DET,15,0,11,47.9,100,104,57.5,104,54.6,1,100,181,181,66.8,100,61,33.7,61
Royce Newman,41746,G,GB,8,0,12,52.9,100,54,30,54,57.6,2,100,180,180,59.1,100,112,62.2,112
Ty Nsekhe,7636,T,LA,10,0,26,65.2,100,88,48.9,88,67.5,0,100,180,180,64.4,100,78,43.3,78
DeAndre Carter,9859,WR,LAC,17,0,27,48.9,100,70,39.1,70,31.2,0,98.9,179,181,49.7,100,86,48,86
Justin Watson,66915,WR,KC,17,0,16,63,100,41,22.9,41,45.8,0,100,179,179,55.2,100,119,66.5,119
Matthew Stafford,4924,QB,LA,9,0,26,60,100,65,36.5,65,60,0,95.7,178,186,60,100,97,54.5,97
Greg Little,46254,T,MIA,11,0,17,50.5,100,53,30.1,53,41.7,0,100,176,176,47.2,100,94,53.4,94
Eric Saubert,11929,TE,DEN,16,0,10,50.6,100,70,40,70,56.5,1,100,175,175,60.6,100,91,52,91
Gerald Everett,11799,TE,LAC,16,0,27,45.6,100,66,37.7,66,44.6,0,100,175,175,49.3,100,84,48,84
Tyquan Thornton,78092,WR,NE,13,0,19,53.1,100,80,45.7,80,59.8,0,98.3,175,178,60.2,100,64,36.6,64
Jack Driscoll,27064,T,PHI,9,1,24,51,100,55,31.6,55,61.6,1,100,174,174,63,100,90,51.7,90
Luke Goedeke,77548,G,TB,11,0,30,48.4,100,114,65.5,114,47.8,1,100,174,174,51.3,100,40,23,40
Ko Kieft,41372,TE,TB,17,0,30,65.1,100,106,61.3,106,63.9,3,100,173,173,68,100,42,24.3,42
Austin Hooper,10715,TE,TEN,17,0,31,43.9,100,53,30.6,53,46.7,2,100,173,173,60.2,100,101,58.4,101
Cooper Kupp,11824,WR,LA,9,0,26,67.4,100,66,38.6,66,50.7,0,95,171,180,74.6,100,92,53.8,92
A.J. Green,6156,WR,ARZ,14,0,1,48,100,65,38.5,65,55,1,100,169,169,63.1,100,74,43.8,74
Robert Jones,100786,G,MIA,10,0,17,68.1,100,60,35.5,60,61.4,0,100,169,169,56.1,100,90,53.3,90
Zach Pascal,12303,WR,PHI,17,0,24,76.2,100,72,42.6,72,76.9,0,99.4,169,170,64.9,100,73,43.2,73
Peyton Hendershot,60915,TE,DAL,16,0,9,58.8,100,76,45.5,76,55.9,2,99.4,167,168,61.4,100,70,41.9,70
Jauan Jennings,48027,WR,SF,16,0,28,71.7,100,43,25.9,43,52.1,1,100,166,166,88.4,100,100,60.2,100
Tyre Phillips,59874,T,NYG,9,0,21,51.7,100,84,50.6,84,53.4,0,100,166,166,53.9,100,65,39.2,65
Tyler Kroft,9518,TE,SF,11,0,28,72.2,100,58,35.2,58,71.2,0,100,165,165,63.7,100,79,47.9,79
DeAndre Hopkins,7808,WR,ARZ,9,0,1,60.4,100,76,46.1,76,46.7,0,100,165,165,61.2,100,66,40,66
Carson Wentz,10636,QB,WAS,8,0,32,60,98.1,51,31.3,52,60,0,94.2,163,173,60,98,99,60.7,101
Zach Ertz,7816,TE,ARZ,9,0,1,45.9,100,77,47.2,77,50.1,0,100,163,163,65.2,100,65,39.9,65
Brock Purdy,77672,QB,SF,8,0,28,60,97.5,39,24.1,40,60,0,91,162,178,60,99.1,110,67.9,111
Nelson Agholor,9453,WR,NE,15,0,19,50.9,100,71,44.1,71,34.9,0,100,161,161,60.4,100,66,41,66
Phillip Dorsett,9462,WR,HST,15,0,13,54.6,100,71,44.9,71,41.9,1,100,158,158,48.7,100,75,47.5,75
Patrick Mekari,46219,T,BLT,12,1,3,62.1,100,118,74.7,118,62.4,2,100,158,158,57,100,24,15.2,24
Chris Olave,84355,WR,NO,15,1,20,58.7,100,38,24.2,38,57.6,1,100,157,157,67.8,100,97,61.8,97
Josh Andrews,9068,C,NO,6,0,20,55.4,100,69,43.9,69,51.9,0,100,157,157,50.4,100,69,43.9,69
Isaiah Hodgins,52130,WR,NYG,10,0,21,64.9,100,64,41,64,63.3,0,100,156,156,62.4,100,73,46.8,73
Alijah Vera-Tucker,57107,G,NYJ,7,0,22,67.9,100,56,35.9,56,76.5,0,100,156,156,77.2,100,78,50,78
Teagan Quitoriano,84036,TE,HST,9,1,13,49,100,79,51,79,44,1,100,155,155,45.7,100,65,41.9,65
Richie James,28991,WR,NYG,14,0,21,49,100,64,41.6,64,56.4,0,98.7,154,156,61.1,100,61,39.6,61
Phil Haynes,29244,G,SEA,14,0,29,46.2,100,44,28.8,44,58.1,1,100,153,153,74.4,100,93,60.8,93
Thayer Munford Jr.,59994,T,LV,16,0,23,64.1,100,94,61.4,94,56.3,2,100,153,153,48.9,100,28,18.3,28
Rondale Moore,62890,WR,ARZ,8,0,1,68.1,98.7,77,50.3,78,56.9,0,97.5,153,157,61.4,100,59,38.6,59
Cooper Rush,12324,QB,DAL,8,0,9,60,98.5,67,44.4,68,60,0,95,151,159,60,100,74,49,74
Greg Dulcich,84068,TE,DEN,10,0,10,34.9,100,38,25.2,38,33.8,0,100,151,151,43.3,100,101,66.9,101
Robbie Chosen,11254,WR,ARZ,16,0,1,62.6,100,71,47,71,36.4,0,100,151,151,54.8,100,65,43,65
Alaric Jackson,40972,G,LA,7,0,26,66.2,100,55,36.7,55,58.2,0,100,150,150,53.2,100,72,48,72
Calvin Anderson,46247,T,DEN,10,0,10,60.8,100,40,26.7,40,59.3,0,100,150,150,62.3,100,99,66,99
David Quessenberry,7957,T,BUF,9,0,4,57.8,100,78,52.3,78,53.7,0,100,149,149,59.1,100,41,27.5,41
Kylen Granson,40630,TE,IND,13,0,14,30.5,100,49,32.9,49,37.5,0,99.3,149,150,55.8,100,78,52.3,78
Cole Turner,84330,TE,WAS,10,0,32,48,100,77,52,77,60.2,1,100,148,148,73.6,100,58,39.2,58
O.J. Howard,11774,TE,HST,13,0,13,56.9,100,67,45.6,67,49.4,0,100,147,147,49.6,100,68,46.3,68
Oday Aboushi,7923,G,LA,6,0,26,61.1,100,53,36.3,53,65.9,0,100,146,146,62.4,100,75,51.4,75
Kendall Hinton,34045,WR,DEN,11,0,10,48.4,100,41,28.3,41,45.4,0,98.6,145,147,65.3,100,95,65.5,95
Conor McDermott,11966,T,NE,8,0,19,76.1,100,59,40.7,59,79.8,0,100,145,145,75.6,100,61,42.1,61
Shi Smith,61643,WR,CAR,16,0,5,52.7,100,61,42.1,61,47.1,0,100,145,145,59.4,100,71,49,71
Keenan Allen,7857,WR,LAC,10,0,27,65,100,59,40.7,59,52.9,0,100,145,145,67.2,100,74,51,74
George Fant,11282,T,NYJ,8,0,22,56.9,100,50,34.7,50,56.3,3,100,144,144,59.7,100,77,53.5,77
Cam Sims,47908,WR,WAS,17,0,32,54.6,100,59,41,59,42.5,0,100,144,144,59.7,100,71,49.3,71
Charlie Woerner,42257,TE,SF,17,0,28,54,100,53,36.8,53,49,1,100,144,144,53.5,100,65,45.1,65
Deshaun Watson,11767,QB,CLV,6,0,8,60,89.7,78,54.2,87,60,0,85.7,144,168,60,93.3,56,38.9,60
Sammy Watkins,8639,WR,BLT,11,0,3,59.4,100,61,43.3,61,65.6,0,100,141,141,72.4,100,75,53.2,75
Russell Gage,44771,WR,TB,13,0,30,72.7,100,88,62.9,88,62.6,0,100,140,140,70.6,100,43,30.7,43
Isaiah McKenzie,11927,WR,BUF,15,0,4,52.5,98.7,76,54.7,77,52,0,93.3,139,149,56.9,100,40,28.8,40
Greg Dortch,42237,WR,ARZ,13,1,1,54.6,92.6,50,36,54,30.8,1,95.2,139,146,61.2,100,69,49.6,69
Nick Gates,29476,G,NYG,10,1,21,52,100,69,50,69,59,2,100,138,138,63.4,100,55,39.9,55
Damiere Byrd,9964,WR,ATL,14,0,2,58.8,100,27,19.6,27,59.6,0,100,138,138,60.2,100,105,76.1,105
Grant Calcaterra,60997,TE,PHI,14,0,24,53.2,100,56,40.9,56,63,1,100,137,137,72.8,100,47,34.3,47
Joshua Ezeudu,77355,G,NYG,8,0,21,62.2,100,76,55.5,76,53.1,0,100,137,137,44.4,100,52,38,52
Nico Collins,61441,WR,HST,10,0,13,70.7,100,60,44.1,60,63.1,0,100,136,136,59.7,100,67,49.3,67
Dillon Radunz,30551,G,TEN,9,1,31,56.3,100,53,39.6,53,39.7,1,100,134,134,35.7,100,73,54.5,73
Mitch Trubisky,11757,QB,PIT,7,0,25,60,97.5,39,29.1,40,60.2,0,89.9,134,149,60.3,96.1,73,54.5,76
Josiah Deguara,47034,TE,GB,17,0,12,54.7,100,34,25.6,34,48.2,0,100,133,133,52.3,100,79,59.4,79
P.J. Walker,12134,QB,CAR,6,0,5,60.3,100,60,45.5,60,60.2,0,97.1,132,136,60,98.6,68,51.5,69
Colby Gossett,46673,G,ATL,7,0,2,47.3,100,24,18.2,24,59.6,0,100,132,132,66.5,100,103,78,103
David Sills V,34579,WR,NYG,8,1,21,61.7,100,66,51.2,66,46.3,2,100,129,129,60.8,100,50,38.8,50
Skyy Moore,97116,WR,KC,16,0,16,57.1,100,50,38.8,50,65.2,0,97.7,129,132,61.7,100,73,56.6,73
Andrew Beck,47121,FB,DEN,13,0,10,44.3,100,47,36.4,47,50.8,1,98.5,129,131,61.6,100,63,48.8,63
Brian Allen,46104,C,LA,7,0,26,60.8,100,41,31.8,41,66.1,0,100,129,129,65.3,100,71,55,71
Ben Bartch,84236,G,JAX,5,0,15,53.1,100,44,34.6,44,58.6,0,100,127,127,62.9,100,67,52.8,67
Gunner Olszewski,95015,WR,PIT,15,0,25,49.3,100,25,19.8,25,64,0,94,126,134,63.9,100,78,61.9,78
Trevon Wesco,42018,TE,CHI,14,0,6,70.6,100,56,44.4,56,68.5,0,100,126,126,64.1,100,52,41.3,52
Devin Asiasi,40294,TE,CIN,12,0,7,49.4,100,54,43.2,54,53.8,1,100,125,125,58.4,100,39,31.2,39
Greg Van Roten,7746,G,BUF,9,0,4,62,100,63,50.4,63,58.6,0,100,125,125,60.1,100,40,32,40
Kendrick Bourne,12270,WR,NE,15,1,19,54.3,100,58,46.4,58,29.8,2,95.4,125,131,59.5,100,45,36,45
Treylon Burks,99218,WR,TEN,11,0,31,90,100,53,42.7,53,75.8,2,96.9,124,128,57.3,98.4,63,50.8,64
Khalil Shakir,84140,WR,BUF,14,0,4,62.7,100,58,47.2,58,37.9,0,100,123,123,59.5,100,34,27.6,34
Lucas Patrick,11435,G,CHI,7,0,6,63.5,100,46,37.4,46,62.5,0,100,123,123,60.8,100,67,54.5,67
Byron Pringle,42345,WR,CHI,11,0,6,56.8,100,49,39.8,49,55.8,2,100,123,123,67.3,100,62,50.4,62
Saahdiq Charles,59820,G,WAS,6,0,32,53.2,100,44,36.1,44,51.3,0,100,122,122,52.1,100,65,53.3,65
Desmond Ridder,55086,QB,ATL,4,0,2,60.2,94.7,18,14.8,19,60.2,0,96.1,122,127,60,99,103,84.4,104
Corey Levin,11972,C,TEN,8,0,31,70.2,100,49,40.2,49,64.6,0,100,122,122,60.9,100,62,50.8,62
Hayden Hurst,47294,TE,CIN,13,0,7,58.2,100,61,50.4,61,57.7,0,100,121,121,59.6,100,40,33.1,40
Brandon Powell,48036,WR,LA,16,0,26,49.6,85.3,58,48.3,68,49.6,0,87,120,138,54.2,95,57,47.5,60
Pat Elflein,11825,C,CAR,6,0,5,47.3,100,55,46.2,55,57.3,0,100,119,119,60.7,100,55,46.2,55
James Hudson III,59854,T,CLV,10,1,8,68.9,100,60,50.4,60,77,1,100,119,119,82.1,100,35,29.4,35
Garett Bolles,11775,T,DEN,5,0,10,69.2,100,44,37.3,44,76.9,0,100,118,118,75.5,100,61,51.7,61
Khari Blasingame,44889,FB,CHI,16,0,6,67.6,100,38,32.2,38,63.7,0,100,118,118,61.7,100,67,56.8,67
Isaiah Likely,83955,TE,BLT,16,0,3,61.9,100,68,58.1,68,78.4,1,100,117,117,85.7,100,33,28.2,33
KhaDarel Hodge,26104,WR,ATL,17,0,2,57,100,29,25,29,68.3,0,100,116,116,71.3,100,86,74.1,86
Josh Wells,8968,T,TB,10,0,30,51.2,100,69,60,69,66.7,1,100,115,115,80.1,100,33,28.7,33
Cody Hollister,12052,WR,TEN,11,0,31,59.8,100,44,38.3,44,59.7,2,100,115,115,60.3,100,58,50.4,58
Tutu Atwell,77965,WR,LA,12,0,26,57.8,100,53,46.9,53,64.5,0,92.6,113,122,60.1,100,54,47.8,54
Steven Sims,48341,WR,PIT,12,0,25,52.1,100,13,11.5,13,53.2,0,89.7,113,126,55.9,100,85,75.2,85
Nick Allegretti,39268,G,KC,13,0,16,50.3,100,34,30.4,34,60.9,0,100,112,112,62.6,100,63,56.3,63
Marcus Johnson,11074,WR,NYG,12,0,21,67.5,100,48,42.9,48,62,0,100,112,112,59.1,100,52,46.4,52
Bobby Evans,36800,G,LA,8,0,26,50.9,100,35,31.5,35,45.4,0,100,111,111,45.6,100,56,50.5,56
Quintin Morris,61182,TE,BUF,14,0,4,42.9,100,51,45.9,51,43.8,1,100,111,111,48.4,100,32,28.8,32
Tyron Smith,6161,T,DAL,4,0,9,51.8,100,49,44.5,49,49.6,0,100,110,110,46.5,100,50,45.5,50
Troy Hairston,65088,FB,HST,16,0,13,57.3,100,39,35.5,39,51.7,0,100,110,110,50.1,100,57,51.8,57
Randall Cobb,6216,WR,GB,13,0,12,67.8,100,31,28.2,31,45.4,0,100,110,110,75.1,100,72,65.5,72
Cedric Ogbuehi,9454,T,NYJ,6,1,22,40.3,100,44,40,44,41.8,1,100,110,110,48.9,100,56,50.9,56
Keelan Cole Sr.,51593,WR,LV,14,0,23,50.8,100,54,49.5,54,32.6,1,100,109,109,69.4,100,30,27.5,30
Danny Pinter,47339,G,IND,13,0,14,55.3,100,36,33,36,47,1,100,109,109,45.7,100,64,58.7,64
Tyler Davis,47743,TE,GB,17,0,12,57.4,100,33,30.6,33,62.7,0,100,108,108,72.4,100,56,51.9,56
Max Mitchell,81707,T,NYJ,6,0,22,48.9,100,33,30.6,33,52.7,0,100,108,108,60.3,100,59,54.6,59
Malik Willis,60341,QB,TEN,8,0,31,60.5,89.1,41,38,46,60.6,0,85,108,127,60,87.7,64,59.3,73
Jelani Woods,60509,TE,IND,15,0,14,44.2,100,39,36.1,39,50.3,0,100,108,108,58.9,100,60,55.6,60
Cody Ford,39805,G,ARZ,8,0,1,34.1,100,49,45.4,49,39,0,100,108,108,52.3,100,45,41.7,45
Landon Young,41761,T,NO,10,0,20,52.1,100,52,49.1,52,43.8,0,100,106,106,48.3,100,41,38.7,41
Laviska Shenault Jr.,61220,WR,CAR,13,0,5,79.2,96.8,61,58.1,63,78.6,0,96.3,105,109,59.2,97.6,41,39,42
James Ferentz,9258,C,NE,8,0,19,46.4,100,47,45.6,47,43.8,1,100,103,103,50.5,100,36,35,36
Brevin Jordan,77887,TE,HST,11,0,13,50.2,100,53,51.5,53,44.3,0,100,103,103,44.9,100,42,40.8,42
Denzel Mims,47800,WR,NYJ,10,0,22,61.7,100,35,34.3,35,67.7,0,100,102,102,73.1,100,55,53.9,55
Miles Boykin,48209,WR,PIT,13,0,25,67.4,100,32,31.4,32,73.8,1,100,102,102,70.7,100,48,47.1,48
Ray-Ray McCloud III,47895,WR,SF,17,1,28,53.5,94.6,35,34.3,37,46.9,1,96.2,102,106,58.4,98.3,58,56.9,59
Marcus Cannon,6290,T,NE,5,0,19,75.9,100,46,45.5,46,66.2,0,100,101,101,60.7,100,35,34.7,35
Rodney Hudson,6207,C,ARZ,4,0,1,52.2,100,42,41.6,42,52.6,2,100,101,101,44.3,100,43,42.6,43
Rashid Shaheed,63707,WR,NO,12,0,20,57.3,100,38,37.6,38,57.6,0,96.2,101,105,58.1,100,53,52.5,53
Jason Peters,2148,T,DAL,12,0,9,49,100,44,44,44,71.8,0,100,100,100,81.7,100,47,47,47
Marquise Goodwin,7859,WR,SEA,13,0,29,57.6,100,26,26,26,59.1,1,98,100,102,59.9,100,52,52,52
Nick Vannett,10728,TE,NYG,8,1,21,45.4,100,49,49,49,43.3,1,100,100,100,52.4,100,41,41,41
Joe Noteboom,46249,T,LA,6,0,26,56.2,100,41,41,41,71.8,2,100,100,100,68.2,100,52,52,52
Sean McKeon,42266,TE,DAL,13,0,9,43.9,100,34,34.3,34,46.4,0,100,99,99,52.1,100,51,51.5,51
Walker Little,52287,T,JAX,10,0,15,66.8,100,45,45.5,45,64.5,0,100,99,99,59.7,100,37,37.4,37
Kenny Golladay,11851,WR,NYG,9,0,21,48.8,100,39,39.4,39,53.3,0,100,99,99,88.8,100,49,49.5,49
Logan Stenberg,37181,G,DET,4,0,11,63.9,100,53,54.1,53,57.2,1,100,98,98,52,100,35,35.7,35
Maxx Williams,9488,TE,ARZ,11,0,1,57.6,100,51,52,51,63.1,1,100,98,98,80.6,100,37,37.8,37
Cameron Brate,9207,TE,TB,11,0,30,58,100,49,50,49,51.1,0,100,98,98,57.5,100,24,24.5,24
Braxton Berrios,47961,WR,NYJ,15,0,22,54.8,100,33,33.7,33,48.2,0,91.6,98,107,58.3,100,55,56.1,55
Tyler Huntley,46448,QB,BLT,6,0,3,60,79.5,70,72.2,88,60.3,0,77,97,126,60,92,23,23.7,25
Hakeem Adeniji,45419,T,CIN,13,0,7,56.5,100,50,51.5,50,56.6,2,100,97,97,55,100,34,35.1,34
Ashton Dulin,91479,WR,IND,12,0,14,66.6,100,33,34.4,33,72.7,0,98,96,98,79.8,100,51,53.1,51
Chandler Brewer,13976,G,LA,4,0,26,52.4,100,49,51.6,49,54.2,0,100,95,95,57.9,100,37,38.9,37
Cedrick Wilson Jr.,48170,WR,MIA,15,0,17,84.3,100,36,37.9,36,68,0,100,95,95,54.3,100,54,56.8,54
Ryan Griffin,7982,TE,CHI,12,0,6,65.2,100,42,44.2,42,60.1,1,100,95,95,56.5,100,45,47.4,45
Amari Rodgers,61212,WR,HST,13,0,13,64,97.6,41,43.6,42,54.8,0,97.9,94,96,61.6,100,44,46.8,44
Jordan Roos,12266,G,TEN,3,0,31,45,100,39,41.5,39,61,0,100,94,94,70.8,100,47,50,47
Kevin Rader,30887,TE,TEN,14,0,31,64.9,100,27,29,27,61.5,0,100,93,93,58.7,100,51,54.8,51
Blake Brandel,46282,T,MIN,6,0,18,57.4,100,20,21.5,20,61.2,0,100,93,93,62.8,100,58,62.4,58
James Mitchell,77885,TE,DET,14,0,11,50.5,100,38,41.3,38,42.8,0,100,92,92,50.6,100,43,46.7,43
Dan Arnold,51842,TE,JAX,14,0,15,57.1,100,31,33.7,31,54.9,0,100,92,92,58.2,100,46,50,46
C.J. Ham,11347,FB,MIN,16,0,18,43.1,100,19,20.9,19,43.6,0,95.8,91,95,53.5,100,57,62.6,57
Bobby Hart,9659,G,BUF,14,0,4,50,100,52,57.1,52,54.5,0,100,91,91,69.3,100,19,20.9,19
Trevor Penning,59963,T,NO,6,0,20,77,100,54,59.3,54,80.2,0,100,91,91,77.8,100,29,31.9,29
Lawrence Cager,34914,TE,NYG,7,0,21,63.1,100,31,34.4,31,62,1,100,90,90,63.6,100,47,52.2,47
Justin Pugh,7800,G,ARZ,5,0,1,58.6,100,41,45.6,41,62.4,0,100,90,90,55.3,100,35,38.9,35
Tom Kennedy,94379,WR,DET,7,0,11,45.9,100,44,49.4,44,32.9,1,100,89,89,54.9,100,39,43.8,39
Armani Rogers,40034,TE,WAS,10,0,32,43.9,100,41,46.1,41,52.9,1,97.8,89,91,62.2,100,36,40.4,36
Jaylon Moore,43678,T,SF,9,0,28,61.7,100,31,34.8,31,68.4,0,100,89,89,62.7,100,41,46.1,41
Bailey Zappe,60396,QB,NE,4,0,19,60,100,50,56.2,50,60,0,90.8,89,98,60,96.8,30,33.7,31
Mike White,46453,QB,NYJ,4,0,22,60,100,33,37.5,33,60,0,94.6,88,93,60,100,50,56.8,50
Reggie Gilliam,40951,FB,BUF,15,0,4,63.4,100,30,34.1,30,52.5,1,100,88,88,44.4,100,31,35.2,31
Wan'Dale Robinson,101735,WR,NYG,6,0,21,64,97.6,40,46,41,71.3,0,97.8,87,89,62.4,100,44,50.6,44
N'Keal Harry,48297,WR,CHI,7,0,6,60.8,100,34,39.1,34,51.3,0,100,87,87,72.7,100,48,55.2,48
Shane Zylstra,143786,TE,DET,13,0,11,51.7,100,32,37.2,32,74.9,0,100,86,86,90.3,100,37,43,37
Giovanni Ricci,13756,TE,CAR,14,0,5,70.7,100,40,47.1,40,60.5,0,100,85,85,48.1,100,38,44.7,38
Connor Heyward,57301,TE,PIT,14,0,25,44.5,100,19,22.9,19,55.5,0,97.6,83,85,65.7,100,42,50.6,42
Trenton Irwin,48080,WR,CIN,9,0,7,57.6,100,48,57.8,48,30.9,0,98.8,83,84,61.1,100,25,30.1,25
Dennis Kelly,7146,T,IND,4,0,14,61.9,100,36,43.4,36,64.2,0,100,83,83,55,100,36,43.4,36
Mike Gesicki,47153,TE,MIA,16,0,17,59.3,100,21,25.3,21,42.8,0,100,83,83,51.2,100,41,49.4,41
Julio Jones,6158,WR,TB,10,0,30,87.6,100,49,59.8,49,69.1,0,94.3,82,87,61.7,100,28,34.1,28
Miles Sanders,40555,HB,PHI,17,0,24,62.3,12.8,17,20.7,133,57.5,0,23.5,82,349,58.9,13.1,22,26.8,168
Breshad Perriman,9459,WR,TB,10,0,30,65,100,52,63.4,52,40.3,1,97.6,82,84,62.9,100,26,31.7,26
Sam Ehlinger,60555,QB,IND,4,0,14,60,93.1,27,32.9,29,60.3,0,92.1,82,89,60.3,93.9,46,56.1,49
Lil'Jordan Humphrey,42247,WR,NE,5,0,19,72.1,100,49,59.8,49,80.5,0,100,82,82,86.6,100,31,37.8,31
Tim Jones,61669,WR,JAX,14,0,15,76.2,100,46,56.8,46,57.4,0,100,81,81,76.3,100,25,30.9,25
Sean Harlow,11891,C,ARZ,6,0,1,59.4,100,35,43.2,35,48.8,0,100,81,81,43.9,100,31,38.3,31
Will Clapp,39386,C,LAC,9,0,27,57,100,33,40.7,33,42.3,0,100,81,81,50,100,38,46.9,38
Matt Hennessy,41141,G,ATL,3,1,2,68,100,12,14.8,12,82.6,1,100,81,81,81.1,100,65,80.2,65
Jordan Akins,47050,TE,HST,15,0,13,61.1,100,36,45,36,51.6,0,100,80,80,72.9,100,32,40,32
Joe Flacco,4332,QB,NYJ,5,0,22,60,100,27,33.8,27,60,0,97.6,80,82,60,100,44,55,44
Darren Waller,9637,TE,LV,9,0,23,46.2,100,41,51.3,41,49.3,0,100,80,80,52.3,100,25,31.3,25
Jarvis Landry,8698,WR,NO,9,0,20,66.1,100,26,32.5,26,63.4,0,100,80,80,64.8,100,48,60,48
Adam Prentice,35639,FB,NO,11,0,20,60.6,97.7,42,52.5,43,52.8,0,95.2,80,84,46.4,96.8,30,37.5,31
Keith Kirkwood,48017,WR,NO,5,0,20,78.6,100,31,38.8,31,90.5,0,100,80,80,83.1,100,43,53.8,43
Brandon Walton,41533,T,TB,5,0,30,60.7,100,47,58.8,47,57.2,0,100,80,80,46.7,100,23,28.8,23
David Montgomery,45719,HB,CHI,16,0,6,52.4,21.6,22,27.5,102,59.8,0,27.8,80,288,66.9,15.4,23,28.8,149
Mecole Hardman Jr.,42683,WR,KC,8,0,16,59.8,100,28,35.4,28,60.4,0,94,79,84,60.9,98,49,62,50
Yodny Cajuste,46297,T,NE,6,0,19,60.2,100,34,43,34,72.4,0,100,79,79,67.4,100,30,38,30
Brycen Hopkins,47338,TE,LA,12,0,26,55.3,100,30,38.5,30,62.7,0,100,78,78,57.8,100,38,48.7,38
Dyami Brown,77986,WR,WAS,13,0,32,39.2,100,32,41,32,37.7,0,98.7,78,79,57.4,100,38,48.7,38
Charlie Heck,36501,T,HST,11,0,13,35.8,100,40,51.3,40,42.8,0,100,78,78,61.5,100,33,42.3,33
David Edwards,35941,G,LA,4,0,26,72.8,100,34,43.6,34,75.6,0,100,78,78,72.6,100,40,51.3,40
Matt Farniok,41585,G,DAL,7,0,9,36.8,100,35,46.1,35,41.7,1,100,76,76,57.5,100,33,43.4,33
Velus Jones Jr.,40573,WR,CHI,11,0,6,59.1,97.2,35,46.7,36,66.7,0,89.3,75,84,60.8,100,33,44,33
Irv Smith Jr.,42060,TE,MIN,8,0,18,54.8,100,30,40.5,30,56.1,0,100,74,74,54.1,100,36,48.6,36
Taysom Hill,12112,TE,NO,16,0,20,62.8,20,19,25.7,95,60.6,0,43,74,172,63.7,74.1,40,54.1,54
Skylar Thompson,60417,QB,MIA,6,0,17,60.2,96.2,25,33.8,26,60.3,0,89.2,74,83,60,97.7,43,58.1,44
River Cracraft,47417,WR,MIA,11,0,17,74,100,20,27,20,75.2,0,100,74,74,72,100,44,59.5,44
Luke Farrell,42353,TE,JAX,16,0,15,61.5,100,39,54.2,39,56.6,0,100,72,72,57.7,100,26,36.1,26
Dareke Young,111900,WR,SEA,11,0,29,56.7,100,21,29.2,21,55,0,100,72,72,55.5,100,45,62.5,45
Brett Rypien,46487,QB,DEN,4,0,10,60,100,25,35.2,25,60,0,93.4,71,76,60,100,43,60.6,43
Mike Thomas,10840,WR,CIN,9,0,7,73.7,100,40,56.3,40,68.7,0,100,71,71,59.2,100,21,29.6,21
Saquon Barkley,45791,HB,NYG,16,0,21,56.7,6.7,12,16.9,178,56.7,0,19.2,71,370,61,20.5,32,45.1,156
Stephen Anderson,11160,TE,ARZ,15,0,1,47.7,100,45,63.4,45,55.5,0,100,71,71,68.3,100,17,23.9,17
Tanner Hudson,66924,TE,NYG,9,0,21,43.4,100,31,44.3,31,60.9,0,100,70,70,53.3,100,23,32.9,23
Jody Fortson,94384,TE,KC,13,0,16,75.5,100,9,12.9,9,73.9,1,100,70,70,58.8,100,48,68.6,48
Chris Conley,9509,WR,TEN,9,0,31,51.1,100,30,43.5,30,54.6,0,100,69,69,59.6,100,32,46.4,32
Hunter Renfrow,47509,WR,LV,10,0,23,71.3,100,41,59.4,41,62,0,100,69,69,58.1,100,18,26.1,18
John Simpson,41715,G,LV,3,1,23,53.5,100,38,55.9,38,58.3,1,100,68,68,47.5,100,14,20.6,14
Daniel Faalele,81734,T,BLT,4,0,3,42.4,100,40,58.8,40,47.9,0,100,68,68,37.6,100,14,20.6,14
Michael Dunn,39676,T,CLV,7,0,8,56.9,100,48,71.6,48,61.5,0,100,67,67,82.6,100,12,17.9,12
J.P. Holtz,11062,TE,NO,6,0,20,27.2,100,41,61.2,41,29.7,1,100,67,67,47.3,100,20,29.9,20
Brandon Johnson,40666,WR,DEN,7,0,10,49.3,100,24,36.4,24,55.6,0,100,66,66,46.3,100,37,56.1,37
Najee Harris,57121,HB,PIT,17,0,25,52.9,5.6,5,7.6,89,47.5,1,19.4,66,341,60,1.6,3,4.5,187
Jeff Smith,48055,WR,NYJ,11,0,22,48.9,100,29,43.9,29,48.9,0,100,66,66,53.1,100,24,36.4,24
Lecitus Smith,61069,G,ARZ,5,0,1,55.6,100,30,46.2,30,46.6,1,100,65,65,47.4,100,23,35.4,23
Foster Sarell,52272,T,LAC,6,0,27,51.1,100,26,40.6,26,37,0,100,64,64,45.3,100,29,45.3,29
D'Wayne Eskridge,29573,WR,SEA,9,1,29,64.8,100,16,25,16,48.7,2,97,64,66,66.4,100,40,62.5,40
Jason Cabinda,50714,FB,DET,8,0,11,57.8,100,19,30.2,19,58.3,0,98.4,63,64,55.4,100,28,44.4,28
Austin Schlottmann,30097,C,MIN,4,0,18,52.6,100,13,20.6,13,55.3,0,100,63,63,58.1,100,42,66.7,42
Donald Parham Jr.,91014,TE,LAC,6,0,27,57.2,100,33,52.4,33,63.3,1,100,63,63,71.4,100,22,34.9,22
Zander Horvath,57384,FB,LAC,12,0,27,68.4,100,25,39.7,25,60.1,0,94,63,67,45.3,100,11,17.5,11
Rashod Bateman,84296,WR,BLT,6,0,3,57.4,100,44,71,44,58.9,0,100,62,62,61.1,100,10,16.1,10
Kayode Awosika,44909,G,DET,3,0,11,55.1,100,31,50,31,52.6,0,100,62,62,48.6,100,24,38.7,24
Rashawn Slater,59971,T,LAC,3,0,27,64.6,100,15,24.2,15,88,0,100,62,62,92.1,100,36,58.1,36
Cameron Erving,9452,T,CAR,9,0,5,58.7,100,48,77.4,48,58.3,0,100,62,62,58.7,100,12,19.4,12
Stone Forsythe,41795,T,SEA,4,0,29,43.8,100,12,19.7,12,45.1,0,100,61,61,49.2,100,42,68.9,42
Stanley Morgan,48110,WR,CIN,14,0,7,89,100,32,53.3,32,89.6,0,100,60,60,58.8,100,14,23.3,14
Alvin Kamara,11822,HB,NO,15,0,20,60,24.5,25,42.4,102,62.4,0,20.7,59,285,61.9,7.5,11,18.6,147
Gardner Minshew,41401,QB,PHI,5,0,24,60,100,27,45.8,27,60,0,92.2,59,64,60,96.8,30,50.8,31
Hunter Long,60859,TE,MIA,9,0,17,62.9,100,24,40.7,24,58.6,0,100,59,59,56.3,100,26,44.1,26
Laquon Treadwell,10657,WR,SEA,6,0,29,48.8,100,13,22,13,63.8,0,100,59,59,71.2,100,38,64.4,38
Rashaad Coward,12168,G,ARZ,3,1,1,31.5,100,32,54.2,32,37.7,1,100,59,59,54.6,100,18,30.5,18
Colt McCoy,5609,QB,ARZ,4,0,1,60,100,30,50.8,30,60,0,90.8,59,65,60,89.3,25,42.4,28
Jeremiah Kolone,46167,C,LA,3,0,26,54.2,100,20,34.5,20,46.7,0,100,58,58,46.2,100,27,46.6,27
KJ Hamler,61590,WR,DEN,7,0,10,60,100,11,19,11,74,1,96.7,58,60,55,100,44,75.9,44
Quinn Bailey,46669,G,DEN,4,0,10,45.5,100,16,27.6,16,54.9,0,100,58,58,56.6,100,30,51.7,30
Scott Miller,47481,WR,TB,12,0,30,76.4,100,28,48.3,28,68.3,0,98.3,58,59,58.3,100,16,27.6,16
Trent Taylor,11932,WR,CIN,13,0,7,56.8,100,24,42.1,24,66.8,0,93.4,57,61,77.1,100,17,29.8,17
Jameis Winston,9434,QB,NO,3,0,20,61.3,100,22,38.6,22,62.1,0,96.6,57,59,60.6,100,35,61.4,35
Sterling Shepard,10674,WR,NYG,3,0,21,80.5,100,33,57.9,33,52.2,0,100,57,57,59.1,100,19,33.3,19
Danny Gray,121926,WR,SF,12,0,28,51.3,100,22,39.3,22,65.3,0,98.2,56,57,74.1,100,25,44.6,25
Joshua Dobbs,11890,QB,TEN,2,0,31,60,91.7,22,39.3,24,60,0,91.8,56,61,60,96.9,31,55.4,32
Olisaemeka Udoh,28394,T,MIN,7,0,18,68.3,100,21,38.2,21,71.8,0,100,55,55,71.4,100,28,50.9,28
Devin Singletary,40485,HB,BUF,16,0,4,51.4,9.1,11,20,121,59,0,23.4,55,235,57.5,11.3,8,14.5,71
Michael Bandy,91824,WR,LAC,9,0,27,55.3,100,16,29.6,16,56.1,0,100,54,54,57.7,100,28,51.9,28
Kevin White,9440,WR,NO,6,0,20,55.4,100,19,35.8,19,66.3,0,100,53,53,58.5,100,27,50.9,27
Nick Boyle,9604,TE,BLT,9,0,3,69.3,100,40,75.5,40,64.3,0,100,53,53,45.9,100,5,9.4,5
Mike Strachan,143358,WR,IND,11,0,14,62,100,16,30.2,16,69.8,0,100,53,53,58.3,100,31,58.5,31
Tony Pollard,27126,HB,DAL,16,0,9,59.1,12.1,13,25,107,58.6,0,20.6,52,252,58.7,6.9,7,13.5,102
Richard Rodgers,8733,TE,LAC,9,1,27,42,100,21,40.4,21,42.7,1,100,52,52,56,100,27,51.9,27
Chris Reed,9830,C,MIN,2,0,18,79.8,100,17,33.3,17,56.9,0,100,51,51,47.3,100,28,54.9,28
Derek Watt,10832,FB,PIT,17,0,25,38.5,90.9,10,19.6,11,51.4,0,85,51,60,58.3,100,21,41.2,21
James Proche II,48037,WR,BLT,11,0,3,60.5,100,25,49,25,33.5,2,100,51,51,56.3,100,22,43.1,22
Christian McCaffrey,11763,HB,SF,17,0,28,66.7,9.8,10,20,102,59.3,0,16.6,50,302,59.3,7.6,13,26,170
Matt Breida,12271,HB,NYG,17,0,21,56.2,31.4,11,22,35,50.3,0,48.1,50,104,80,46.3,19,38,41
Michael Woods II,84117,WR,CLV,7,0,8,53.8,100,29,58,29,52.3,0,100,50,50,55.1,100,16,32,16
Nick Martin,10684,C,WAS,3,0,32,61,100,14,28,14,55.4,1,100,50,50,58,100,32,64,32
Teddy Bridgewater,8667,QB,MIA,3,0,17,60,100,19,38.8,19,60,0,100,49,49,60,100,27,55.1,27
Le'Raven Clark,10716,T,TEN,4,0,31,47.4,100,17,34.7,17,52.1,0,100,49,49,58.8,100,29,59.2,29
Sua Opeta,45110,G,PHI,5,0,24,46.4,100,13,26.5,13,40.8,1,100,49,49,42.5,100,26,53.1,26
Jeff Driskel,10841,QB,HST,7,0,13,60.3,72.4,21,43.8,29,60.9,0,71.6,48,67,60.3,76.5,26,54.2,34
Michael Burton,9601,FB,KC,15,0,16,47.6,100,13,27.1,13,71.7,0,90.6,48,53,83.1,100,19,39.6,19
Kadarius Toney,61245,WR,KC,9,0,16,56.3,100,15,31.3,15,50.1,1,88.9,48,54,67.6,100,31,64.6,31
Demetric Felton Jr.,40568,WR,CLV,5,0,8,44.2,100,21,43.8,21,49.1,0,98,48,49,61.7,100,26,54.2,26
Jack Anderson,60130,G,NYG,6,0,21,73.1,100,19,39.6,19,55.2,0,100,48,48,56.1,100,21,43.8,21
Freddie Swain,26448,WR,DEN,4,0,10,53.4,100,14,29.8,14,57.1,0,100,47,47,61.7,100,29,61.7,29
Dax Milne,84147,WR,WAS,9,0,32,58.5,100,27,58.7,27,53.9,0,100,46,46,54.7,100,14,30.4,14
Ross Dwelley,20994,TE,SF,10,0,28,66.9,100,15,32.6,15,52.8,0,100,46,46,47.9,100,17,37,17
Jalen Tolbert,61637,WR,DAL,7,0,9,51.7,100,17,37.8,17,53.1,1,100,45,45,57.1,100,26,57.8,26
Jarrett Stidham,13725,QB,LV,4,0,23,60,100,26,57.8,26,60,0,93.8,45,48,60,92.9,13,28.9,14
Michael Carter,57337,HB,NYJ,16,0,22,64.6,21.1,12,26.7,57,59.4,0,27.4,45,164,57.3,13.6,11,24.4,81
Matt Nelson,48584,T,DET,9,0,11,42.8,100,34,75.6,34,47.9,0,100,45,45,64.8,100,10,22.2,10
James Conner,11860,HB,ARZ,13,0,1,75.8,10.6,11,25,104,54.9,0,19,44,232,59.6,13.1,13,29.5,99
Chase Roullier,11954,C,WAS,2,0,32,57.4,100,7,15.9,7,52.6,0,100,44,44,52.2,100,30,68.2,30
Stephen Sullivan,40411,TE,CAR,12,0,5,68.5,100,19,44.2,19,60.7,0,100,43,43,47.4,100,16,37.2,16
John Wolford,46454,QB,LA,3,0,26,60,93.3,14,32.6,15,60,0,93.5,43,46,60,96,24,55.8,25
Justin McCray,9234,G,HST,7,0,13,50,100,24,55.8,24,55.4,1,100,43,43,61.2,100,14,32.6,14
Dan Feeney,11826,G,NYJ,4,1,22,38.4,100,19,45.2,19,56.5,1,100,42,42,76.8,100,19,45.2,19
Tommy Sweeney,47216,TE,BUF,5,0,4,59,100,17,40.5,17,61.1,0,100,42,42,63.3,100,14,33.3,14
Antonio Gibson,78050,HB,WAS,15,0,32,57.7,12.1,7,16.7,58,57.2,0,21.6,42,194,58.9,7.7,8,19,104
Kenyan Drake,10707,HB,BLT,12,0,3,48.6,28.6,32,76.2,112,41.5,0,26.9,42,156,59.8,8.6,3,7.1,35
Trace McSorley,32819,QB,ARZ,6,0,1,61.4,94.1,16,38.1,17,61.4,0,80.8,42,52,60.3,91.7,22,52.4,24
Anthony Brown,40316,QB,BLT,2,0,3,60,100,22,52.4,22,60,0,93.3,42,45,60,100,17,40.5,17
Anthony Firkser,51837,TE,ATL,10,0,2,66.2,100,14,34.1,14,53.3,0,100,41,41,62.3,100,22,53.7,22
Aaron Jones,11937,HB,GB,17,0,12,60.6,7.7,6,14.6,78,60.2,0,15.8,41,259,58.9,14.9,25,61,168
Jeff Wilson Jr.,29413,HB,MIA,16,0,17,56.7,12.3,10,24.4,81,45.3,0,18.4,41,223,57.5,10.1,12,29.3,119
Nikola Kalinic,156095,TE,IND,7,0,14,56.3,100,16,40,16,58.5,0,100,40,40,55.7,100,18,45,18
Justice Hill,45865,HB,BLT,14,0,3,44.8,55.1,27,67.5,49,55.4,0,44.9,40,89,60,11.1,2,5,18
Matt Peart,46179,T,NYG,5,0,21,53.7,100,12,30.8,12,64.7,0,100,39,39,72.8,100,21,53.8,21
Chris Paul,77579,G,WAS,1,0,32,49.1,100,12,31.6,12,55,0,100,38,38,60.3,100,23,60.5,23
Bryan Edwards,28486,WR,ATL,7,0,2,54.6,100,13,34.2,13,53.4,0,100,38,38,56.1,100,23,60.5,23
Andre Baccellia,47901,WR,ARZ,7,0,1,59.9,100,8,21.1,8,44.9,0,100,38,38,61.4,100,20,52.6,20
Joe Mixon,11803,HB,CIN,14,0,7,60,1.6,2,5.3,124,56.5,0,15.2,38,250,60,1.2,1,2.6,84
Samaje Perine,11869,HB,CIN,16,0,7,,0,0,0,61,57.7,0,27.5,38,138,60,5.4,2,5.3,37
Albert Okwuegbunam,41933,TE,DEN,6,0,10,57.3,100,10,27,10,75.2,0,100,37,37,63.3,100,22,59.5,22
Anthony Schwartz,84135,WR,CLV,9,0,8,54.9,100,16,43.2,16,55.9,0,90.2,37,41,59.2,100,19,51.4,19
Jake Kumerow,9883,WR,BUF,6,0,4,46.8,100,21,56.8,21,50,0,100,37,37,59,100,12,32.4,12
Nyheim Hines,48103,HB,BUF,15,0,4,53.8,76.2,16,43.2,21,56,0,60.7,37,61,60,58.6,17,45.9,29
David Blough,46508,QB,ARZ,2,0,1,61.3,100,16,43.2,16,61.4,0,94.9,37,39,60,100,20,54.1,20
Tyler Allgeier,83639,HB,ATL,16,0,2,48.8,20.4,10,27,49,51.9,0,14.7,37,251,59,5.9,11,29.7,185
Jameson Williams,101701,WR,DET,6,0,11,61.2,100,12,32.4,12,68.5,0,97.4,37,38,69.7,100,21,56.8,21
Kyle Rudolph,6195,TE,TB,9,0,30,56.4,100,19,52.8,19,44.6,0,100,36,36,60.4,100,10,27.8,10
Sam Howell,97599,QB,WAS,1,0,32,60,100,12,33.3,12,60,0,94.7,36,38,60,95.7,22,61.1,23
Colton McKivitz,29314,T,SF,6,0,28,46.8,100,16,44.4,16,57.2,0,100,36,36,69,100,13,36.1,13
Michael Jordan,28021,G,CAR,2,0,5,38.5,100,15,42.9,15,38.4,0,100,35,35,46.3,100,16,45.7,16
Luke Wattenberg,41024,G,DEN,4,0,10,63.6,100,13,37.1,13,40.1,0,100,35,35,42.4,100,16,45.7,16
Travis Etienne Jr.,57185,HB,JAX,17,0,15,58.1,4.3,5,14.3,115,56.2,0,13.3,35,263,59.5,7.6,9,25.7,118
Tory Carter,57063,FB,TEN,6,0,31,35.1,100,15,42.9,15,56.3,0,100,35,35,73.7,100,20,57.1,20
Ben Cleveland,41696,G,BLT,2,0,3,56.1,100,14,40,14,62.8,0,100,35,35,67.4,100,18,51.4,18
Cade Mays,81995,G,CAR,6,0,5,58.3,100,16,45.7,16,64,0,100,35,35,67.7,100,17,48.6,17
Rhamondre Stevenson,98689,HB,NE,17,0,19,60,1.8,2,5.9,112,49,0,13.5,34,251,60,1.2,1,2.9,86
Lewis Kidd,59892,G,NO,9,0,20,48,100,20,58.8,20,41,0,100,34,34,41,100,11,32.4,11
AJ Dillon,57165,HB,GB,17,0,12,56.7,8.9,7,20.6,79,70,0,15.3,34,222,45.7,11.7,15,44.1,128
Kenneth Gainwell,77737,HB,PHI,17,0,24,59.7,17.4,4,11.8,23,53.5,0,37.8,34,90,60,10,4,11.8,40
Jamal Agnew,11920,WR,JAX,15,0,15,59.1,86.7,13,38.2,15,61.2,0,73.9,34,46,62.6,100,20,58.8,20
KaVontae Turpin,47658,WR,DAL,14,0,9,58.9,100,7,21.2,7,60.8,0,91.7,33,36,58.9,92.9,13,39.4,14
AJ Arcuri,44757,T,LA,3,0,26,59.1,100,12,36.4,12,54.8,0,100,33,33,53.3,100,16,48.5,16
Ihmir Smith-Marsette,61324,WR,KC,7,0,16,53,100,7,21.2,7,90.9,0,97.1,33,34,92.7,100,17,51.5,17
Trey Lance,91399,QB,SF,2,0,28,60,77.3,17,51.5,22,60,0,73.3,33,45,60,100,14,42.4,14
Devery Hamilton,40636,T,NYG,5,0,21,50.7,100,19,59.4,19,51.8,0,100,32,32,58.7,100,9,28.1,9
James Cook,83666,HB,BUF,15,0,4,63,18.9,10,31.3,53,52.2,0,26.2,32,122,60,7.1,3,9.4,42
Trystan Colon,41117,G,BLT,2,0,3,68.5,100,19,59.4,19,68,0,100,32,32,54.4,100,7,21.9,7
Kyle Allen,26152,QB,HST,2,0,13,60,100,16,50,16,60,0,88.9,32,36,60,92.3,12,37.5,13
Kareem Hunt,11841,HB,CLV,17,0,8,56.1,6.4,5,16.1,78,51.6,0,19.7,31,157,57.5,12,6,19.4,50
Prince Tega Wanogho,44820,T,KC,5,0,16,69.2,100,8,25.8,8,68.8,0,100,31,31,72.9,100,12,38.7,12
Bryce Perkins,35299,QB,LA,4,0,26,60,68.8,11,35.5,16,60,0,72.1,31,43,60,90.9,20,64.5,22
Frank Darby,40988,WR,ATL,5,0,2,60.5,100,4,12.9,4,71.9,0,100,31,31,72.5,100,23,74.2,23
Jaylen Warren,98692,HB,PIT,15,0,25,42.6,13,3,9.7,23,66.5,0,28.4,31,109,58.6,11.1,6,19.4,54
Deven Thompkins,84480,WR,TB,4,0,30,60.9,100,21,70,21,61.1,0,93.8,30,32,61.3,100,8,26.7,8
Jeremy Ruckert,84029,TE,NYJ,5,0,22,92.1,100,12,40,12,78,0,100,30,30,57.2,100,11,36.7,11
Cam Akers,57206,HB,LA,15,0,26,57.5,8.3,9,30,109,58.1,0,13.7,30,219,59,6.3,6,20,95
Tylan Wallace,61577,WR,BLT,8,0,3,59.8,100,12,40,12,73.4,0,100,30,30,59.4,100,10,33.3,10
Chuma Edoga,46232,G,ATL,1,0,2,67.7,100,7,24.1,7,84.9,0,100,29,29,85.3,100,17,58.6,17
DeSean Jackson,4363,WR,BLT,7,0,3,61.1,100,22,75.9,22,60.6,0,100,29,29,59.5,100,7,24.1,7
Tyrie Cleveland,42134,WR,DEN,4,0,10,59.5,100,13,44.8,13,55.4,0,100,29,29,54.6,100,11,37.9,11
Gus Edwards,46027,HB,BLT,9,0,3,49.7,18.2,14,48.3,77,59.2,0,25,29,116,60,12,3,10.3,25
Nick Foles,7089,QB,IND,3,0,14,60,100,8,27.6,8,60,0,96.7,29,30,60,100,20,69,20
Jalen Virgil,41991,WR,DEN,8,0,10,58.8,100,10,34.5,10,60.4,0,100,29,29,61.4,100,16,55.2,16
Avery Williams,42873,HB,ATL,14,0,2,58.4,50,5,17.2,10,58.4,0,56.9,29,51,59,56.8,21,72.4,37
Trevor Siemian,9683,QB,CHI,2,0,6,60,100,11,39.3,11,60.5,0,90.3,28,31,60,100,13,46.4,13
Chris Hubbard,8051,T,CLV,4,0,8,53.2,100,17,60.7,17,53.4,0,100,28,28,58,100,7,25,7
Nick Chubb,45783,HB,CLV,17,0,8,57.1,4.1,7,25,169,55.7,0,8.3,28,336,59.8,2.3,3,10.7,131
Jalen Nailor,84292,WR,MIN,4,0,18,63.3,100,15,53.6,15,57.1,0,100,28,28,55.3,100,10,35.7,10
Ezekiel Elliott,10638,HB,DAL,15,0,9,71.4,4.8,5,17.9,105,77.6,0,10.6,28,265,68.4,2.3,3,10.7,128
Lester Cotton,46085,G,LV,2,0,23,56.4,100,19,70.4,19,43.8,0,100,27,27,44.3,100,4,14.8,4
Eno Benjamin,57136,HB,NO,12,0,20,52.3,25.9,14,51.9,54,51,0,25.5,27,106,59.5,8.8,3,11.1,34
Kenneth Walker III,97199,HB,SEA,15,0,29,57.3,9.7,7,25.9,72,33.7,0,10.5,27,258,42.9,3.8,6,22.2,157
Justin Britt,8699,C,HST,1,0,13,50.2,100,17,63,17,48.5,0,100,27,27,53.4,100,8,29.6,8
Jerick McKinnon,8731,HB,KC,16,0,16,57,15.8,3,11.1,19,57.3,0,27,27,100,59.9,5.1,3,11.1,59
Quintez Cephus,29614,WR,DET,4,0,11,82.8,100,14,51.9,14,81.9,0,100,27,27,53.6,100,8,29.6,8
Feleipe Franks,40217,QB,ATL,7,0,2,61.2,85.7,6,22.2,7,63.8,1,96.4,27,28,64.4,100,19,70.4,19
Michael Thomas,10681,WR,NO,3,0,20,60.9,100,10,37,10,40.7,0,100,27,27,59.7,100,15,55.6,15
Jimmy Morrissey,41626,G,HST,2,0,13,57.3,100,11,40.7,11,50.5,0,100,27,27,48.7,100,14,51.9,14
Cordarrelle Patterson,7810,HB,ATL,13,0,2,50,34,16,61.5,47,51,0,14.7,26,177,60.4,4.8,6,23.1,126
Andre Dillard,29250,G,PHI,5,0,24,58.8,100,15,57.7,15,63.1,0,100,26,26,66.5,100,8,30.8,8
Dalvin Cook,11796,HB,MIN,17,0,18,,0,0,0,75,67.9,1,8.9,26,293,60,0.5,1,3.8,183
Brian Robinson,57120,HB,WAS,12,0,32,59.6,2.9,3,11.5,104,45.2,0,10.9,26,239,58.9,4.5,5,19.2,111
Austin Jackson,60816,T,MIA,2,0,17,44.9,100,10,38.5,10,57.5,0,100,26,26,69.4,100,14,53.8,14
Cam Jurgens,84014,C,PHI,6,0,24,66.4,100,13,50,13,57.2,0,100,26,26,52.5,100,8,30.8,8
Khalil Herbert,41668,HB,CHI,13,0,6,57.2,8.2,5,20,61,55.2,0,16,25,156,57.9,14,12,48,86
Josh Ball,40733,T,DAL,6,0,9,90,100,13,52,13,86.2,0,100,25,25,67.7,100,9,36,9
Lance McCutcheon,61478,WR,LA,4,0,26,61,100,10,40,10,59.6,0,100,25,25,58.4,100,14,56,14
Samori Toure,25276,WR,GB,9,0,12,56.7,100,8,32,8,57.6,0,100,25,25,59.3,100,14,56,14
Nick Mullens,12282,QB,MIN,3,0,18,60,100,13,52,13,60,0,92.6,25,27,60,100,11,44,11
Rachaad White,131633,HB,TB,16,0,30,67.8,2.1,2,8,95,68.6,0,15.9,25,157,59.3,5.3,2,8,38
Hroniss Grasu,9504,G,LV,1,0,23,46.6,100,15,62.5,15,59.4,1,100,24,24,76.4,100,8,33.3,8
JaMycal Hasty,25582,HB,JAX,15,0,15,56,28.6,10,41.7,35,54.5,0,34.8,24,69,59.7,9.1,2,8.3,22
Ben Ellefson,27766,TE,MIN,4,0,18,44.3,100,7,29.2,7,58.9,0,100,24,24,73.4,100,14,58.3,14
Stone Smartt,60492,TE,LAC,7,0,27,44.8,100,6,25,6,40.9,0,100,24,24,50.1,100,15,62.5,15
Max Scharping,46961,G,CIN,3,0,7,70.5,100,11,45.8,11,72.7,0,100,24,24,68.2,100,6,25,6
Derrick Henry,10679,HB,TEN,16,0,31,65.2,4.4,7,29.2,159,79.7,0,6.3,24,383,66.7,3.3,7,29.2,211
Taylor Lewan,8646,T,TEN,1,0,31,55.3,100,11,45.8,11,64.5,0,100,24,24,60.2,100,11,45.8,11
Trent Scott,24481,T,PIT,6,0,25,68,100,15,65.2,15,65.5,0,100,23,23,59.1,100,8,34.8,8
Jesper Horsted,91465,TE,LV,7,0,23,66.7,100,12,52.2,12,63.2,0,100,23,23,58.9,100,2,8.7,2
Storm Norton,12188,T,LAC,8,0,27,50,100,10,43.5,10,51.3,0,100,23,23,67.6,100,9,39.1,9
Jalen Reagor,61697,WR,MIN,10,0,18,58.7,100,9,39.1,9,59.5,0,85.2,23,27,61.1,100,12,52.2,12
Latavius Murray,7962,HB,DEN,13,0,10,59.7,4.4,3,13,68,55,0,11.5,23,200,57.2,6,7,30.4,117
Raheem Mostert,9783,HB,MIA,16,0,17,,0,0,0,66,39.2,0,10.8,23,213,60,0.8,1,4.3,119
Dameon Pierce,83659,HB,HST,13,1,13,56.4,3.6,4,17.4,112,46.2,1,9.3,23,246,60.2,6,7,30.4,117
James Robinson,22425,HB,NYJ,11,0,22,56.2,11.3,6,26.1,53,46.4,0,16.7,23,138,60,4.4,3,13,68
Jordan Mason,62946,HB,SF,9,0,28,58.8,20,4,17.4,20,59,0,34.3,23,67,59.9,6.9,2,8.7,29
Andy Isabella,47448,WR,BLT,5,0,3,56.1,90,9,39.1,10,40.1,0,95.8,23,24,85.7,100,11,47.8,11
Mike Remmers,7431,T,NYJ,2,0,22,46.9,100,10,45.5,10,50.4,0,100,22,22,58.2,100,11,50,11
Chase Edmonds,45851,HB,DEN,13,0,10,,0,0,0,21,68.5,0,24.2,22,91,59.1,19.6,11,50,56
Jake Curhan,38549,G,SEA,3,0,29,47.5,100,9,40.9,9,46.6,0,100,22,22,52.4,100,11,50,11
Josh Jacobs,45953,HB,LV,17,0,23,60,0.5,1,4.5,210,67.3,0,5.9,22,374,60,1,1,4.5,99
Boston Scott,39462,HB,PHI,14,0,24,60,14.8,4,18.2,27,55,0,28.6,22,77,60,14.3,5,22.7,35
Trestan Ebner,57159,HB,CHI,13,0,6,59.5,21.4,3,13.6,14,60.1,0,47.8,22,46,59.3,43.5,10,45.5,23
Kirk Merritt,35096,WR,NO,3,0,20,58.8,100,13,61.9,13,55.5,0,100,21,21,54.6,100,7,33.3,7
Dieter Eiselen,109304,G,CHI,3,0,6,55.6,100,7,33.3,7,50.5,0,100,21,21,51.1,100,13,61.9,13
Austin Ekeler,12164,HB,LAC,17,0,27,60,1.1,1,4.8,87,59.4,0,9.1,21,230,60.4,5.9,7,33.3,119
Mason Schreck,12007,TE,HST,3,0,13,51.6,100,9,42.9,9,60,0,100,21,21,59.3,100,11,52.4,11
Dontrell Hilliard,45691,HB,TEN,11,0,31,60,11.1,1,4.8,9,59.1,0,48.8,21,43,59.9,33.3,5,23.8,15
T.Y. Hilton,7092,WR,DAL,3,0,9,60.4,100,12,57.1,12,59.6,0,100,21,21,60.1,100,7,33.3,7
Kenny Yeboah,42196,TE,NYJ,7,0,22,56.7,100,7,35,7,56,0,100,20,20,57.6,100,6,30,6
Austin Trammell,52195,WR,LA,6,0,26,58.5,100,11,55,11,58.3,0,100,20,20,59.9,100,6,30,6
Matt Sokol,47123,TE,NE,3,0,19,55.8,100,8,40,8,50.6,0,100,20,20,50.6,100,7,35,7
Jake Hanson,28148,G,GB,2,0,12,56.7,100,6,31.6,6,61,0,100,19,19,63.3,100,9,47.4,9
Kyle Fuller,11998,C,SEA,2,0,29,62.5,100,9,47.4,9,56.9,0,100,19,19,55.4,100,5,26.3,5
Laurent Duvernay-Tardif,8834,G,NYJ,2,0,22,46.1,100,6,31.6,6,50.1,0,100,19,19,57.7,100,13,68.4,13
Kyle Hinton,83163,G,MIN,1,0,18,66.1,100,9,47.4,9,65.5,0,100,19,19,62.6,100,7,36.8,7
Jonathan Taylor,57488,HB,IND,11,0,14,60,1.3,1,5.3,76,58.3,0,8.8,19,215,59.7,2.5,3,15.8,119
Jamison Crowder,9538,WR,BUF,4,0,4,56.1,100,12,63.2,12,37.3,0,100,19,19,60.4,100,5,26.3,5
Josh Johnson,4474,QB,SF,2,0,28,60,100,10,55.6,10,60,0,90,18,20,60,100,7,38.9,7
Drew Sample,47259,TE,CIN,2,0,7,58.2,100,6,33.3,6,54,0,100,18,18,54.3,100,11,61.1,11
Blake Hance,46301,G,JAX,5,0,15,45,100,8,44.4,8,45.8,0,100,18,18,56.8,100,3,16.7,3
Leonard Fournette,11759,HB,TB,15,0,30,59.1,1.5,2,11.1,131,46.8,0,8.4,18,214,60,1.6,1,5.6,64
Blake Bell,9550,TE,KC,3,0,16,60,100,4,22.2,4,57.4,0,100,18,18,67.3,100,11,61.1,11
Montrell Washington,64310,WR,DEN,8,0,10,54,85.7,6,33.3,7,57,0,78.3,18,23,61.3,92.3,12,66.7,13
Cade Johnson,42109,WR,SEA,3,0,29,60,100,4,22.2,4,59.8,0,100,18,18,60.2,100,10,55.6,10
Vederian Lowe,59741,T,MIN,1,0,18,55.5,100,8,44.4,8,44.1,0,100,18,18,42.4,100,7,38.9,7
Kendall Lamm,10017,T,MIA,1,0,17,52.2,100,9,52.9,9,56.5,0,100,17,17,65.5,100,7,41.2,7
Dwayne Washington,10870,HB,NO,9,0,20,51.2,80,12,70.6,15,62.4,0,60.7,17,28,60,11.1,1,5.9,9
Chuba Hubbard,57373,HB,CAR,13,0,5,60,2.2,1,5.9,46,49.3,0,15.2,17,112,60,11.1,6,35.3,54
Tyree Jackson,46481,TE,PHI,5,0,24,66.7,100,5,31.3,5,47.2,0,100,16,16,60.3,100,3,18.8,3
John Molchon,46921,G,TB,1,0,30,54.1,100,13,81.3,13,52.3,0,100,16,16,56.5,100,3,18.8,3
Jason Moore,91472,WR,LAC,5,0,27,60.4,100,4,25,4,58.4,0,100,16,16,57.6,100,9,56.3,9
Jaelon Darden,61522,WR,CLV,6,0,8,55.6,100,5,31.3,5,56,1,94.1,16,17,60.1,100,6,37.5,6
D'Andre Swift,57212,HB,DET,14,0,11,59.4,4.6,3,18.8,65,58.8,0,13.1,16,122,59.9,16.3,7,43.8,43
Nathan Peterman,11926,QB,CHI,1,0,6,60,100,6,37.5,6,60,0,100,16,16,60,100,9,56.3,9
Tyrod Taylor,6332,QB,NYG,3,0,21,60,100,8,53.3,8,60,0,93.8,15,16,60,85.7,6,40,7
Davis Webb,11842,QB,NYG,1,0,21,60,100,2,13.3,2,60,0,78.9,15,19,60,92.3,12,80,13
Darrell Henderson,41193,HB,JAX,10,0,15,60,8.7,2,13.3,23,56.9,0,17,15,88,60,3.8,2,13.3,52
Mark Ingram II,6180,HB,NO,10,0,20,66.7,30,9,60,30,65.4,0,19,15,79,,0,0,0,41
Zonovan Knight,97432,HB,NYJ,7,0,22,60,2.6,1,6.7,38,58.7,0,14.4,15,104,59.8,5.5,3,20,55
Braylon Sanders,61457,WR,MIA,3,0,17,76.8,100,3,20,3,71.5,0,100,15,15,54,100,10,66.7,10
Tyron Johnson,34427,WR,HST,3,0,13,61,100,6,40,6,63.1,0,100,15,15,61.7,100,9,60,9
Chase Daniel,5214,QB,LAC,3,0,27,60,100,6,40,6,60,0,100,15,15,60,100,8,53.3,8
Britain Covey,32933,WR,PHI,4,0,24,61,100,7,46.7,7,62.5,0,100,15,15,60.1,100,4,26.7,4
Matthew Slater,4467,WR,NE,6,0,19,,,0,0,0,60,0,100,15,15,,,0,0,0
Shane Lemieux,28149,G,NYG,1,0,21,57.1,100,5,33.3,5,46.9,0,100,15,15,46,100,8,53.3,8
Keaontay Ingram,77761,HB,ARZ,10,0,1,56.9,37.5,6,42.9,16,47.6,0,34.1,14,41,60,12.5,2,14.3,16
Tyler Johnson,48054,WR,HST,2,0,13,50.4,100,6,42.9,6,34,0,100,14,14,61.8,100,7,50,7
Josh Gordon,7618,WR,TEN,2,0,31,60,100,2,14.3,2,62.2,0,100,14,14,61.8,100,12,85.7,12
Racey McMath,61401,WR,TEN,4,0,31,61.7,88.9,8,57.1,9,61.5,0,93.3,14,15,59.6,100,5,35.7,5
J.K. Dobbins,57366,HB,BLT,8,0,3,57.2,11.7,9,69.2,77,44.5,0,12.3,13,106,,0,0,0,22
DeeJay Dallas,55632,HB,SEA,13,0,29,56.5,35.7,5,38.5,14,78.5,0,27.1,13,48,,0,0,0,22
Justin Jackson,29539,HB,DET,13,0,11,60,16.7,2,15.4,12,58.5,0,22.4,13,58,60,2.9,1,7.7,35
Travis Homer,45859,HB,SEA,8,0,29,59.5,30,3,23.1,10,42.8,0,40.6,13,32,60,10,1,7.7,10
Jalen Camp,40986,WR,HST,2,0,13,57.4,100,8,61.5,8,57,0,100,13,13,58.6,100,5,38.5,5
Rashaad Penny,27414,HB,SEA,5,0,29,57.7,15.8,3,23.1,19,55.9,0,18.1,13,72,,0,0,0,39
Pierre Strong Jr.,66619,HB,NE,6,0,19,60,14.3,1,7.7,7,61.3,0,56.5,13,23,60,40,2,15.4,5
Jake Tonges,60864,TE,CHI,2,0,6,46.2,100,4,30.8,4,56,0,100,13,13,67.4,100,6,46.2,6
Willie Snead IV,8999,WR,SF,4,0,28,60,100,1,7.7,1,77.2,0,100,13,13,78.2,100,10,76.9,10
Justin Herron,46271,T,LV,1,1,23,53.5,100,9,69.2,9,54.3,1,100,13,13,60.1,100,3,23.1,3
Nick Bellore,6515,FB,SEA,8,0,29,60,100,1,8.3,1,45.9,0,92.3,12,13,46.2,83.3,5,41.7,6
Tom Compton,7181,G,DEN,1,0,10,65,100,5,41.7,5,46.9,1,100,12,12,38.8,100,7,58.3,7
J.D. McKissic,11047,HB,WAS,8,0,32,60,20,1,8.3,5,57.6,0,35.3,12,34,56.1,19,4,33.3,21
Ja'Tyre Carter,78432,G,CHI,1,0,6,55.4,100,4,33.3,4,55,0,100,12,12,57.5,100,6,50,6
Breece Hall,97636,HB,NYJ,7,0,22,60,7.9,3,25,38,58.6,0,12.8,12,94,59.4,10.4,5,41.7,48
Kyren Williams,97118,HB,LA,8,0,26,42.9,31.6,6,50,19,42,0,25.5,12,47,60,4.3,1,8.3,23
Nick Zakelj,59693,G,SF,2,0,28,56.9,100,6,50,6,54.5,0,100,12,12,56,100,4,33.3,4
Alex Leatherwood,58468,T,CHI,4,0,6,58.5,100,5,41.7,5,65.7,0,100,12,12,68.5,100,7,58.3,7
Tanner Conner,22777,TE,MIA,6,0,17,68.6,100,2,16.7,2,61.2,0,100,12,12,50.2,100,5,41.7,5
Case Keenum,7323,QB,BUF,2,0,4,60,100,8,66.7,8,60,0,70.6,12,17,60,80,4,33.3,5
Mike Davis,9559,HB,BLT,6,0,3,58,53.8,7,58.3,13,51.7,0,60,12,20,60,33.3,1,8.3,3
Simi Fehoko,84424,WR,DAL,5,0,9,59.9,100,2,16.7,2,54.4,0,100,12,12,54.5,100,8,66.7,8
Joshua Kelley,13750,HB,LAC,12,0,27,60,2.7,1,8.3,37,60,0,14.6,12,82,,0,0,0,33
Kendall Blanton,47311,TE,LA,3,0,26,42.7,100,4,33.3,4,44.9,0,100,12,12,57.9,100,3,25,3
Penny Hart,13534,WR,SEA,4,0,29,59,100,4,36.4,4,58.7,0,100,11,11,60.2,100,5,45.5,5
Zack Moss,40341,HB,IND,13,0,14,,0,0,0,44,60.1,0,10.2,11,108,60,1.9,1,9.1,53
Damien Harris,35134,HB,NE,11,0,19,60,3.4,2,18.2,59,59.8,0,9.4,11,117,,0,0,0,47
David Johnson,9519,HB,NO,5,0,20,78.5,46.2,6,54.5,13,72.8,0,47.8,11,23,60,28.6,2,18.2,7
Hassan Haskins,83701,HB,TEN,9,0,31,59.8,18.2,2,18.2,11,58.8,0,29.7,11,37,60,22.7,5,45.5,22
Elijah Mitchell,57272,HB,SF,5,0,28,43.7,16,4,36.4,25,42.9,0,20,11,55,60,8.3,2,18.2,24
Cole Van Lanen,41583,G,JAX,4,0,15,58.8,100,4,36.4,4,57.5,0,100,11,11,58.7,100,2,18.2,2
Alexander Mattison,45817,HB,MIN,17,0,18,,0,0,0,24,60,0,12.9,11,85,,0,0,0,48
C.J. Beathard,11859,QB,JAX,4,0,15,60,100,6,54.5,6,60,0,73.3,11,15,60,100,3,27.3,3
Chad Henne,4371,QB,KC,3,0,16,60,100,5,45.5,5,60,0,68.8,11,16,60,100,6,54.5,6
Wyatt Davis,59993,G,NYG,3,0,21,58,100,3,27.3,3,57.4,0,100,11,11,59.4,100,4,36.4,4
J.C. Hassenauer,45600,C,PIT,1,0,25,60,100,2,18.2,2,66.2,0,100,11,11,72.4,100,7,63.6,7
Craig Reynolds,94383,HB,DET,7,0,11,,0,0,0,11,60.1,0,32.4,11,34,60,7.7,1,9.1,13
John Brown,8726,WR,BUF,3,0,4,59.8,100,5,45.5,5,59.8,0,100,11,11,59.9,100,6,54.5,6
Jesse James,9593,TE,CLV,2,0,8,47,100,4,40,4,42.5,0,100,10,10,60.2,100,4,40,4
Jalen Guyton,34164,WR,LAC,3,0,27,60,100,1,10,1,85.1,0,100,10,10,77.7,100,8,80,8
Dare Ogunbowale,12329,HB,HST,11,0,13,59.1,7.1,2,20,28,55.1,0,18.5,10,54,59.2,18.2,4,40,22
D'Onta Foreman,11844,HB,CAR,16,1,5,60,0.9,1,10,113,59.1,1,4.5,10,222,60,1,1,10,98
Kyle Philips,84463,WR,TEN,3,0,31,52.3,100,5,50,5,52.5,0,100,10,10,59.7,100,4,40,4
Patrick Taylor,40448,HB,GB,4,0,12,,0,0,0,4,60,0,50,10,20,,0,0,0,6
Jamaal Williams,11889,HB,DET,17,0,11,48.6,1.3,2,20,156,46.4,1,3.6,10,275,,0,0,0,109
Jordan Meredith,60235,G,LV,1,0,23,55.1,100,5,50,5,59.6,0,100,10,10,64.1,100,4,40,4
Royce Freeman,45747,HB,HST,4,0,13,56,13,3,30,23,56.7,0,19.2,10,52,60,12.5,3,30,24
Lynn Bowden Jr.,61361,WR,NE,1,0,19,52.3,100,5,50,5,54,0,100,10,10,60.4,100,3,30,3
Kevin Harris,99141,HB,NE,5,0,19,60,16.7,2,22.2,12,57.7,0,33.3,9,27,,0,0,0,7
Geron Christian,46375,T,MIA,2,0,17,55.4,100,3,33.3,3,42.7,0,100,9,9,44.7,100,3,33.3,3
Josh Ali,61359,WR,ATL,2,0,2,,,0,0,0,57.8,0,100,9,9,57.8,100,9,100,9
Cody White,61448,WR,PIT,1,0,25,60,100,2,22.2,2,86,0,100,9,9,85.6,100,6,66.7,6
Lucas Niang,47004,T,KC,3,0,16,57.2,100,2,22.2,2,50.7,0,100,9,9,53.6,100,3,33.3,3
DJ Turner,47663,WR,LV,6,0,23,59.2,100,7,77.8,7,59.7,0,69.2,9,13,60,100,1,11.1,1
Brandon Allen,10835,QB,CIN,1,0,7,60,100,4,44.4,4,60,0,75,9,12,60,100,3,33.3,3
Tanner Gentry,12170,WR,BUF,2,0,4,60.9,100,5,55.6,5,35.5,0,100,9,9,60,100,1,11.1,1
Brian Hoyer,5277,QB,NE,1,0,19,60,100,3,37.5,3,60,0,100,8,8,60,100,5,62.5,5
Trayveon Williams,45775,HB,CIN,4,0,7,,0,0,0,4,60,0,57.1,8,14,,0,0,0,2
Snoop Conner,99163,HB,JAX,8,0,15,,0,0,0,6,60.2,0,40,8,20,,0,0,0,6
Deonte Harty,91470,WR,NO,4,0,20,60,100,4,50,4,53.9,0,100,8,8,59.3,100,4,50,4
Dezmon Patmon,48329,WR,IND,1,0,14,,,0,0,0,61.9,0,100,8,8,61.9,100,8,100,8
Dakoda Shepley,66937,C,DAL,2,0,9,57.8,100,3,37.5,3,56.8,0,100,8,8,58.5,100,5,62.5,5
Caleb Huntley,57156,HB,ATL,12,0,2,59.3,17.2,5,62.5,29,58.3,0,9.4,8,85,60,3.6,2,25,55
Pharoh Cooper,10751,WR,ARZ,2,0,1,56.1,60,6,75,10,28.7,0,66.7,8,12,60,100,2,25,2
Tommy Doyle,40459,G,BUF,1,0,4,57.5,100,5,62.5,5,56.6,0,100,8,8,58.6,100,3,37.5,3
Dennis Houston,61295,WR,DAL,2,0,9,59.9,100,2,25,2,58,0,100,8,8,58,100,6,75,6
Raheem Blackshear,57385,HB,CAR,8,0,5,60,18.8,3,37.5,16,59.2,0,26.7,8,30,61.1,35.7,5,62.5,14
Charlie Kolar,60917,TE,BLT,2,0,3,59.9,100,2,25,2,86.5,0,100,8,8,90.1,100,5,62.5,5
Scotty Washington,47964,TE,NE,1,0,19,56.5,100,4,50,4,56.5,0,100,8,8,60,100,1,12.5,1
Germain Ifedi,10665,T,ATL,4,0,2,,,0,0,0,45.9,0,100,8,8,45.9,100,8,100,8
Melvin Gordon III,9448,HB,DEN,10,0,10,,0,0,0,31,59.5,1,7.9,8,101,60,3.2,2,25,63
Korey Cunningham,38555,T,NYG,1,0,21,50.2,100,6,85.7,6,50.7,0,100,7,7,60,100,1,14.3,1
Drew Forbes,28671,G,CLV,3,0,8,58,100,4,57.1,4,58.4,0,100,7,7,,,0,0,0
Juwann Winfree,38275,WR,GB,2,0,12,60,100,3,42.9,3,60.3,0,100,7,7,59.4,100,4,57.1,4
Marcus Kemp,12137,WR,KC,2,0,16,60,100,3,42.9,3,60,0,100,7,7,60,100,1,14.3,1
Ty Johnson,45769,HB,NYJ,9,0,22,54.1,25,4,57.1,16,54.4,0,17.5,7,40,60,9.5,2,28.6,21
Miller Forristall,47378,TE,CLV,3,0,8,69.5,100,3,42.9,3,70.6,0,100,7,7,60,100,1,14.3,1
Malcolm Brown,9902,HB,LA,6,0,26,60,14.3,1,14.3,7,60,0,28,7,25,,0,0,0,12
Gary Brightwell,57133,HB,NYG,9,0,21,67.9,23.1,3,42.9,13,77.1,0,18.4,7,38,60,10,2,28.6,20
Deon Jackson,57189,HB,IND,11,0,14,,0,0,0,30,59.4,0,9.3,7,75,59.5,7.9,3,42.9,38
Stanley Berryhill III,61128,WR,DET,4,0,11,,,0,0,0,60.2,0,100,7,7,,,0,0,0
Jared Bernhardt,156149,WR,ATL,2,0,2,59.9,100,1,14.3,1,60.5,0,100,7,7,61,100,6,85.7,6
Daylen Baldwin,64309,WR,CLV,1,0,8,60,100,2,28.6,2,58.5,0,100,7,7,57.1,100,2,28.6,2
Erik Ezukanma,78148,WR,MIA,1,0,17,60,100,1,14.3,1,59.6,0,100,7,7,60.6,100,5,71.4,5
Isiah Pacheco,83747,HB,KC,17,0,16,,0,0,0,58,60.1,0,3.9,7,181,60,0.9,1,14.3,115
Trinity Benson,94356,WR,DET,1,0,11,60,100,3,42.9,3,60,0,100,7,7,60,100,3,42.9,3
Cole Beasley,7330,WR,BUF,3,0,4,60,100,2,33.3,2,61,0,100,6,6,60.5,100,4,66.7,4
Coy Cronk,46235,T,JAX,2,0,15,60,100,2,33.3,2,59.7,0,100,6,6,60,100,1,16.7,1
Blaine Gabbert,6162,QB,TB,1,0,30,60,100,4,66.7,4,60,0,100,6,6,60,100,2,33.3,2
Jacob Hollister,12051,TE,LV,3,0,23,60.3,100,3,50,3,60.1,0,100,6,6,59.5,100,2,33.3,2
D'Ernest Johnson,45734,HB,CLV,2,0,8,,0,0,0,3,60,0,60,6,10,,0,0,0,1
Javonte Williams,77803,HB,DEN,4,0,10,,0,0,0,19,60,0,11.1,6,54,,0,0,0,28
D'Ante Smith,41497,T,CIN,1,0,7,58.9,100,3,50,3,51.8,0,100,6,6,51.1,100,3,50,3
C.J. Board,12088,WR,TEN,1,0,31,60,100,1,16.7,1,60.3,0,100,6,6,60.4,100,5,83.3,5
Trey Hill,81653,C,CIN,1,0,7,57.4,100,2,33.3,2,53,0,100,6,6,,,0,0,0
Clyde Edwards-Helaire,57279,HB,KC,10,0,16,,0,0,0,29,59.8,0,7.6,6,79,60,4.5,2,33.3,44
Ja'Wuan James,8654,T,BLT,1,0,3,47.5,100,6,100,6,47.5,0,100,6,6,,,0,0,0
Tyrion Davis-Price,99169,HB,SF,6,0,28,58.9,23.1,3,50,13,58.8,0,14.6,6,41,,0,0,0,25
Chris Streveler,46440,QB,NYJ,1,0,22,60,25,1,16.7,4,60,0,54.5,6,11,60,71.4,5,83.3,7
Noah Togiai,47282,TE,PHI,2,0,24,55.2,100,1,16.7,1,44.7,0,100,6,6,60.3,100,3,50,3
Sony Michel,27589,HB,LAC,10,0,27,,0,0,0,17,60,0,12.2,5,41,,0,0,0,18
Malik Davis,57196,HB,DAL,7,0,9,60,6.3,1,20,16,60.2,0,11.6,5,43,,0,0,0,20
James Washington,47792,WR,DAL,2,0,9,54.4,100,3,60,3,54.2,0,100,5,5,60,100,2,40,2
Jerome Ford,83601,HB,CLV,2,0,8,,0,0,0,7,60,0,35.7,5,14,,0,0,0,2
Garrett Griffin,11439,TE,DET,1,0,11,57,100,2,40,2,54,0,100,5,5,59.7,100,2,40,2
Rico Dowdle,40693,HB,DAL,2,0,9,,,0,0,0,60,0,100,5,5,,,0,0,0
Isaiah Spiller,99146,HB,LAC,6,0,27,,0,0,0,7,60,0,21.7,5,23,,0,0,0,11
Kaylon Geiger,102929,WR,TB,3,0,30,,,0,0,0,60,0,100,5,5,,,0,0,0
Netane Muti,41339,G,LV,1,0,23,63.7,100,2,40,2,60.7,0,100,5,5,67.9,100,3,60,3
Corey Clement,12253,HB,ARZ,3,0,1,58.1,50,3,60,6,56.5,0,23.8,5,21,,0,0,0,13
Zamir White,83665,HB,LV,11,0,23,,0,0,0,11,60,0,20,5,25,,0,0,0,5
Julian Love,51081,S,NYG,4,0,21,,,0,0,0,61.1,0,100,5,5,,,0,0,0
Binjimen Victor,42198,WR,BLT,1,0,3,60.4,100,4,100,4,60.4,0,100,4,4,,,0,0,0
Myles Gaskin,45914,HB,MIA,2,0,17,60,25,1,25,4,60,0,28.6,4,14,,0,0,0,7
Phillip Lindsay,12660,HB,IND,3,0,14,60,20,2,50,10,60,0,19,4,21,60,10,1,25,10
Luke Tenuta,77367,T,GB,1,0,12,,,0,0,0,72.8,0,100,4,4,72.4,100,3,75,3
Mike Boone,31615,HB,DEN,8,0,10,,0,0,0,9,59.7,0,14.3,4,28,60,12.5,2,50,16
Greg Mancz,10019,C,MIN,1,0,18,60,100,1,25,1,55.9,0,100,4,4,56.8,100,3,75,3
K.C. McDermott,29035,G,HST,2,0,13,60,100,1,25,1,79.1,0,100,4,4,65.6,100,2,50,2
Zack Johnson,18569,T,TEN,1,0,31,60,100,2,50,2,47.1,0,100,4,4,47.8,100,2,50,2
Ryan Neuzil,41123,C,ATL,1,0,2,,,0,0,0,68,0,100,4,4,68,100,4,100,4
Mason Kinsey,115664,WR,TEN,1,0,31,,,0,0,0,60,0,100,4,4,60,100,2,50,2
Xavier Newman,58525,G,TEN,1,0,31,65.2,100,2,50,2,67.4,0,100,4,4,58.9,100,2,50,2
Kyric McGowan,61544,WR,WAS,2,0,32,60.1,100,3,75,3,60.3,0,100,4,4,60,100,1,25,1
Jordan Love,40306,QB,GB,2,0,12,,,0,0,0,60,0,80,4,5,60,100,4,100,4
Kwamie Lassiter II,23226,WR,CIN,1,0,7,60,100,2,50,2,60,0,100,4,4,60,100,1,25,1
Jaret Patterson,77745,HB,WAS,1,0,32,,0,0,0,6,59.9,0,19,4,21,60,8.3,1,25,12
Logan Woodside,46517,QB,ATL,1,0,2,,,0,0,0,60,0,100,4,4,60,100,4,100,4
Johnny Johnson III,61588,WR,HST,1,0,13,60,100,2,50,2,60.5,0,100,4,4,60,100,2,50,2
Marcus Jones,55717,CB,NE,2,0,19,60,100,1,25,1,59.9,0,100,4,4,60,100,1,25,1
Larry Rountree III,57308,HB,LAC,3,0,27,,0,0,0,7,60,0,22.2,4,18,,0,0,0,6
Ronald Jones,34001,HB,KC,5,0,16,,0,0,0,6,60,0,19,4,21,,0,0,0,11
Tyler Mabry,25705,TE,SEA,2,0,29,,,0,0,0,60.5,0,100,3,3,60.5,100,3,100,3
Darrynton Evans,40692,HB,CHI,3,0,6,,0,0,0,5,60,0,17.6,3,17,60,12.5,1,33.3,8
Xavier McKinney,55775,S,NYG,1,0,21,,,0,0,0,60,0,100,3,3,,,0,0,0
Ameer Abdullah,9487,HB,LV,5,0,23,60,25,1,33.3,4,59.9,0,42.9,3,7,,,0,0,0
Casey Kreiter,8959,LS,NYG,3,0,21,,,0,0,0,60,0,100,3,3,,,0,0,0
Anthony McFarland Jr.,57289,HB,PIT,1,0,25,,0,0,0,1,60.2,0,30,3,10,,0,0,0,5
Salvon Ahmed,57472,HB,MIA,5,0,17,,0,0,0,4,60,0,20,3,15,,0,0,0,8
Nsimba Webster,48107,WR,CHI,1,0,6,60,100,1,33.3,1,60.2,0,100,3,3,60,100,2,66.7,2
Darrel Williams,13014,HB,ARZ,5,0,1,60,9.1,1,33.3,11,60,0,12,3,25,,0,0,0,12
Rashard Higgins,10806,WR,CAR,2,0,5,60,100,1,33.3,1,59.8,0,100,3,3,60,100,1,33.3,1
Rex Burkhead,7971,HB,HST,7,0,13,,0,0,0,19,60,0,10,3,30,,0,0,0,8
Aviante Collins,12049,T,DAL,1,0,9,59.3,100,2,66.7,2,59,0,100,3,3,60,100,1,33.3,1
Alex Armah,11948,FB,WAS,2,0,32,59,100,2,66.7,2,59,0,100,3,3,60,100,1,33.3,1
Nate Sudfeld,10821,QB,DET,2,0,11,60,100,2,66.7,2,60,0,37.5,3,8,60,100,1,33.3,1
Damien Williams,9205,HB,ATL,1,0,2,59.9,33.3,1,33.3,3,59.6,0,60,3,5,60,100,1,33.3,1
Tyler Badie,83714,HB,DEN,1,0,10,57.8,100,2,66.7,2,58,0,75,3,4,,0,0,0,1
Benny Snell Jr.,45954,HB,PIT,4,0,25,,0,0,0,5,72,0,13,3,23,,0,0,0,14
Jackson Carman,52575,T,CIN,1,0,7,60.1,100,2,66.7,2,59.9,0,100,3,3,60,100,1,33.3,1
Justin Skule,38951,T,TB,1,0,30,59.4,100,2,66.7,2,58.5,0,100,3,3,59.9,100,1,33.3,1
Ronnie Rivers,57208,HB,LA,3,0,26,,0,0,0,3,60,0,25,3,12,,0,0,0,6
Jack Fox,34735,P,DET,2,0,11,,,0,0,0,60,0,100,2,2,60,100,1,50,1
Luke Gifford,50675,LB,DAL,2,0,9,60,100,1,50,1,59.7,0,100,2,2,,,0,0,0
Carson Tinker,8043,LS,SEA,2,0,29,,,0,0,0,60,0,100,2,2,,,0,0,0
Talanoa Hufanga,83903,S,SF,1,0,28,,,0,0,0,60,0,100,2,2,,,0,0,0
Lucas Krull,83962,TE,NO,1,0,20,60,100,1,50,1,55.5,0,100,2,2,60,100,1,50,1
Carter Coughlin,43498,LB,NYG,2,0,21,,,0,0,0,60.2,0,100,2,2,,,0,0,0
Cam Brown,42516,LB,NYG,2,0,21,,,0,0,0,60.8,0,100,2,2,,,0,0,0
Matt Overton,6979,LS,DAL,2,0,9,,,0,0,0,60,0,100,2,2,,,0,0,0
Dez Fitzpatrick,42349,WR,TEN,1,0,31,60,100,2,100,2,60,1,100,2,2,,,0,0,0
Marlon Mack,11898,HB,DEN,5,0,10,,0,0,0,5,60,0,10.5,2,19,60,7.7,1,50,13
Jared Pinkney,47214,TE,LA,2,0,26,,,0,0,0,60,0,100,2,2,,,0,0,0
Mike Hilton,10898,CB,CIN,1,0,7,,,0,0,0,60,0,100,2,2,,,0,0,0
Antonio Williams,40197,HB,NYG,1,0,21,,,0,0,0,60,0,100,2,2,,,0,0,0
Ike Boettger,46918,G,BUF,1,0,4,60,100,1,50,1,59.9,0,100,2,2,,,0,0,0
Cullen Gillaspia,38844,FB,SEA,2,0,29,,,0,0,0,60,0,100,2,2,,,0,0,0
Jacob Eason,46444,QB,CAR,1,0,5,60,100,1,50,1,60,0,100,2,2,60,100,1,50,1
Josh Jones,11816,S,SEA,2,0,29,,,0,0,0,60,0,100,2,2,,,0,0,0
Anthony Pittman,94372,ED,DET,2,0,11,,,0,0,0,60,0,100,2,2,60,100,1,50,1
Josh Woods,49023,LB,DET,2,0,11,,,0,0,0,60,0,100,2,2,60,100,1,50,1
Christian Jones,9020,ED,SEA,2,0,29,,,0,0,0,60,0,100,2,2,,,0,0,0
Tanner Muse,35997,LB,SEA,2,0,29,,,0,0,0,60,0,100,2,2,,,0,0,0
Tae Crowder,35774,LB,PIT,2,0,25,,,0,0,0,60.8,0,100,2,2,,,0,0,0
Qadree Ollison,45934,HB,DAL,1,0,9,,,0,0,0,60,0,100,2,2,,,0,0,0
Cody Barton,50727,LB,SEA,2,0,29,,,0,0,0,60,0,100,2,2,,,0,0,0
Isaiah Dunn,52129,CB,SEA,2,0,29,,,0,0,0,60,0,100,2,2,,,0,0,0
Devine Ozigbo,45903,HB,DEN,2,0,10,,0,0,0,1,60,0,40,2,5,,0,0,0,2
Joey Blount,62771,S,SEA,2,0,29,,,0,0,0,60,0,100,2,2,,,0,0,0
Chris Board,29456,LB,DET,2,0,11,,,0,0,0,60,0,100,2,2,60,100,1,50,1
Malcolm Rodriguez,60731,LB,DET,2,0,11,,,0,0,0,60,0,100,2,2,60,100,1,50,1
Michael Hoecht,108840,ED,LA,2,0,26,,,0,0,0,58.1,0,100,2,2,60,100,1,50,1
Scott Daly,18793,LS,DET,2,0,11,,,0,0,0,60,0,100,2,2,60,100,1,50,1
Minkah Fitzpatrick,51206,S,PIT,2,0,25,,,0,0,0,60,0,100,2,2,,,0,0,0
Tim Boyle,21956,QB,CHI,1,0,6,,,0,0,0,60,0,50,2,4,60,100,1,50,1
Yasir Durant,59878,T,NO,1,0,20,59.7,100,2,100,2,59.7,0,100,2,2,,,0,0,0
Cameron Johnston,12255,P,HST,1,0,13,,,0,0,0,60,0,100,1,1,,,0,0,0
AJ Cole,36038,P,LV,1,0,23,,,0,0,0,60,0,100,1,1,,,0,0,0
Graham Gano,5443,K,NYG,1,0,21,,,0,0,0,60,0,100,1,1,,,0,0,0
Blake Ferguson,35517,LS,MIA,1,0,17,,,0,0,0,60,0,100,1,1,60,100,1,100,1
Blake Cashman,35413,LB,HST,1,0,13,,,0,0,0,60,0,100,1,1,,,0,0,0
Jacob Harris,34255,WR,LA,1,0,26,,,0,0,0,60,0,100,1,1,,,0,0,0
Thomas Morstead,5088,P,MIA,1,0,17,,,0,0,0,60,0,100,1,1,60,100,1,100,1
JJ Jansen,4712,LS,CAR,1,0,5,,,0,0,0,60,0,100,1,1,,,0,0,0
Maurice Alexander,33465,WR,DET,1,0,11,,,0,0,0,60,0,100,1,1,,,0,0,0
Brandin Echols,98900,CB,NYJ,1,0,22,,,0,0,0,60,0,100,1,1,,,0,0,0
Khalen Saunders,31534,DI,KC,1,0,16,60,100,1,100,1,60,0,100,1,1,,,0,0,0
Jabril Cox,30669,LB,DAL,1,0,9,,,0,0,0,60,0,100,1,1,,,0,0,0
Andrew Van Ginkel,30267,ED,MIA,1,0,17,,,0,0,0,60,0,100,1,1,60,100,1,100,1
Amare Barno,99780,ED,CAR,1,0,5,,,0,0,0,60,0,100,1,1,,,0,0,0
Sam Eguavoen,15301,LB,MIA,1,0,17,,,0,0,0,60,0,100,1,1,60,100,1,100,1
Justin Hardee,18348,CB,NYJ,1,0,22,,,0,0,0,60,0,100,1,1,,,0,0,0
Jarren Williams,101750,CB,DET,1,0,11,,,0,0,0,60,1,100,1,1,60,100,1,100,1
Julius Chestnut,109239,HB,TEN,3,0,31,,0,0,0,3,60,0,10,1,10,,0,0,0,6
Christian Kuntz,20035,LS,PIT,1,0,25,,,0,0,0,60,0,100,1,1,,,0,0,0
Tremon Smith,28196,CB,HST,1,0,13,,,0,0,0,60,0,100,1,1,,,0,0,0
Andy Lee,1906,P,ARZ,1,0,1,,,0,0,0,60,0,100,1,1,60,100,1,100,1
Deane Leonard,124140,CB,LAC,1,0,27,60,100,1,100,1,60,0,100,1,1,,,0,0,0
Christian Matthew,156140,CB,ARZ,1,0,1,,,0,0,0,60,1,100,1,1,60,100,1,100,1
Brenden Jaimes,59909,G,LAC,1,0,27,,,0,0,0,60,1,100,1,1,60,100,1,100,1
Tevin Coleman,9506,HB,SF,2,0,28,,0,0,0,7,60,0,7.1,1,14,,0,0,0,5
Ty Montgomery,9527,HB,NE,1,0,19,,0,0,0,1,60,0,33.3,1,3,,0,0,0,1
J.J. Russell,57958,LB,TB,1,0,30,,,0,0,0,60,0,100,1,1,,,0,0,0
Jake Hummel,57879,LB,LA,1,0,26,,,0,0,0,60,0,100,1,1,,,0,0,0
Isaiah McDuffie,57754,LB,GB,1,0,12,,,0,0,0,60,0,100,1,1,,,0,0,0
K.J. Britt,57727,LB,TB,1,0,30,,,0,0,0,60,0,100,1,1,,,0,0,0
C.J. Goodwin,9243,CB,DAL,1,0,9,,,0,0,0,60,0,100,1,1,,,0,0,0
Chandler Wooten,57726,LB,CAR,1,0,5,,,0,0,0,60,0,100,1,1,,,0,0,0
Trey Sermon,57372,HB,PHI,1,0,24,,,0,0,0,60,0,33.3,1,3,60,33.3,1,100,3
Garret Wallow,60761,LB,HST,1,0,13,,,0,0,0,60,0,100,1,1,,,0,0,0
Micheal Clemons,56872,ED,NYJ,1,0,22,,,0,0,0,60,0,100,1,1,,,0,0,0
D.J. Davidson,56523,DI,NYG,1,0,21,,,0,0,0,60,1,100,1,1,,,0,0,0
Victor Dimukeje,56347,ED,ARZ,1,0,1,,,0,0,0,60,0,100,1,1,60,100,1,100,1
Chris Rumph II,56345,ED,LAC,1,0,27,60,100,1,100,1,60,0,100,1,1,,,0,0,0
Ifeatu Melifonwu,56203,S,DET,1,0,11,,,0,0,0,60,0,100,1,1,60,100,1,100,1
Jason Pinnock,56144,S,NYG,1,1,21,,,0,0,0,60,1,100,1,1,,,0,0,0
Zyon Gilbert,55891,CB,NYG,1,0,21,,,0,0,0,60,0,100,1,1,,,0,0,0
Pat O'Donnell,8826,P,GB,1,0,12,,,0,0,0,60,0,100,1,1,,,0,0,0
Damien Wilson,9560,LB,CAR,1,0,5,,,0,0,0,60,0,100,1,1,,,0,0,0
Ja'Sir Taylor,55426,CB,LAC,1,0,27,60,100,1,100,1,60,0,100,1,1,,,0,0,0
Roger Carter,55200,TE,LA,1,0,26,,,0,0,0,60,0,100,1,1,,,0,0,0
Malcolm Koonce,55015,ED,LV,1,0,23,,,0,0,0,60,0,100,1,1,,,0,0,0
Marcell Harris,51408,LB,NYJ,1,0,22,,,0,0,0,60,0,100,1,1,,,0,0,0
Roderic Teamer,51405,S,LV,1,0,23,,,0,0,0,60,0,100,1,1,,,0,0,0
Joel Iyiegbuniwe,51221,LB,CAR,1,0,5,,,0,0,0,60,0,100,1,1,,,0,0,0
Ben Niemann,51099,LB,ARZ,1,0,1,,,0,0,0,60,0,100,1,1,60,100,1,100,1
Frankie Luvu,51028,LB,CAR,1,0,5,,,0,0,0,60,1,100,1,1,,,0,0,0
Robert Spillane,50918,LB,PIT,1,0,25,,,0,0,0,60,1,100,1,1,,,0,0,0
Austin Calitro,50640,LB,LV,1,0,23,,,0,0,0,60,0,100,1,1,,,0,0,0
Christian Rozeboom,49862,LB,LA,1,0,26,,,0,0,0,60,0,100,1,1,,,0,0,0
Elijah Campbell,49190,S,MIA,1,0,17,,,0,0,0,60,0,100,1,1,60,100,1,100,1
Ezekiel Turner,49167,LB,ARZ,1,0,1,,,0,0,0,60,0,100,1,1,60,100,1,100,1
Godwin Igwebuike,49166,HB,SEA,2,0,29,59.9,100,1,100,1,59.9,0,25,1,4,,0,0,0,3
Jake Gervase,49103,LB,LA,1,0,26,,,0,0,0,60,0,100,1,1,,,0,0,0
Nick Scott,49012,S,LA,1,0,26,,,0,0,0,60,0,100,1,1,,,0,0,0
Oshane Ximines,48538,ED,NYG,1,0,21,,,0,0,0,60,0,100,1,1,,,0,0,0
Anthony Nelson,48405,ED,TB,1,0,30,,,0,0,0,60,0,100,1,1,,,0,0,0
Neville Hewitt,9836,LB,HST,1,0,13,,,0,0,0,60,0,100,1,1,,,0,0,0
Brett Maher,8585,K,DAL,1,1,9,,,0,0,0,60,1,100,1,1,,,0,0,0
Jack Coco,62966,LS,GB,1,0,12,,,0,0,0,60,0,100,1,1,,,0,0,0
Pressley Harvin III,62973,P,PIT,1,0,25,,,0,0,0,60,0,100,1,1,,,0,0,0
James Winchester,8580,LS,KC,1,0,16,,,0,0,0,60,0,100,1,1,,,0,0,0
Tariq Carpenter,62987,S,GB,1,0,12,,,0,0,0,60,0,100,1,1,,,0,0,0
Malik Turner,48078,WR,SF,1,0,28,,,0,0,0,60,0,100,1,1,60,100,1,100,1
Chris Evans,27303,HB,CIN,1,0,7,,,0,0,0,60,0,100,1,1,,,0,0,0
Eric Murray,10740,S,HST,1,0,13,,,0,0,0,60,0,100,1,1,,,0,0,0
Miles Killebrew,10745,LB,PIT,1,0,25,,,0,0,0,60,0,100,1,1,,,0,0,0
Jonathan Williams,10790,HB,WAS,7,0,32,,0,0,0,16,60,0,2.6,1,38,,0,0,0,20
Zyon McCollum,66769,CB,TB,1,0,30,,,0,0,0,60,0,100,1,1,,,0,0,0
Dennis Gardeck,66928,ED,ARZ,1,0,1,,,0,0,0,60,0,100,1,1,60,100,1,100,1
Cethan Carter,47149,TE,MIA,1,0,17,,,0,0,0,60,0,100,1,1,,,0,0,0
Justin Murray,11022,T,BUF,1,0,4,63.6,100,1,100,1,63.6,0,100,1,1,,,0,0,0
Fred Johnson,46951,T,TB,1,0,30,63.1,100,1,100,1,63.1,0,100,1,1,,,0,0,0
Antonio Hamilton Sr.,11353,CB,ARZ,1,0,1,,,0,0,0,60,0,100,1,1,60,100,1,100,1
Zach Triner,11518,LS,TB,1,0,30,,,0,0,0,60,0,100,1,1,,,0,0,0
Duke Riley,11830,LB,MIA,1,0,17,,,0,0,0,60,0,100,1,1,60,100,1,100,1
Josh Harris,7748,LS,LAC,1,0,27,60,100,1,100,1,60,0,100,1,1,,,0,0,0
Cameron Sutton,11850,CB,PIT,1,0,25,,,0,0,0,60,0,100,1,1,,,0,0,0
Trent Sieg,27036,LS,LV,1,0,23,,,0,0,0,60,0,100,1,1,,,0,0,0
Ernest Jones,81399,LB,LA,1,0,26,,,0,0,0,60,1,100,1,1,,,0,0,0
Justin Bethel,7654,CB,MIA,1,0,17,,,0,0,0,60,0,100,1,1,60,100,1,100,1
Jake Funk,45835,HB,IND,1,0,14,,,0,0,0,60,0,100,1,1,,,0,0,0
Brandon Bolden,7469,HB,LV,6,0,23,,0,0,0,9,60,1,5.9,1,17,,0,0,0,5
Terrell Burgess,45255,S,NYG,1,0,21,,,0,0,0,60,0,100,1,1,,,0,0,0
Luke Masterson,45046,LB,LV,1,0,23,,,0,0,0,60,0,100,1,1,,,0,0,0
Aaron Brewer,7301,LS,ARZ,1,0,1,,,0,0,0,60,0,100,1,1,60,100,1,100,1
Johnny Hekker,7252,P,CAR,1,0,5,,,0,0,0,60,0,100,1,1,,,0,0,0
Quay Walker,82547,LB,GB,1,0,12,,,0,0,0,60,1,100,1,1,,,0,0,0
Jake Camarda,82636,P,TB,1,0,30,,,0,0,0,60,0,100,1,1,,,0,0,0
Jerry Jacobs,83025,CB,DET,1,0,11,,,0,0,0,60,0,100,1,1,,,0,0,0
Kelvin Joseph,83051,CB,DAL,1,0,9,,,0,0,0,60,0,100,1,1,,,0,0,0
Jalen Reeves-Maybin,11879,LB,HST,1,0,13,,,0,0,0,60,0,100,1,1,,,0,0,0
Jamien Sherwood,83175,LB,NYJ,1,0,22,,,0,0,0,60,0,100,1,1,,,0,0,0
Braden Mann,44664,P,NYJ,1,0,22,,,0,0,0,60,0,100,1,1,,,0,0,0
Innis Gaines,44443,CB,GB,1,0,12,,,0,0,0,60,0,100,1,1,,,0,0,0
Jamir Jones,44287,ED,PIT,1,0,25,,,0,0,0,60,0,100,1,1,,,0,0,0
Zach Thomas,43641,G,LA,1,0,26,,,0,0,0,60,0,100,1,1,,,0,0,0
Sam Franklin Jr.,43580,S,CAR,1,0,5,,,0,0,0,60,0,100,1,1,,,0,0,0
Grayland Arnold,43528,S,HST,1,0,13,,,0,0,0,60,0,100,1,1,,,0,0,0
Nick Niemann,43500,LB,LAC,1,0,27,60,100,1,100,1,60,0,100,1,1,,,0,0,0
Chauncey Golston,42718,DI,DAL,1,0,9,,,0,0,0,60,0,100,1,1,,,0,0,0
Tomon Fox,42486,ED,NYG,1,0,21,,,0,0,0,60,0,100,1,1,,,0,0,0
Amen Ogbongbemiga,42449,LB,LAC,1,0,27,60,100,1,100,1,60,0,100,1,1,,,0,0,0
Tanner Vallejo,11950,LB,ARZ,1,0,1,,,0,0,0,60,0,100,1,1,60,100,1,100,1
Tremayne Anchrum Jr.,41813,G,LA,1,0,26,,,0,0,0,60,0,100,1,1,60,100,1,100,1
Harrison Butker,11988,K,KC,1,0,16,,,0,0,0,60,0,100,1,1,,,0,0,0
Patrick O'Connor,12005,DI,TB,1,0,30,,,0,0,0,60,0,100,1,1,,,0,0,0
Cornell Powell,40689,WR,KC,1,0,16,,,0,0,0,60,0,100,1,1,,,0,0,0
Thomas Hennessy,12124,LS,NYJ,1,0,22,,,0,0,0,60,0,100,1,1,,,0,0,0
Jon Weeks,5800,LS,HST,1,0,13,,,0,0,0,60,0,100,1,1,,,0,0,0
Matt Waletzko,87430,T,DAL,1,0,9,60,100,1,100,1,60,0,100,1,1,,,0,0,0
Justin Layne,40160,CB,CHI,1,0,6,,,0,0,0,60,0,100,1,1,,,0,0,0
Chase Allen,39988,TE,CHI,1,0,6,,,0,0,0,60,0,100,1,1,60,100,1,100,1
Kyle Trask,39987,QB,TB,1,0,30,60,100,1,100,1,60,0,100,1,1,,,0,0,0
Preston Williams,38855,WR,CAR,1,0,5,,,0,0,0,60,0,100,1,1,,,0,0,0
JK Scott,38809,P,LAC,1,0,27,60,100,1,100,1,60,0,100,1,1,,,0,0,0
Eric Wilson,38587,LB,GB,1,0,12,,,0,0,0,60,0,100,1,1,,,0,0,0
Jordan Wilkins,26618,HB,IND,4,0,14,,0,0,0,7,60,0,7.1,1,14,,0,0,0,6
Matt Orzech,94369,LS,LA,1,0,26,,,0,0,0,60,0,100,1,1,,,0,0,0
Troy Reeder,38268,LB,LAC,1,0,27,60,100,1,100,1,60,0,100,1,1,,,0,0,0
Derrek Tuszka,37724,ED,LAC,1,0,27,60,100,1,100,1,60,0,100,1,1,,,0,0,0
