player,player_id,position,team_name,player_game_count,attempts,avoided_tackles,breakaway_attempts,breakaway_percent,breakaway_yards,declined_penalties,designed_yards,drops,elu_recv_mtf,elu_rush_mtf,elu_yco,elusive_rating,explosive,first_downs,franchise_id,fumbles,gap_attempts,grades_hands_fumble,grades_offense,grades_offense_penalty,grades_pass,grades_pass_block,grades_pass_route,grades_run,grades_run_block,longest,penalties,rec_yards,receptions,routes,run_plays,scramble_yards,scrambles,targets,total_touches,touchdowns,yards,yards_after_contact,yco_attempt,ypa,yprr,zone_attempts
Derrick Henry,10679,HB,TEN,17,280,57,16,33,385,0,1167,2,3,57,930,64.7,23,63,31,0,119,91.4,90.1,85.3,72.2,79.1,70.7,86.8,58,69,0,214,28,175,317,0,0,31,308,12,1167,930,3.32,4.2,1.22,160
Rachaad White,131633,HB,TB,17,272,39,6,13.8,137,0,990,2,22,39,688,45.9,21,47,30,3,113,67.7,67.6,47.8,,65.1,67.3,66.7,59.6,38,2,549,64,451,309,0,0,70,336,6,990,688,2.53,3.6,1.22,150
Christian McCaffrey,11763,HB,SF,16,272,60,20,36.4,531,1,1459,1,5,60,929,65.5,44,83,28,3,87,68.3,90.6,69,,24.6,87.1,90.6,34.9,72,2,564,67,417,328,0,0,79,339,14,1459,929,3.42,5.4,1.35,174
Travis Etienne Jr.,57185,HB,JAX,17,267,64,10,25.9,261,0,1008,5,24,64,766,77.7,22,53,15,0,158,91.3,77,70.1,,52.2,69.3,78.4,77,62,1,476,58,404,307,0,0,67,325,11,1008,766,2.87,3.8,1.18,101
Joe Mixon,11803,HB,CIN,17,257,31,8,16.2,168,1,1034,4,17,31,646,39,27,59,7,0,149,91.3,71.1,39.2,,29.7,68.8,73.8,59.9,44,2,376,52,373,289,0,0,62,309,9,1034,646,2.51,4,1.01,104
Najee Harris,57121,HB,PIT,17,255,52,14,26.9,278,0,1035,2,10,52,780,66.8,24,50,25,2,100,62.7,78.1,87.6,,58.3,60.1,78.7,56.7,25,0,170,29,201,303,0,0,34,284,8,1035,780,3.06,4.1,0.85,142
Tony Pollard,27126,HB,DAL,17,252,46,11,22.8,229,0,1005,3,5,46,735,48.5,21,56,9,3,118,64.8,76.6,90.4,,68.6,50.2,83.9,62.8,31,0,311,55,401,299,0,0,66,307,6,1005,735,2.92,4,0.78,125
Saquon Barkley,45791,HB,NYG,14,247,31,12,31.7,305,0,962,5,6,31,719,37.4,26,51,21,2,93,74.1,70.2,65.5,,76.6,60.6,70.6,56.4,36,1,280,41,306,295,0,0,58,288,6,962,719,2.91,3.9,0.92,148
Chuba Hubbard,57373,HB,CAR,17,238,41,9,18.8,170,0,902,0,8,41,682,50.7,21,59,5,1,101,87.7,77.2,89.1,,61.6,62.1,79.4,45,22,0,233,39,295,257,0,0,44,277,5,902,682,2.87,3.8,0.79,136
James Cook,83666,HB,BUF,17,237,37,10,21.6,242,0,1122,6,12,37,653,48,33,53,4,4,141,50.2,71.8,90.4,,23.8,53.5,79.3,56.5,42,0,446,44,308,269,0,0,53,281,2,1122,653,2.76,4.7,1.45,85
Josh Jacobs,45953,HB,LV,13,233,28,5,19.9,160,0,805,5,9,28,547,32.2,9,33,23,3,110,61,65,26.9,60,50.9,51,70.1,55.3,63,2,296,37,238,271,0,0,52,270,6,805,547,2.35,3.5,1.24,106
D'Andre Swift,57212,HB,PHI,16,229,43,11,26.1,274,0,1049,1,8,43,554,46,22,50,24,3,64,60.3,66.7,63.6,,47.9,52.8,72.1,53.8,43,1,214,39,279,292,0,0,47,268,5,1049,554,2.42,4.6,0.77,160
Kyren Williams,97118,HB,LA,12,228,51,9,21.7,248,0,1144,5,3,51,761,69.3,26,62,26,3,142,61.2,80.3,33.4,,54.4,38.5,90.6,59.1,56,2,206,32,323,249,0,0,47,260,12,1144,761,3.34,5,0.64,85
Breece Hall,97636,HB,NYJ,17,223,46,11,40.4,402,0,994,4,31,46,761,87.9,20,40,22,2,96,74.4,82.4,89.3,,53.9,88.9,77.8,57.4,83,0,591,76,336,255,0,0,90,299,5,994,761,3.41,4.5,1.76,125
David Montgomery,45719,HB,DET,14,219,48,8,21.8,221,0,1015,2,5,48,667,68.7,22,60,11,2,102,68.9,80,46,60,41.5,53.9,83.6,60,75,1,117,16,162,231,0,0,22,235,13,1015,667,3.05,4.6,0.72,117
Kenneth Walker III,97199,HB,SEA,15,219,56,10,28,252,0,900,2,19,56,637,88,24,46,29,1,63,86,83.5,24.4,,40.7,71,85.3,58.7,45,2,259,29,200,234,0,0,33,248,8,900,637,2.91,4.1,1.3,141
Javonte Williams,77803,HB,DEN,16,217,34,12,25.5,197,0,774,4,5,34,588,40,21,42,10,1,104,83.3,63.3,84.7,,27.8,61.9,64.9,57.6,21,1,228,47,170,264,0,0,55,264,3,774,588,2.71,3.6,1.34,106
Devin Singletary,40485,HB,HST,17,216,30,10,21,189,0,898,1,3,30,615,38.2,23,40,13,1,100,83.2,70.8,87.8,69.5,31,54,75.4,80.2,24,0,193,30,295,250,0,0,37,246,4,898,615,2.85,4.2,0.65,109
Bijan Robinson,123126,HB,ATL,17,214,52,10,24.5,237,0,969,5,17,52,663,78.6,30,51,2,4,63,37.8,69.1,46.5,,56.8,61.5,75.1,35.5,38,2,487,58,421,272,0,0,83,272,4,969,663,3.1,4.5,1.16,146
Raheem Mostert,9783,HB,MIA,15,209,54,14,32.5,329,0,1012,1,12,54,710,95.8,30,59,17,4,61,44.2,85.8,57.6,,65.5,51.8,91.1,59.1,49,1,175,25,258,253,0,0,29,234,18,1012,710,3.4,4.8,0.68,143
James Conner,11860,HB,ARZ,13,208,60,13,31.5,328,0,1040,0,6,60,818,110.5,31,57,1,0,115,90.8,89.2,88.3,,68,69.2,88.4,68.9,44,0,165,27,201,262,0,0,31,235,7,1040,818,3.93,5,0.82,89
Isiah Pacheco,83747,HB,KC,14,205,37,11,30.5,285,0,935,1,8,37,623,54.9,20,53,16,1,77,90.9,82.3,37.3,,62.8,70.8,83.7,60.7,48,1,244,44,268,228,0,0,50,249,7,935,623,3.04,4.6,0.91,122
Jerome Ford,83601,HB,CLV,17,204,43,8,32.7,266,0,813,9,11,43,597,63.7,23,34,8,1,113,81.9,68.9,90.3,,63.2,54.8,72.5,67.1,69,0,319,44,320,228,0,0,60,248,4,813,597,2.93,4,1,83
Gus Edwards,46027,HB,BLT,17,198,25,8,23.5,190,0,810,0,0,25,537,32.3,15,49,3,3,110,51.7,72.3,88,,55.4,52.6,74.6,55.8,42,2,180,12,166,255,0,0,12,210,13,810,537,2.71,4.1,1.08,84
Tyler Allgeier,83639,HB,ATL,17,186,39,3,10.5,72,0,683,0,4,39,549,62.2,13,41,2,0,51,90.6,82.9,82.8,,90.3,81,78,43.4,31,0,193,18,108,212,0,0,22,204,4,683,549,2.95,3.7,1.79,131
Ezekiel Elliott,10638,HB,NE,17,184,24,1,2.6,17,0,642,3,10,24,466,36.6,8,32,19,2,104,55.2,67.6,88,,37.1,66.3,69.2,55.7,17,0,313,51,247,214,0,0,61,235,3,642,466,2.53,3.5,1.27,69
Zack Moss,40341,HB,IND,14,183,35,7,25.5,202,0,793,5,6,35,514,54.8,19,43,14,0,47,90.6,66.9,90.1,,60.4,43.9,72.8,57.4,56,0,192,27,233,210,0,0,35,210,5,793,514,2.81,4.3,0.82,135
Jahmyr Gibbs,122474,HB,DET,15,182,40,15,38.6,365,0,945,5,13,40,568,70.7,27,42,11,2,90,68.5,74.5,88.9,,23.6,62.8,81.3,56.9,36,0,316,52,325,216,0,0,69,234,10,945,568,3.12,5.2,0.97,84
Alvin Kamara,11822,HB,NO,13,180,22,6,13.7,95,0,694,3,13,22,452,34.5,15,43,20,0,58,90.8,74.1,88,,19.2,78.4,77.1,55.7,17,0,466,75,269,211,0,0,86,255,5,694,452,2.51,3.9,1.73,118
Alexander Mattison,45817,HB,MIN,16,180,37,7,16.9,118,0,700,6,3,37,496,52.5,17,28,18,3,61,52.5,61.8,88.3,,49.5,41.2,70.2,43.6,21,0,192,30,278,204,0,0,42,210,0,700,496,2.76,3.9,0.69,117
Austin Ekeler,12164,HB,LAC,14,179,31,4,20.4,129,0,632,4,12,31,473,49.4,7,34,27,5,68,29.6,60.2,90.6,,29.3,57.4,65.1,36.6,55,0,436,51,349,210,0,0,69,230,5,632,473,2.64,3.5,1.25,109
Brian Robinson,57120,HB,WAS,15,178,37,8,23.3,171,0,733,3,10,37,521,64.3,19,46,32,4,57,38,75.3,89.8,,61.9,71.4,73.7,65.5,29,0,367,36,219,198,0,0,40,214,5,733,521,2.93,4.1,1.68,117
AJ Dillon,57165,HB,GB,15,178,21,3,11.7,72,0,613,1,11,21,479,43.1,8,32,12,0,80,90.5,75.7,88.2,,56,68.2,76.1,56.6,40,0,223,22,216,205,0,0,27,200,2,613,479,2.69,3.4,1.03,96
Jonathan Taylor,57488,HB,IND,10,169,29,6,22.8,169,0,741,1,7,29,527,59.7,23,42,14,1,64,77.3,74.9,87.8,,57.1,63.8,75,71.9,49,0,153,19,178,174,0,0,24,188,7,741,527,3.12,4.4,0.86,103
Jalen Hurts,40291,QB,PHI,17,157,18,1,2.7,16,0,285,0,0,6,101,4.9,18,68,24,9,19,64.3,86.4,58.4,83.6,,60,76.5,60,24,6,0,0,1,453,317,46,0,111,15,602,325,2.07,3.8,0,17
Rhamondre Stevenson,98689,HB,NE,12,156,30,3,15.2,94,0,619,4,8,30,437,54.9,10,36,19,1,81,77.3,71.3,87.4,,72.7,51.2,78.7,29.3,64,0,238,38,251,176,0,0,48,194,4,619,437,2.8,4,0.95,66
Jaylen Warren,98692,HB,PIT,17,149,53,12,36.2,284,1,784,5,23,53,542,131.6,24,36,25,4,53,35.2,78.6,90.4,,27.2,72,84.1,77.9,74,1,370,61,256,183,0,0,72,210,4,784,542,3.64,5.3,1.45,77
Lamar Jackson,46416,QB,BLT,16,148,38,4,9.5,78,2,400,0,0,16,139,30.8,29,48,3,11,44,43.6,90.4,79,85.1,,,86.8,60.2,30,10,0,0,0,440,421,63,0,85,5,821,463,3.13,5.5,,17
Dameon Pierce,83659,HB,HST,13,145,26,3,12.7,53,0,416,1,1,26,329,38.8,9,14,13,0,54,90.3,66.6,83.1,,87.8,63.3,64.7,55.1,22,0,101,13,111,158,0,0,17,158,2,416,329,2.27,2.9,0.91,88
Aaron Jones,11937,HB,GB,11,142,26,5,18.4,121,0,657,6,6,26,451,59.1,15,34,12,2,52,58.9,76,87.5,,61,53.6,81.5,58.7,39,0,233,30,167,163,0,0,40,172,2,657,451,3.18,4.6,1.4,89
Kareem Hunt,11841,HB,CLV,15,135,7,2,7.8,32,0,411,1,0,7,293,10.1,5,38,8,0,86,90,68.7,87.4,,53.6,64.6,68.4,65.3,16,0,84,15,137,155,0,0,21,150,9,411,293,2.17,3,0.61,41
Khalil Herbert,41668,HB,CHI,12,132,33,7,30,183,0,611,0,6,33,400,77.8,13,25,6,1,45,72.8,77.9,86.5,,53.3,67.5,79.4,45.8,38,0,134,20,146,173,0,0,26,152,2,611,400,3.03,4.6,0.92,87
Miles Sanders,40555,HB,CAR,16,129,17,4,21.5,93,0,432,2,8,17,342,42.5,11,24,5,2,54,56.4,60.8,88.2,,23.3,68,60.4,63.9,48,0,154,27,211,141,0,0,38,156,1,432,342,2.65,3.3,0.73,74
Justin Fields,82118,QB,CHI,13,125,26,2,6,39,0,293,0,0,9,132,17.7,26,42,6,10,29,33.8,74.6,49,67.2,,,84.9,60.4,39,5,0,0,0,346,360,43,0,82,4,653,392,3.14,5.2,,26
Josh Allen,46601,QB,BUF,17,111,24,0,0,0,0,139,0,0,4,84,9,17,57,4,7,20,61.2,91.2,69.7,86.4,,,90.9,60,23,8,0,0,0,430,381,50,0,61,15,520,304,2.74,4.7,,2
D'Onta Foreman,11844,HB,CHI,9,109,21,1,5.2,22,0,425,1,4,21,300,57.3,12,24,6,1,43,67.8,74,83.9,,29.5,58.3,77.4,57.2,22,1,77,11,96,139,0,0,15,120,4,425,300,2.75,3.9,0.8,65
Zach Charbonnet,97630,HB,SEA,16,108,17,5,22.1,102,1,462,2,5,17,320,46.2,16,32,29,0,32,89.5,69.8,89.9,,61.1,63.2,74.4,27.3,23,2,209,33,276,124,0,0,40,141,1,462,320,2.96,4.3,0.76,70
Joshua Kelley,13750,HB,LAC,17,107,11,3,21.2,86,0,405,2,0,11,305,27.3,10,21,27,1,46,67.4,52,88.3,,42.4,36.4,60.5,58.3,49,0,32,8,173,128,0,0,11,115,2,405,305,2.85,3.8,0.18,58
Jamaal Williams,11889,HB,NO,13,106,13,1,5.6,17,0,306,0,0,13,239,23.6,5,18,20,1,50,68.2,59.4,84.6,,38,61.5,60.3,72.9,17,0,62,18,120,145,0,0,19,124,1,306,239,2.25,2.9,0.52,55
Zamir White,83665,HB,LV,15,104,15,5,25.3,114,0,451,0,3,15,334,48.6,8,19,23,1,46,67,71.7,81.5,,46.4,69.7,70.6,59.8,43,0,98,15,90,118,0,0,17,119,1,451,334,3.21,4.3,1.09,48
De'Von Achane,124305,HB,MIA,11,102,29,13,54,434,0,804,0,10,29,522,153.5,22,30,17,1,37,69.5,92.4,86.3,60,65.7,77.1,93.5,77,76,0,193,28,172,119,0,0,37,130,8,804,522,5.12,7.9,1.12,56
Ty Chandler,62942,HB,MIN,14,102,14,5,25.8,119,0,461,0,5,14,292,44.2,9,20,18,0,48,89,76.3,85.2,,49.3,72.9,77.2,59.5,31,0,159,21,122,115,0,0,24,123,3,461,292,2.86,4.5,1.3,49
Tyjae Spears,97195,HB,TEN,17,100,26,7,30.2,137,0,453,2,27,26,316,110.2,13,23,31,1,42,74.8,77,61.6,,79.6,74.6,77.8,48.1,23,1,385,52,303,150,0,0,67,152,2,453,316,3.16,4.5,1.27,49
Rico Dowdle,40693,HB,DAL,16,89,14,3,16.1,58,0,361,2,7,14,259,57.7,7,17,9,0,31,88.2,65.6,84.6,,36.4,57.7,68.4,60.1,21,0,144,17,107,114,0,0,21,106,2,361,259,2.91,4.1,1.35,50
Justice Hill,45865,HB,BLT,16,84,14,4,26.1,101,0,387,1,7,14,218,48.7,9,18,3,1,35,66.8,70.3,89,,67.3,58.8,74.6,64.8,41,0,206,28,233,115,0,0,37,112,3,387,218,2.6,4.6,0.88,43
Kenneth Gainwell,77737,HB,PHI,16,84,11,4,25.5,93,0,364,1,8,11,247,49,10,19,24,3,34,28.8,55.5,91.2,69.7,45,57.6,54.7,56.9,32,0,183,30,225,143,0,0,36,114,2,364,247,2.94,4.3,0.81,48
Taysom Hill,12112,TE,NO,16,81,13,4,21.7,87,0,373,1,5,11,212,39.2,12,26,20,1,50,67.7,75.3,89.3,51.6,60.1,66.4,86.1,57.3,27,0,291,33,224,169,28,3,39,111,4,401,235,2.9,5,1.3,11
Roschon Johnson,99467,HB,CHI,15,81,12,2,14.5,51,1,352,2,10,12,188,44.4,8,16,6,1,26,66.1,65.6,88.6,,64.8,60.7,66.5,62.9,29,1,209,34,190,124,0,0,42,115,2,352,188,2.32,4.3,1.1,54
Russell Wilson,7077,QB,DEN,15,80,6,1,5.6,19,0,76,0,0,0,24,0,13,38,10,10,0,28.9,77.5,89.5,72.5,,,80.3,60,21,2,0,0,0,370,265,36,0,44,3,341,122,1.53,4.3,,8
Latavius Murray,7962,HB,BUF,16,79,7,2,16.7,50,0,300,3,2,7,177,21,6,27,4,1,53,56.8,64.9,42.8,,59.6,50.5,74.2,57.5,29,1,119,17,183,110,0,0,22,96,4,300,177,2.24,3.8,0.65,26
Royce Freeman,45747,HB,LA,9,77,18,3,16.6,53,0,319,0,1,18,224,70.9,7,17,26,0,40,85.6,74.3,84.3,,67.6,46.1,78.1,78.9,23,0,13,1,78,88,0,0,1,78,2,319,224,2.91,4.1,0.17,35
Joshua Dobbs,11890,QB,MIN,13,77,24,2,16.4,69,1,133,0,0,10,95,53.9,16,31,18,15,11,49.8,65.9,75.3,59.9,,58.9,82.2,60.6,44,5,0,0,1,327,288,35,0,42,6,421,304,3.95,5.5,0,9
Jaleel McLaughlin,138346,HB,DEN,17,76,20,4,27.6,113,0,410,0,16,20,257,113.8,12,16,10,0,17,87,86.2,83.2,,34.6,85.2,82.8,60,38,0,160,31,98,85,0,0,36,107,1,410,257,3.38,5.4,1.63,54
Patrick Mahomes,11765,QB,KC,16,75,10,0,0,0,1,-24,0,0,0,1,0,15,26,16,5,1,74.9,85.1,79.1,81.1,60.9,59.9,79.9,60.7,25,5,0,0,1,330,413,51,0,24,0,389,114,1.52,5.2,0,1
Elijah Mitchell,57272,HB,SF,11,75,18,2,11.7,33,0,281,1,0,18,225,66.7,7,14,28,0,21,85.7,70.1,82.7,,43.5,52.4,71.7,70.9,18,0,14,6,52,99,0,0,8,81,2,281,225,3,3.7,0.27,52
Trevor Lawrence,77632,QB,JAX,16,70,11,0,0,0,0,11,0,0,0,16,0,13,23,15,13,2,36.5,79.7,25.6,78.6,60.9,60,69.9,61.1,26,8,0,0,1,363,328,41,0,29,4,339,213,3.04,4.8,0,5
Clyde Edwards-Helaire,57279,HB,KC,15,70,11,2,16.1,36,0,223,1,7,11,161,47.6,4,12,16,0,19,86,66.1,86.7,,56.5,66.8,65.2,60,20,0,188,17,128,76,0,0,22,87,1,223,161,2.3,3.2,1.47,49
Dalvin Cook,11796,HB,NYJ,15,67,12,0,0,0,0,214,0,2,12,148,37.7,4,10,22,2,28,30,54.3,85.1,,61,62.4,51.5,60,14,0,78,15,89,75,0,0,20,82,0,214,148,2.21,3.2,0.88,35
Antonio Gibson,78050,HB,WAS,16,65,16,1,6,16,0,265,4,12,16,228,86.9,5,13,32,4,19,25.8,66.6,53,,71.9,64.5,68.4,59.7,16,1,389,48,318,69,0,0,57,113,1,265,228,3.51,4.1,1.22,45
Pierre Strong Jr.,66619,HB,CLV,15,63,9,3,25.8,75,0,291,1,2,9,215,55.2,7,10,8,2,35,57.5,60.6,84.9,,62.4,49.1,63.3,60.2,40,0,47,5,73,75,0,0,8,68,1,291,215,3.41,4.6,0.64,24
Baker Mayfield,46518,QB,TB,17,62,10,0,0,0,1,-8,0,0,0,13,0,4,16,30,9,2,73.9,74.6,79.8,72.8,,57.6,66,60,31,3,0,0,1,414,171,29,0,33,1,163,161,2.6,2.6,0,5
Cam Akers,57206,HB,MIN,7,60,9,1,11.4,19,0,167,0,2,9,141,36.4,4,12,18,0,33,84.8,69.7,79.9,60,71.2,76.4,66,71.2,19,0,70,11,46,67,0,0,12,71,2,167,141,2.35,2.8,1.52,25
Emari Demercado,77763,HB,ARZ,14,58,11,2,23.6,67,0,284,2,3,11,205,62.6,5,12,1,0,26,84.9,73.4,86.8,,74.7,44.7,89.9,40.7,49,0,119,21,164,74,0,0,29,79,2,284,205,3.53,4.9,0.73,31
Dak Prescott,10769,QB,DAL,17,56,6,1,7.4,18,0,54,0,0,0,17,0,9,21,9,4,3,81.8,90.8,48.8,89.8,,,75.8,60.3,22,5,0,0,0,405,188,28,0,28,2,242,122,2.18,4.3,,3
Matt Breida,12271,HB,NYG,17,55,7,0,0,0,0,151,2,3,7,121,30.6,0,7,21,1,22,54.1,52.4,88,,63.3,37,60.3,56.5,9,0,88,17,156,86,0,0,20,72,1,151,121,2.2,2.7,0.56,31
Desmond Ridder,55086,QB,ATL,15,53,2,1,11.9,23,0,64,0,0,1,23,1.9,6,18,2,12,12,27.6,51.9,50.1,53.2,61.3,57.6,48.8,60.3,23,5,-6,1,1,382,129,19,1,35,5,193,51,0.96,3.6,-6,7
Samaje Perine,11869,HB,DEN,17,53,6,2,16.4,39,0,238,1,19,6,155,71,6,14,10,3,27,61.8,71.3,87.3,,31.1,81,72.5,59.3,24,0,455,50,218,73,0,0,53,103,1,238,155,2.92,4.5,2.09,24
Justin Herbert,28237,QB,LAC,13,52,9,0,0,0,1,-16,0,1,0,0,0,9,16,27,4,0,66.7,85.5,62.4,83.1,,55.2,73.2,60.3,35,5,10,1,2,280,244,32,1,21,3,228,149,2.87,4.4,5,1
Chris Rodriguez Jr.,83689,HB,WAS,10,51,12,3,19,47,0,247,0,0,12,186,82.6,9,14,32,1,19,45.7,75.9,81.7,,82.7,52.4,77.1,46,16,0,12,2,29,60,0,0,2,53,2,247,186,3.65,4.8,0.41,31
Jordan Love,40306,QB,GB,17,51,4,1,15.9,37,0,33,0,0,0,10,0,8,16,12,10,0,53.5,83,47.4,82.7,62.2,60,59.7,60,37,11,0,0,0,418,200,22,0,29,4,233,105,2.06,4.6,,3
Cordarrelle Patterson,7810,HB,ATL,14,50,11,1,10,18,0,180,1,0,11,165,61.5,5,9,2,1,22,53.3,62.7,85.1,,78.3,56.3,66.3,58.1,18,0,38,9,85,85,0,0,11,59,0,180,165,3.3,3.6,0.45,26
Tank Bigsby,123974,HB,JAX,16,50,10,0,0,0,1,132,3,1,10,117,50.5,1,12,15,2,25,26.9,52.3,83.3,,32.1,24.7,69,67.2,12,1,6,1,39,80,0,0,4,51,2,132,117,2.34,2.6,0.15,22
Chase Edmonds,45851,HB,TB,13,49,8,2,20.5,36,0,176,1,0,8,124,32.1,5,8,30,0,24,83.7,60.4,81.9,,83.5,58.6,59.8,59.9,21,0,81,14,82,61,0,0,16,63,0,176,124,2.53,3.6,0.99,25
Sam Howell,97599,QB,WAS,17,48,21,1,5.7,15,0,18,0,0,0,19,0,11,19,32,4,3,81.3,60.2,79.2,57.6,,62,71.5,60.1,24,3,4,1,1,310,246,33,1,16,5,264,213,4.44,5.5,4,3
Keaton Mitchell,123826,HB,BLT,7,47,15,7,60.6,240,0,396,0,0,15,267,152.2,12,19,3,0,15,83,92.4,84.1,,35.9,82.1,92.5,65.7,60,0,93,9,51,68,0,0,10,56,2,396,267,5.68,8.4,1.82,28
Darrell Henderson,41193,HB,LA,4,46,1,1,14.3,16,0,112,1,2,1,98,11.4,1,5,26,0,26,82.9,55.2,81.1,,69,58.4,53.4,60,16,0,103,10,52,48,0,0,14,56,2,112,98,2.13,2.4,1.98,20
Chase Brown,77787,HB,CIN,11,44,8,4,49.7,89,0,179,1,7,8,144,84.6,5,6,7,1,20,48,63.9,81.4,,26.7,81.1,59,58.7,31,1,156,14,35,49,0,0,15,58,0,179,144,3.27,4.1,4.46,23
Kyler Murray,38334,QB,ARZ,8,44,8,2,12.3,30,1,83,0,0,3,27,10.3,9,15,1,7,9,59.7,70.8,9.4,67.6,,,77.8,60.2,33,5,0,0,0,212,161,16,0,28,3,244,71,1.61,5.5,,13
Kenny Pickett,60515,QB,PIT,12,42,1,0,0,0,0,-17,0,0,0,9,0,3,11,25,2,0,91.3,70.6,71.8,68.8,,,66.7,60,11,2,0,0,0,282,71,14,0,28,1,54,54,1.29,1.3,,2
Craig Reynolds,94383,HB,DET,16,41,6,2,20.1,36,0,179,0,3,6,119,56.8,6,11,11,1,10,45.3,77.4,81.3,,26.5,72.4,79.4,50.7,19,0,47,5,60,65,0,0,6,46,1,179,119,2.9,4.4,0.78,31
D'Ernest Johnson,45734,HB,JAX,17,41,5,1,17.6,19,0,108,0,5,5,86,41.1,1,5,15,0,14,83.6,57.5,85.1,,43.7,65.7,55.3,52.5,19,0,140,10,108,52,0,0,11,51,0,108,86,2.1,2.6,1.3,26
Jeff Wilson Jr.,29413,HB,MIA,10,41,4,1,8,15,0,188,1,0,4,120,21.3,5,8,17,0,17,82.5,59.4,83.4,,13.8,50,67.9,47,15,0,85,14,87,53,0,0,17,55,0,188,120,2.93,4.6,0.98,24
Kendre Miller,123091,HB,NO,8,41,10,1,11.5,18,0,156,1,1,10,128,67.3,4,10,20,0,13,82.5,74.1,79.5,,27.4,72.7,74.1,60.2,18,0,117,10,54,52,0,0,11,51,1,156,128,3.12,3.8,2.17,26
C.J. Stroud,129759,QB,HST,15,39,3,0,0,0,0,10,0,0,0,5,0,8,18,13,9,0,47.4,83,78,79.6,61.3,58.9,76.3,60.2,16,2,0,1,1,374,147,23,1,17,3,167,47,1.21,4.3,0,0
Jordan Mason,62946,HB,SF,11,40,8,3,28.6,59,0,206,0,1,8,124,64.9,4,13,28,0,9,82.1,84.7,79,,23.8,62,85.4,62,26,0,31,3,35,62,0,0,4,43,3,206,124,3.1,5.2,0.89,30
Daniel Jones,39395,QB,NYG,6,40,1,0,0,0,0,47,0,0,0,28,0,8,15,21,4,5,45.3,63,85.2,54.4,,58.9,82.2,60,17,0,0,0,1,105,159,19,0,21,1,206,65,1.63,5.2,0,7
Brock Purdy,77672,QB,SF,16,39,4,0,0,0,0,6,0,0,0,4,0,6,15,28,6,0,62.9,88.4,53.3,83.6,,58.9,90.6,60,17,5,0,0,1,410,138,17,0,22,2,144,86,2.21,3.7,0,0
Bryce Young,123943,QB,CAR,16,39,15,0,0,0,1,-6,0,0,0,0,0,9,18,5,11,1,27.7,56.4,57.9,53,,,78.1,60,26,6,0,0,0,404,259,31,0,8,0,253,156,4,6.5,,0
Tyrod Taylor,6332,QB,NYG,11,38,6,2,18.8,37,0,54,0,0,1,28,19.4,5,10,21,4,1,44.1,71.4,85.8,73.4,,,54.5,60.5,31,0,0,0,0,131,143,26,0,12,0,197,102,2.68,5.2,,1
Deebo Samuel,48274,WR,SF,15,37,19,4,32,72,0,225,3,25,19,123,150.8,11,13,28,1,5,60.3,83,89.7,60,80,84.2,69.5,60.3,23,2,892,60,385,296,0,0,87,97,5,225,123,3.32,6.1,2.32,15
Geno Smith,7820,QB,SEA,15,37,4,0,0,0,0,-1,0,0,0,7,0,6,10,29,5,1,68.8,82.9,51.5,82.1,,58.9,62.8,60.5,25,6,-2,1,1,308,156,20,1,18,1,155,46,1.24,4.2,-2,0
Isaiah Spiller,99146,HB,LAC,9,37,6,0,0,0,0,96,0,2,6,82,41.2,0,1,27,0,17,81.3,58.8,0,,29,61,63.4,60,8,1,34,6,49,41,0,0,6,43,0,96,82,2.22,2.6,0.69,18
Zach Wilson,82096,QB,NYJ,12,36,4,0,0,0,0,-3,0,0,0,5,0,8,7,22,11,1,30.8,58.2,72.6,57.2,,58.4,60.9,60.2,20,2,0,0,1,224,214,25,0,11,0,211,68,1.89,5.9,0,0
Tommy DeVito,60545,QB,NYG,9,36,6,1,13.3,26,0,72,0,0,2,29,29.6,6,7,21,2,1,77.3,62,61.5,64.4,,60,50.9,60.7,26,3,0,0,0,161,123,22,0,14,1,195,97,2.69,5.4,,6
Tua Tagovailoa,60326,QB,MIA,17,35,2,0,0,0,0,-13,0,0,0,0,0,0,5,17,14,1,53.5,88.4,68.2,90.2,,57.7,28.5,60,9,5,0,0,2,407,87,16,0,19,0,74,21,0.6,2.1,0,2
Trey Sermon,57372,HB,IND,12,35,5,2,28.8,46,0,160,3,0,5,99,37.2,3,7,14,0,12,80.9,56.6,81.5,,69.4,27.7,67.4,60,27,0,13,3,43,43,0,0,6,38,0,160,99,2.83,4.6,0.3,23
Keaontay Ingram,77761,HB,KC,7,35,7,0,0,0,0,74,0,1,7,75,44,4,4,16,0,14,81.1,64.7,82.6,,60.8,55,66.1,66.4,14,0,26,4,51,46,0,0,4,39,0,74,75,2.14,2.1,0.51,21
Gardner Minshew,41401,QB,IND,16,34,2,0,0,0,0,-13,0,0,0,1,0,2,7,14,8,0,42.5,62,89.7,60.6,,,59.6,60.3,23,4,0,0,0,392,113,21,0,13,3,100,25,0.74,2.9,,0
Patrick Taylor,40448,HB,GB,11,32,9,1,17,24,1,141,0,1,9,98,71.2,4,7,12,0,14,81.1,62.1,26.7,,61.1,53.9,66.7,75.7,24,1,49,11,130,49,0,0,17,43,0,141,98,3.06,4.4,0.38,18
Ronnie Rivers,57208,HB,LA,7,32,5,0,0,0,0,129,0,0,5,76,32.1,2,4,26,0,25,81.7,71,78.4,,29,58.3,75.1,59.6,10,0,22,5,35,42,0,0,5,37,0,129,76,2.38,4,0.63,7
Darrynton Evans,40692,HB,MIA,6,32,3,0,0,0,0,121,1,3,3,66,31.7,5,10,17,0,13,80.9,63.8,81.5,,73.9,64,62.1,60,13,0,49,7,37,46,0,0,10,39,1,121,66,2.06,3.8,1.32,19
Jared Goff,10635,QB,DET,17,32,2,0,0,0,0,-10,0,0,1,5,0.8,1,5,11,6,1,61.3,84.2,50.9,84.3,,56.6,47.5,60.3,11,10,0,0,2,500,31,7,0,25,2,21,25,0.78,0.7,0,1
Derek Carr,8671,QB,NO,17,32,1,0,0,0,0,-11,0,0,0,5,0,2,3,20,7,1,61.9,77.2,89.8,76.8,,,46.6,61,10,4,0,0,0,369,51,9,0,23,0,40,35,1.09,1.3,,0
Joe Burrow,28022,QB,CIN,10,31,7,0,0,0,0,-3,0,0,0,3,0,5,9,7,2,1,87,77.9,17.6,76.8,,,68.8,60,20,5,0,0,0,180,91,14,0,17,0,88,97,3.13,2.8,,0
Michael Carter,57337,HB,ARZ,15,30,6,6,57.8,108,0,187,2,2,6,88,43.5,6,9,1,0,11,81.9,60.8,0,,37.4,52.2,75.3,60,21,2,101,24,151,37,0,0,31,54,0,187,88,2.93,6.2,0.67,18
Ty Johnson,45769,HB,BUF,8,30,6,0,0,0,0,132,0,4,6,96,86.5,2,8,4,1,16,43.1,82,81.6,,53.9,66.8,79.7,93.3,13,0,62,7,36,43,0,0,7,37,0,132,96,3.2,4.4,1.72,14
Nick Chubb,45783,HB,CLV,2,28,7,2,21.8,37,0,170,0,0,7,113,88.3,6,8,8,0,13,79.9,81.5,77.3,,25.8,65.4,81.6,60,20,0,21,4,16,32,0,0,4,32,0,170,113,4.04,6.1,1.31,13
Rondale Moore,62890,WR,ARZ,17,28,5,3,56.7,101,0,178,5,7,5,63,39.7,3,5,1,1,12,51.2,53.6,88.9,,,50.5,72.4,54,45,0,352,40,479,238,0,0,61,68,1,178,63,2.25,6.4,0.73,6
Deshaun Watson,11767,QB,CLV,6,27,4,0,0,0,0,37,0,0,2,20,49.4,7,10,8,5,4,38.5,67.3,30.4,66.8,,,63.4,60.8,16,3,0,0,0,165,105,18,0,9,1,142,95,3.52,5.3,,2
Easton Stick,29466,QB,LAC,5,27,4,1,14.6,21,0,73,0,0,3,32,29.6,3,11,27,5,8,29.2,66.8,55,61.8,,,79.9,60.2,21,1,-5,0,0,112,71,9,0,18,1,144,95,3.52,5.3,,4
Jake Browning,46401,QB,CIN,9,27,2,0,0,0,0,4,0,0,0,5,0,4,12,7,3,0,54.6,79.3,43.6,74.4,60.9,59.8,87.8,60,21,8,-7,1,2,167,123,16,1,12,3,127,83,3.07,4.7,-3.5,1
Melvin Gordon III,9448,HB,BLT,4,26,5,2,45.7,37,0,81,0,1,5,62,49.3,2,4,3,1,11,28.5,65.3,78.5,,36.9,85.2,62.9,49.8,22,0,46,3,17,33,0,0,3,29,1,81,62,2.38,3.1,2.71,13
Mac Jones,60323,QB,NE,11,26,2,0,0,0,0,11,0,0,0,4,0,2,11,19,3,0,53.8,52.2,21.1,52.2,,,61.3,60.1,18,4,0,0,0,239,85,12,0,14,0,96,23,0.88,3.7,,0
Tony Jones Jr.,40498,HB,ARZ,7,26,3,1,20,19,0,95,1,1,3,48,22.4,3,7,1,0,8,79.7,60.1,81.7,,50.9,49.6,65.7,60.2,19,0,37,7,70,33,0,0,9,33,2,95,48,1.85,3.7,0.53,16
Anthony Richardson,124393,QB,IND,4,25,2,3,41.2,56,0,99,0,0,1,25,7.7,4,8,14,3,11,23.6,52.2,82.7,56.5,,,45.3,60,23,1,0,0,0,66,37,7,0,18,4,136,34,1.36,5.4,,2
Will Levis,83542,QB,TEN,9,25,2,0,0,0,0,0,0,0,1,7,2.7,2,7,31,7,0,68.9,63.7,87.2,61.6,,56.7,67.4,60.8,11,1,0,0,2,216,57,9,0,16,1,57,46,1.84,2.3,0,3
Ke'Shawn Vaughn,45866,HB,TB,5,24,6,0,0,0,0,42,1,0,6,47,45.2,0,0,30,0,10,78.9,53.6,77,,39.8,34.9,60.6,60,9,0,2,2,21,31,0,0,4,26,0,42,47,1.96,1.8,0.1,14
Tyson Bagent,169628,QB,CHI,5,23,1,0,0,0,0,15,0,0,0,6,0,5,11,6,3,1,50.5,57.8,85,50.8,,57.6,82.2,60.3,20,0,0,0,1,137,94,11,0,12,2,109,42,1.83,4.7,0,3
Damien Harris,35134,HB,BUF,6,23,2,0,0,0,0,94,0,0,2,62,21.6,1,9,4,0,18,78.8,76.5,77.7,,85.3,57.3,75.9,60,11,0,16,2,15,33,0,0,2,25,1,94,62,2.7,4.1,1.07,5
Deuce Vaughn,122624,HB,DAL,6,23,0,0,0,0,0,40,0,0,0,35,0,1,1,9,0,11,80.8,46.4,77.8,,35.7,76,40.9,60,13,0,40,7,20,31,0,0,7,30,0,40,35,1.52,1.7,2,12
La'Mical Perine,26408,HB,KC,5,22,2,0,0,0,0,77,1,0,2,49,17.8,1,3,16,0,5,78.1,64.4,80.9,,79.2,48.3,65.8,72.8,10,0,33,3,31,25,0,0,4,25,0,77,49,2.23,3.5,1.06,16
Salvon Ahmed,57472,HB,MIA,8,22,4,0,0,0,0,61,0,2,4,62,44.5,1,3,17,0,6,79.7,61,82.8,,36.4,58.8,64.4,57.4,10,0,88,16,92,36,0,0,21,38,1,61,62,2.82,2.8,0.96,16
Israel Abanikanda,122999,HB,NYJ,6,22,2,0,0,0,0,70,2,0,2,45,14.1,2,3,22,0,9,29,59,81.2,,59,41.8,66.4,60,12,0,43,7,47,25,0,0,10,29,0,70,45,2.05,3.2,0.91,13
Sam Darnold,29048,QB,SF,10,21,2,0,0,0,0,-1,0,0,2,5,3.1,0,3,28,3,0,22.9,66,81.6,66.5,,,57.8,60,9,1,0,0,0,71,15,3,0,18,1,14,10,0.48,0.7,,0
Matthew Stafford,4924,QB,LA,15,21,0,0,0,0,0,-8,0,0,0,0,0,0,4,26,0,0,92,85.9,67.1,83.8,,90.6,61.3,60.1,9,7,0,0,0,396,73,14,0,7,0,65,7,0.33,3.1,,0
Jerick McKinnon,8731,HB,KC,12,21,0,0,0,0,0,60,2,7,0,38,27.5,1,7,16,0,5,80.8,63,88.9,60.1,60.7,68.4,60.6,43.9,10,0,192,25,175,36,0,0,32,46,1,60,38,1.81,2.9,1.1,13
Boston Scott,39462,HB,PHI,11,20,6,1,20.9,18,0,86,1,0,6,46,57.5,2,5,24,0,5,35.1,60.8,82.4,,35.1,50.5,69.9,44,18,0,52,4,32,30,0,0,6,24,0,86,46,2.3,4.3,1.63,15
Jimmy Garoppolo,8697,QB,LV,7,20,0,0,0,0,0,0,0,0,0,3,0,0,6,23,1,1,74.1,65,55.9,65,,58.9,58.8,60,9,1,0,0,1,121,39,8,0,12,0,39,19,0.95,2,0,0
Chris Brooks,83644,HB,MIA,4,19,9,2,75.5,80,0,106,0,0,9,107,266.8,2,2,17,0,5,77.1,82,76.3,,,53.4,79.1,78.2,52,0,0,0,4,31,0,0,0,19,0,106,107,5.63,5.6,0,14
Aidan O'Connell,60516,QB,LV,11,17,0,0,0,0,0,11,0,0,0,4,0,0,7,23,4,0,72.1,65.9,87.9,64.6,61.2,56.2,61.6,60.3,3,2,0,0,3,256,0,0,0,17,1,11,4,0.24,0.6,0,1
Eric Gray,99143,HB,NYG,7,17,3,0,0,0,0,48,0,0,3,33,25.3,1,2,21,1,5,38.6,57.2,79.4,,28.1,61.3,56.7,60,12,0,22,6,40,21,0,0,7,23,0,48,33,1.94,2.8,0.55,10
Bailey Zappe,60396,QB,NE,10,17,1,0,0,0,0,7,0,0,0,3,0,3,6,19,2,0,62.2,52.2,61.7,51.1,,,63.3,60.1,18,1,0,0,0,160,76,10,0,7,1,83,33,1.94,4.9,,0
Ryan Tannehill,7014,QB,TEN,9,17,2,0,0,0,0,8,0,0,0,3,0,4,4,31,4,2,70.5,68.7,87,66.3,60.9,53.9,69.7,60.7,23,1,0,0,3,204,66,9,1,8,1,74,37,2.18,4.4,0,1
Carson Wentz,10636,QB,LA,2,17,2,0,0,0,0,45,0,0,1,27,16,1,4,26,0,5,80.8,80.7,79.2,80.2,,,68.1,60,12,0,0,0,0,35,11,4,0,13,1,56,37,2.18,3.3,,1
Kevin Harris,99141,HB,NE,4,16,1,2,50.8,33,0,65,0,0,1,40,13.2,2,2,19,0,13,76.9,76.5,74.7,,77.3,84.6,73.2,46.2,18,0,58,3,13,18,0,0,3,19,1,65,40,2.5,4.1,4.46,3
Mitch Trubisky,11757,QB,PIT,5,16,1,0,0,0,0,4,0,0,0,4,0,1,6,25,1,0,64.6,43.3,83.3,44.2,,60,51,60,15,0,0,0,1,69,50,8,0,8,2,54,22,1.38,3.4,0,0
Tyler Huntley,46448,QB,BLT,5,15,1,0,0,0,0,14,0,0,1,4,6.3,1,3,3,0,2,81.5,63.8,80,64.7,,,57.6,60,11,0,0,0,0,38,41,7,0,8,0,55,10,0.67,3.7,,1
Sean Tucker,123056,HB,TB,4,15,4,0,0,0,0,23,0,0,4,20,31.4,0,1,30,0,7,76.2,55.8,74.1,,73,59.6,55.3,60,7,0,9,2,13,17,0,0,2,17,0,23,20,1.33,1.5,0.69,8
Trayveon Williams,45775,HB,CIN,17,15,2,1,21.7,15,0,69,0,0,2,43,26.1,2,2,7,0,5,80.9,58.9,85.7,,75.1,51.1,61.6,52.5,15,0,10,7,96,31,0,0,8,22,0,69,43,2.87,4.6,0.1,8
Taylor Heinicke,9896,QB,ATL,5,15,2,0,0,0,0,-1,0,0,0,0,0,7,5,2,1,0,67.2,52.5,84.5,48.5,,,70.7,60.9,24,0,0,0,0,110,125,13,0,2,1,124,29,1.93,8.3,,0
Ameer Abdullah,9487,HB,LV,17,15,1,0,0,0,0,89,0,3,1,43,33.7,2,6,23,0,7,78.7,55.5,84.3,,17.7,61.8,69.2,60,12,0,131,19,143,17,0,0,23,34,0,89,43,2.87,5.9,0.92,5
Deon Jackson,57189,HB,NYG,2,14,0,0,0,0,0,16,1,0,0,22,0,0,1,21,2,2,18.2,29.7,80.3,,6,28.6,40.2,59.4,7,0,14,5,29,20,0,0,6,19,0,16,22,1.57,1.1,0.48,11
Dorian Thompson-Robinson,83574,QB,CLV,8,14,2,0,0,0,0,25,0,0,0,20,0,1,4,8,2,5,36,49.7,83.6,49.4,,,56.6,60.8,12,1,0,0,0,82,40,5,0,9,0,65,47,3.36,4.6,,2
Derius Davis,78196,WR,LAC,16,14,2,2,68.3,69,0,101,1,3,2,51,62.8,4,5,27,0,3,69.1,60.5,83.8,,,61,63.5,43,51,1,66,15,73,69,0,0,17,29,0,101,51,3.64,7.2,0.9,1
CeeDee Lamb,61570,WR,DAL,17,14,6,1,21.2,24,0,113,5,20,6,66,82.3,4,6,9,3,1,48.4,91.1,46.8,,,91.4,76.7,54.9,24,6,1749,135,629,316,0,0,179,149,2,113,66,4.71,8.1,2.78,3
Kirk Cousins,7102,QB,MIN,8,14,0,0,0,0,0,4,0,0,0,5,0,1,6,18,7,1,46.2,86.1,27,85.1,,60,64.8,60,10,6,0,0,0,159,21,3,0,11,0,25,8,0.57,1.8,,0
Raheem Blackshear,57385,HB,CAR,11,14,3,0,0,0,0,46,0,1,3,33,47.1,0,1,5,0,7,82,63.7,80.8,,44.4,53.9,68.8,60,9,0,45,6,31,17,0,0,7,20,0,46,33,2.36,3.3,1.45,7
Emanuel Wilson,154173,HB,GB,7,14,1,1,36.5,31,0,85,0,1,1,27,21.4,2,2,12,0,5,76.6,76.4,75.8,,,62.6,77.8,60,31,0,23,4,15,20,0,0,5,18,0,85,27,1.93,6.1,1.53,8
Tyler Goodson,101659,HB,IND,6,13,1,2,52.9,46,0,87,2,0,1,26,10.5,3,4,14,0,9,76,57.3,79.3,,73.4,41.5,66,60,31,0,34,6,32,16,0,0,9,19,0,87,26,2,6.7,1.06,4
Kyle Allen,26152,QB,BUF,7,13,0,0,0,0,0,-13,0,0,0,0,0,0,0,4,0,0,74.7,64.8,77,,,,63,60,0,0,0,0,0,38,0,0,0,13,0,-13,0,0,-1,,0
P.J. Walker,12134,QB,CLV,6,13,2,0,0,0,0,13,0,0,0,17,0,0,3,8,4,1,26.9,29.7,84,28.8,,,63.3,60.5,9,1,0,0,0,108,17,4,0,9,0,30,57,4.38,2.3,,2
Cooper Rush,12324,QB,DAL,7,12,0,0,0,0,0,-11,0,0,0,0,0,0,1,9,0,0,79.6,58,79.2,54.3,,,66.2,60,6,0,0,0,0,41,6,1,0,11,0,-5,4,0.33,-0.4,,0
Leonard Fournette,11759,HB,BUF,2,12,0,0,0,0,0,40,0,0,0,26,0,0,2,4,0,8,74.9,59.5,74.4,,76.4,55.1,60.1,59,9,0,0,0,6,19,0,0,0,12,0,40,26,2.17,3.3,0,4
Puka Nacua,100632,WR,LA,17,12,7,2,51.7,46,0,89,13,11,7,36,46.2,2,5,26,1,3,63,87.9,80.6,,72,85.1,83.8,76.1,31,5,1486,105,574,376,0,0,153,117,0,89,36,3,7.4,2.59,0
Laviska Shenault Jr.,61220,WR,CAR,8,12,4,0,0,0,0,55,0,2,4,33,75,2,3,5,0,1,28.1,67.4,81.4,,,66.6,64.8,61.2,11,0,60,10,48,41,0,0,10,22,0,55,33,2.75,4.6,1.25,6
KaVontae Turpin,47658,WR,DAL,16,11,3,2,61.8,68,0,110,3,3,3,29,68.8,3,4,9,1,5,58.7,70.3,21.2,,66.2,72.8,60,57,46,1,127,12,83,51,0,0,18,23,1,110,29,2.64,10,1.53,2
Rashaad Penny,27414,HB,PHI,3,11,0,0,0,0,0,33,0,0,0,23,0,0,1,24,0,2,74.1,44.5,77.9,,18,57.4,49.4,60,7,1,5,1,12,14,0,0,1,12,0,33,23,2.09,3,0.42,9
Damien Williams,9205,HB,ARZ,3,11,3,0,0,0,0,43,0,1,3,34,95.1,0,1,1,0,4,74.4,72.7,78.1,,80.2,66.7,70.7,59.4,9,0,12,2,10,15,0,0,2,13,0,43,34,3.09,3.9,1.2,7
Trevor Siemian,9683,QB,NYJ,5,11,1,0,0,0,0,5,0,0,0,1,0,1,5,22,5,0,31.5,34.9,0,37.4,,,49.4,60.6,13,4,0,0,0,108,35,6,0,5,0,40,22,2,3.6,,0
Jayden Reed,78171,WR,GB,16,11,2,6,100,119,0,119,3,6,2,31,30.1,6,6,12,0,1,87.4,75.1,54.6,,62.4,76,66.7,50.2,32,3,793,64,387,171,0,0,90,75,2,119,31,2.82,10.8,2.05,4
Tank Dell,78874,WR,HST,11,11,2,0,0,0,0,51,4,3,2,29,22.7,3,3,13,0,1,85.5,83.4,87.1,60,,83.3,71.2,50.1,13,1,709,47,320,156,0,0,74,58,0,51,29,2.64,4.6,2.22,5
Calvin Austin III,61418,WR,PIT,17,11,1,0,0,0,0,57,1,5,1,18,35.1,2,4,25,0,0,87.9,57.1,86.4,,,55.9,54,72,12,1,180,17,228,133,0,0,30,28,1,57,18,1.64,5.2,0.79,0
Kadarius Toney,61245,WR,KC,13,11,1,0,0,0,0,31,4,12,1,37,115.1,2,2,16,1,3,38.3,62.5,45.5,55.1,,62.9,62.3,62.9,14,1,169,27,152,68,0,0,37,38,0,31,37,3.36,2.8,1.11,3
Mason Rudolph,46569,QB,PIT,4,10,0,0,0,0,0,-1,0,0,0,4,0,0,4,25,3,1,28.5,65.5,38.4,65.8,,,58.6,60,7,1,0,0,0,114,9,2,0,8,0,8,9,0.9,0.8,,0
DeeJay Dallas,55632,HB,SEA,11,10,1,0,0,0,1,36,0,1,1,18,22.5,0,2,29,0,5,62.7,63.8,84,60,49.9,65.3,66.6,55.6,8,1,26,6,49,16,0,0,7,16,0,36,18,1.8,3.6,0.53,4
Nick Mullens,12282,QB,MIN,5,10,0,0,0,0,0,5,0,0,0,2,0,0,4,18,2,0,49.7,57.7,0,59.5,,58.9,59.9,60.3,6,5,0,0,1,70,20,5,0,5,0,25,5,0.5,2.5,0,0
Tre Tucker,101106,WR,LV,16,10,4,2,64.9,50,0,77,1,1,4,26,44.8,3,4,23,0,0,77.4,65.2,58.3,,,64.3,67.8,59.7,34,1,331,19,224,98,0,0,34,29,0,77,26,2.6,7.7,1.48,0
Wan'Dale Robinson,101735,WR,NYG,15,9,2,2,64.4,56,2,87,3,11,2,28,58.6,3,4,21,0,2,81.6,65.5,55.7,,,67,68.9,42,32,2,525,60,402,218,0,0,76,69,1,87,28,3.11,9.7,1.31,0
Jarrett Stidham,13725,QB,DEN,3,9,1,0,0,0,0,-1,0,0,0,1,0,0,1,10,1,1,51.9,55.5,81.7,58.5,,,45,60.3,4,1,0,0,0,53,9,3,0,6,0,8,13,1.44,0.9,,0
Gary Brightwell,57133,HB,NYG,4,9,1,0,0,0,0,19,1,3,1,19,60.3,0,0,21,0,4,74.3,64.4,79.1,,,72.1,60.4,58.3,5,0,47,5,27,12,0,0,6,14,0,19,19,2.11,2.1,1.74,5
Joe Flacco,4332,QB,CLV,5,9,0,0,0,0,0,2,0,0,0,3,0,0,3,8,4,1,59,74.2,85.4,72.3,,,65.4,61,3,1,0,0,0,122,0,0,0,9,0,2,3,0.33,0.2,,0
Zach Evans,123072,HB,LA,4,9,0,0,0,0,0,19,0,0,0,18,0,0,0,26,0,7,72.7,42.7,71.7,,,56.2,45.4,60,5,0,0,0,4,12,0,0,0,9,0,19,18,2,2.1,0,2
Marvin Mims Jr.,122937,WR,DEN,16,9,2,0,0,0,0,30,1,4,2,34,73.1,2,2,10,0,0,62.8,63.1,62.6,,,64.6,52.1,55.5,11,1,377,22,245,120,0,0,32,31,0,30,34,3.78,3.3,1.54,0
Elijah Moore,84302,WR,CLV,17,9,1,1,172.7,19,0,11,5,9,1,19,31,1,2,8,1,5,50.4,60.1,89.8,,0,62,51.5,42,19,1,640,59,561,304,0,0,98,68,0,11,19,2.11,1.2,1.14,2
Calvin Ridley,48262,WR,JAX,17,9,1,1,78.3,18,0,23,7,4,1,3,2,3,3,15,1,0,54.8,71.4,69.3,,,72.2,57.9,50.2,18,3,1016,76,647,304,0,0,132,85,0,23,3,0.33,2.6,1.57,1
J.K. Dobbins,57366,HB,BLT,1,8,0,0,0,0,0,22,0,1,0,22,27.5,0,1,3,0,4,73.2,53.5,80.6,,48.2,65.9,49.6,59.6,4,0,15,2,14,12,0,0,2,10,1,22,22,2.75,2.8,1.07,4
Clayton Tune,77652,QB,ARZ,7,8,0,0,0,0,0,2,0,0,0,10,0,1,3,1,2,0,78.8,34.2,78.8,28,,,65.6,60,11,0,0,0,0,25,28,5,0,3,1,30,23,2.88,3.8,,0
Khari Blasingame,44889,FB,CHI,16,8,2,0,0,0,0,26,1,1,2,24,81.8,0,0,6,0,6,73.2,55.8,84.6,,57,41.3,55.4,68.2,6,0,2,3,44,108,0,0,6,11,0,26,24,3,3.3,0.05,2
Dare Ogunbowale,12329,HB,HST,8,8,2,1,48.6,17,0,35,0,0,2,24,60,1,2,13,0,4,72.9,49.4,83.3,,52.1,47.7,57.8,31.1,17,0,18,2,72,12,0,0,7,10,0,35,24,3,4.4,0.25,3
Mike White,46453,QB,MIA,6,8,0,0,0,0,0,-14,0,0,0,0,0,0,0,17,1,0,73.9,52.5,78.3,46.2,,,60.3,60,-1,0,0,0,0,47,0,0,0,8,0,-14,0,0,-1.8,,1
Velus Jones Jr.,40573,WR,CHI,13,8,3,2,62.7,32,0,51,1,0,3,24,75,3,5,6,0,4,80.5,53.1,2.9,,,49.6,70.7,52.3,17,1,20,4,54,40,0,0,7,12,0,51,24,3,6.4,0.37,0
Demario Douglas,104155,WR,NE,14,8,2,1,48.8,20,0,41,2,12,2,30,92.1,1,2,19,1,0,57.6,74.4,45.3,,,75.6,58.7,58.5,20,2,561,49,330,145,0,0,76,57,0,41,30,3.75,5.1,1.7,0
Xavier Gipson,104136,WR,NYJ,15,8,3,2,50,34,0,68,1,6,3,32,124.1,3,3,22,1,1,40.1,56.2,66.6,,38.3,56.5,62.4,50.1,18,2,229,21,343,131,0,0,36,29,1,68,32,4,8.5,0.67,0
Zay Flowers,97268,WR,BLT,16,8,3,1,66.1,37,1,56,7,19,3,45,145.6,1,1,3,0,6,83.1,75.6,89.7,,,73.9,77.4,64.3,37,1,858,77,522,345,0,0,104,85,1,56,45,5.63,7,1.64,0
Deven Thompkins,84480,WR,TB,17,8,4,1,30.4,17,0,56,1,4,4,33,132,3,4,30,1,0,41.3,58.8,47.3,,,56.3,80.4,51.3,17,1,83,17,127,116,0,0,25,25,0,56,33,4.13,7,0.65,0
C.J. Beathard,11859,QB,JAX,7,8,3,0,0,0,0,-3,0,0,0,0,0,1,2,15,1,0,45.5,71.5,81,74.6,,,46.9,60,19,0,0,0,0,45,38,4,0,4,0,35,35,4.38,4.4,,0
Marcus Mariota,9435,QB,PHI,3,8,1,1,32.7,17,0,33,0,0,1,6,24,2,6,24,1,2,27.4,66.3,77.6,55.6,,,80.7,60,17,1,0,0,0,15,19,3,0,5,0,52,7,0.88,6.5,,2
Ihmir Smith-Marsette,61324,WR,CAR,13,8,3,2,47.3,35,0,74,1,1,3,37,115.6,4,4,5,0,1,89.9,63.6,0,,,63.7,69.8,69.4,20,3,51,8,55,63,0,0,10,16,1,74,37,4.63,9.3,0.93,0
Kalif Raymond,11028,WR,DET,17,7,0,1,53.3,40,0,75,1,3,0,14,14.3,2,2,11,0,1,89.7,75.4,59.8,,28.2,75.8,63.8,59,40,2,489,35,236,101,0,0,43,42,0,75,14,2,10.7,2.07,0
Jeff Driskel,10841,QB,CLV,1,7,2,0,0,0,0,7,0,0,0,8,0,2,4,8,0,2,78.7,66.4,0,58.9,,,83.4,60,13,1,0,0,0,21,26,3,0,4,0,33,22,3.14,4.7,,0
Blaine Gabbert,6162,QB,KC,2,7,1,0,0,0,0,-2,0,0,0,0,0,2,2,16,0,0,79.8,60.7,79.7,54.6,,,74.8,60,25,0,0,0,0,38,47,4,0,3,0,45,21,3,6.4,,0
Tyler Scott,123578,WR,CHI,17,7,1,1,39,16,0,41,3,1,1,16,19,2,2,6,1,0,28.2,52.7,65.8,,80.6,53.2,60.6,45.8,16,1,168,17,257,165,0,0,31,24,0,41,16,2.29,5.9,0.65,0
Michael Burton,9601,FB,DEN,17,7,0,0,0,0,1,9,0,0,0,7,0,0,4,10,0,0,73.7,64.2,26.2,,84,49.7,75.2,61.9,4,2,8,3,49,113,0,0,3,10,0,9,7,1,1.3,0.16,0
Rashid Shaheed,63707,WR,NO,15,7,3,0,0,0,0,37,2,4,3,27,50.9,1,1,20,0,0,71.6,69,38,,,69.4,71.6,52,12,3,719,46,431,158,0,0,71,53,0,37,27,3.86,5.3,1.67,0
Curtis Samuel,11795,WR,WAS,16,7,1,1,38.5,15,2,39,4,6,1,32,46.4,2,4,32,0,2,81.7,69.7,43.8,,75,70.4,67.3,49.5,15,2,613,62,402,141,0,0,85,69,1,39,32,4.57,5.6,1.52,0
Jaren Hall,82094,QB,MIN,3,6,0,0,0,0,0,-2,0,0,0,0,0,0,0,18,2,0,77.2,60.3,77.8,64.4,,,49.7,60,8,0,0,0,0,19,16,3,0,3,0,14,4,0.67,2.3,,0
Tyrion Davis-Price,99169,HB,SF,1,6,1,1,71.4,15,0,21,0,0,1,23,63.9,1,1,28,0,4,70.6,60.3,69.3,,,,60.1,60,15,0,0,0,0,7,0,0,0,6,0,21,23,3.83,3.5,,2
Tyreek Hill,10799,WR,MIA,16,6,1,0,0,0,0,15,9,26,1,7,25.2,1,2,17,1,0,63.6,93.7,60.5,,,94,55.6,60.1,14,2,1799,119,471,204,0,0,167,125,0,15,7,1.17,2.5,3.82,0
Hunter Luepke,91319,FB,DAL,17,6,3,0,0,0,0,19,0,1,3,11,81.5,0,5,9,0,0,73.7,56.8,84.4,,20.2,56.2,68.1,55.6,9,0,18,3,38,101,0,0,3,9,1,19,11,1.83,3.2,0.47,2
Treylon Burks,99218,WR,TEN,11,5,3,0,0,0,2,13,4,1,3,23,115,0,0,31,0,0,75.7,52.4,45.3,,74.6,52.6,66.6,50.5,9,4,221,16,266,155,5,1,29,20,0,18,28,5.6,3.6,0.83,0
Drew Lock,39517,QB,SEA,4,5,1,0,0,0,0,9,0,0,0,0,0,1,1,29,0,0,52.5,61.3,24.1,62.2,,,56.4,60,11,3,0,0,0,54,5,3,0,2,0,14,11,2.2,2.8,,0
Malik Willis,60341,QB,TEN,3,5,0,0,0,0,0,4,0,0,0,2,0,1,1,31,1,2,74.5,45.9,75.2,48.4,,,52.2,60,11,0,0,0,0,7,17,3,0,2,0,21,17,3.4,4.2,,0
Xavier Hutchinson,122518,WR,HST,14,5,2,1,34.7,17,0,49,1,0,2,18,55.4,3,3,13,0,1,73.6,46.9,22.4,,,46.8,62.8,59.8,17,3,90,8,170,100,0,0,18,13,0,49,18,3.6,9.8,0.53,1
Kene Nwangwu,40547,HB,MIN,3,5,0,0,0,0,0,13,0,0,0,8,0,0,0,18,0,2,79.6,56.1,70,,78.9,55.6,55.5,,8,0,0,0,5,5,0,0,0,5,0,13,8,1.6,2.6,0,3
Harrison Bryant,26394,TE,CLV,17,5,0,0,0,0,0,8,1,1,0,4,4.4,0,4,8,1,0,24.5,53.4,87.5,,80.2,54,55.7,49.6,2,0,81,13,146,229,0,0,20,18,0,8,4,0.8,1.6,0.55,0
Tutu Atwell,77965,WR,LA,16,5,0,1,71,22,0,31,3,1,0,19,8.6,1,2,26,0,0,79.5,67.1,88,59.1,,65.4,72.3,64.6,22,0,483,39,405,249,0,0,66,44,0,31,19,3.8,6.2,1.19,1
Mike Boone,31615,HB,HST,9,5,1,0,0,0,0,23,1,3,1,3,20,1,1,13,1,2,23.7,41.5,84.3,,14.5,51.3,40.2,41.8,11,0,40,7,74,10,0,0,9,12,0,23,3,0.6,4.6,0.54,3
Brandin Cooks,8655,WR,DAL,16,5,1,0,0,0,1,35,1,4,1,8,13.6,1,1,9,1,0,54.6,69.5,89.4,,,70.7,58.8,43,14,1,657,54,529,243,0,0,81,59,0,35,8,1.6,7,1.24,0
Lynn Bowden Jr.,61361,WR,NO,15,5,1,1,90.6,29,0,32,2,6,1,18,157.5,2,3,20,1,0,28.3,50.3,85.3,,65.6,50.6,44,57.8,29,0,83,11,127,192,0,0,15,16,0,32,18,3.6,6.4,0.65,0
Kyle Juszczyk,7912,FB,SF,17,5,0,0,0,0,0,6,0,0,0,4,0,0,2,28,0,0,75.4,56.7,71.2,,72.9,50.7,62.6,64.8,3,1,119,14,207,260,0,0,16,19,0,6,4,0.8,1.2,0.57,0
Erik Ezukanma,78148,WR,MIA,2,5,2,0,0,0,0,22,0,0,2,20,160,1,2,17,0,2,68.6,60.3,77.4,,,55.5,66.2,54.1,12,0,0,0,13,15,0,0,1,5,0,22,20,4,4.4,0,0
Jameis Winston,9434,QB,NO,7,5,0,0,0,0,0,-6,0,0,0,0,0,0,0,20,0,0,81.5,56.3,79.6,55.8,,,61.3,60,-1,1,0,0,0,24,0,0,0,5,0,-6,0,0,-1.2,,0
Brandon Powell,48036,WR,MIN,15,5,0,0,0,0,1,17,3,3,0,14,24.7,0,1,18,0,0,64.2,61.7,40,,76.7,63.6,58,42.1,9,3,324,29,287,101,0,0,43,34,0,17,14,2.8,3.4,1.13,0
Andrew Beck,47121,FB,HST,15,5,0,0,0,0,0,3,0,1,0,3,3.8,0,2,13,1,0,24.5,50.6,59.2,,66.2,49.6,60.6,52.9,2,1,55,11,102,183,0,0,13,16,1,3,3,0.6,0.6,0.54,0
Devin Duvernay,40006,WR,BLT,11,4,0,0,0,0,1,15,0,0,0,5,0,0,0,3,0,3,89.3,51.4,24.5,,,49.6,60.1,68.7,8,1,18,4,64,68,0,0,9,8,0,15,5,1.25,3.8,0.28,1
Chris Godwin,11839,WR,TB,17,4,3,1,50,19,1,38,4,5,3,36,82.8,2,3,30,0,0,83,78.2,90.4,49.6,65.6,78.9,70.7,49.8,19,1,1024,83,564,285,0,0,123,87,1,38,36,9,9.5,1.82,0
Jakobi Meyers,47468,WR,LV,16,4,0,1,70.8,17,0,19,4,8,0,2,7.2,1,3,23,0,0,82.1,69.9,55,80.8,71.8,71.8,70,36.7,17,6,807,71,531,341,5,1,106,74,2,24,5,1.25,6,1.52,0
Brandon Bolden,7469,HB,LV,3,4,0,1,83.9,26,0,31,0,0,0,21,0,1,2,23,0,3,69.7,77.9,69.3,,,,73.7,,26,0,0,0,0,5,0,0,0,4,1,31,21,5.25,7.8,,0
Elijah Dotson,57394,HB,LAC,3,4,0,0,0,0,0,6,0,0,0,4,0,0,0,27,0,0,70,54.8,72.4,,,62.7,53.2,60,2,0,13,2,5,10,0,0,2,6,0,6,4,1,1.5,2.6,4
Tim Boyle,21956,QB,NYJ,3,4,0,0,0,0,0,5,0,0,0,3,0,0,3,22,2,0,84.4,64.1,81.5,61.2,,,73.5,60,2,0,0,0,0,33,0,0,0,4,0,5,3,0.75,1.3,,1
Marquise Goodwin,7859,WR,CLV,12,4,0,2,112.1,37,0,33,1,1,0,17,53.1,2,2,8,0,0,71.1,51.3,81.2,,,50.3,60.2,58.9,20,0,67,4,74,43,0,0,13,8,0,33,17,4.25,8.3,0.91,0
Jamal Agnew,11920,WR,JAX,11,4,0,0,0,0,0,-2,0,0,0,2,0,0,0,15,1,1,51.9,59.9,0,,,62.5,49.1,76.6,1,3,225,14,150,44,0,0,20,18,0,-2,2,0.5,-0.5,1.5,0
DJ Moore,48267,WR,CHI,17,4,0,1,76.2,16,1,21,2,16,0,5,20,1,1,6,1,1,57.4,89.3,91,,,89.5,53.7,64.1,16,2,1364,96,591,409,0,0,132,100,1,21,5,1.25,5.3,2.31,0
Amon-Ra St. Brown,84470,WR,DET,16,4,0,0,0,0,0,24,4,17,0,8,27.6,1,2,11,1,2,63.8,90.6,90.1,60,39.2,90.7,68.8,65,11,1,1515,119,576,401,0,0,158,123,0,24,8,2,6,2.63,0
Garrett Wilson,97405,WR,NYJ,17,4,0,0,,0,1,0,6,19,0,8,38.4,0,1,22,2,1,32.1,72.9,59.1,53.5,,73.5,62,56.1,6,5,1042,95,674,294,0,0,163,99,0,0,8,2,0,1.55,0
Deonte Harty,91470,WR,BUF,16,4,1,0,,0,0,0,0,3,1,10,52.6,0,0,4,0,0,60.8,66.9,83.2,,,68.6,51.6,60.8,4,0,150,15,109,37,0,0,21,19,0,0,10,2.5,0,1.38,0
Christian Watson,66581,WR,GB,9,4,2,0,0,0,0,11,2,1,2,16,37.5,1,1,12,0,2,77.2,69.1,45.6,,65.5,70.6,60.1,55.6,13,2,422,28,271,160,0,0,53,32,0,11,16,4,2.8,1.56,0
Jameson Williams,101701,WR,DET,12,3,0,1,65.5,19,0,29,5,5,0,16,98.8,1,1,11,1,0,26.9,61.4,86.8,,61.8,62.1,54.2,51.4,19,0,354,24,241,194,0,0,42,27,1,29,16,5.33,9.7,1.47,0
Derrick Gore,32342,HB,WAS,5,3,0,1,88.5,23,0,26,0,0,0,6,0,1,1,32,0,1,67.2,54.8,75.2,,83.7,53.7,51.6,59.5,23,0,0,0,12,5,0,0,0,3,0,26,6,2,8.7,0,2
Jonathan Ward,25859,HB,TEN,4,3,1,0,0,0,0,11,0,0,1,11,122.2,0,1,31,0,0,67.2,64.2,70.4,,,,62,60,8,0,0,0,0,11,0,0,0,3,0,11,11,3.67,3.7,,3
Devine Ozigbo,45903,HB,DET,2,3,1,0,0,0,0,5,0,1,1,5,83.3,0,1,11,0,0,68.2,66.5,69.9,,,80.1,60.6,60,4,0,8,1,2,6,0,0,1,4,0,5,5,1.67,1.7,4,3
Brett Rypien,46487,QB,NYJ,2,3,0,0,0,0,1,0,0,0,0,,100,0,1,22,2,0,22.4,48.1,0,48,,,70.7,60,8,3,0,0,0,31,19,3,0,0,0,19,0,0,6.3,,0
Ray-Ray McCloud III,47895,WR,SF,11,3,0,1,50,15,0,30,0,1,0,8,17.8,1,2,28,0,0,54.2,63.1,83.4,,,59.4,70.6,76.5,15,0,135,12,122,75,0,0,15,15,0,30,8,2.67,10,1.11,1
Sean Clifford,51708,QB,GB,2,3,0,0,0,0,0,-2,0,0,0,0,0,0,0,12,1,1,15.5,56.5,73.2,76,,,44.9,60,0,0,0,0,0,12,0,0,0,3,0,-2,0,0,-0.7,,0
Isaiah McKenzie,11927,WR,IND,13,3,1,0,0,0,0,14,1,3,1,11,104.8,0,0,14,0,0,57.4,64.7,80.1,,,66.4,53.7,59.4,7,0,82,11,55,56,0,0,14,14,0,14,11,3.67,4.7,1.49,1
Gerald Everett,11799,TE,LAC,15,3,0,0,0,0,1,10,2,16,0,5,49.4,0,0,27,3,0,25.2,65.6,76.7,,67.5,68.1,60.6,51.3,6,2,411,51,326,197,0,0,70,54,0,10,5,1.67,3.3,1.26,1
Cole Kmet,60995,TE,CHI,17,3,0,0,0,0,0,2,1,7,0,1,3.1,0,2,6,1,0,50.9,73.7,67.1,,64.3,77.7,66.8,54.9,1,3,719,73,425,365,0,0,88,76,0,2,1,0.33,0.7,1.69,0
Bo Melton,61610,WR,GB,5,3,3,0,0,0,0,21,1,1,3,30,210.5,1,2,12,0,0,74.8,88.1,82.6,,,85.1,71.7,76.2,12,0,218,16,77,60,0,0,23,19,0,21,30,10,7,2.83,0
Jacoby Brissett,10725,QB,WAS,3,3,0,0,0,0,0,0,0,0,0,0,0,1,0,32,0,0,77.4,84.6,77.8,79.4,,,75,60,10,0,0,0,0,17,19,2,0,1,0,19,0,0,6.3,,0
Tyquan Thornton,78092,WR,NE,9,3,2,1,76.5,39,0,51,2,0,2,47,195.8,1,1,19,0,0,73.8,57.6,84.2,,,54.4,73.6,65.9,39,0,91,13,137,83,0,0,22,16,0,51,47,15.67,17,0.66,0
DeAndre Carter,9859,WR,LV,16,3,0,1,83.3,15,0,18,1,0,0,2,0,1,2,23,0,0,88.7,50.2,82,,65.7,50.4,66.1,38.7,15,0,39,4,49,50,0,0,6,7,0,18,2,0.67,6,0.8,1
Ty Montgomery,9527,WR,NE,10,3,0,0,0,0,0,9,2,0,0,4,0,0,0,19,0,3,77,55.5,79.9,,,55.1,61.4,47.8,7,1,40,5,32,10,0,0,11,8,0,9,4,1.33,3,1.25,0
Jaylen Waddle,84088,WR,MIA,14,3,0,0,0,0,0,12,6,10,0,2,8.9,1,1,17,0,0,82,90.7,88.7,,,90.9,54.7,59.9,12,0,1014,72,385,211,0,0,104,75,0,12,2,0.67,4,2.63,0
Ja'Marr Chase,84270,WR,CIN,16,3,0,0,0,0,1,-6,4,17,0,4,22,0,0,7,1,2,58.8,85.3,67.9,60,,86.7,52.8,45.1,2,2,1216,100,600,258,0,0,140,103,0,-6,4,1.33,-2,2.03,0
Skyy Moore,97116,WR,KC,14,3,1,0,0,0,0,23,1,4,1,18,125,1,1,16,0,0,26.3,54.8,87.2,,,54.9,55.1,53.6,11,0,244,21,289,189,0,0,36,24,0,23,18,6,7.7,0.84,0
Zonovan Knight,97432,HB,DET,2,3,1,0,0,0,0,13,0,0,1,10,83.3,0,0,11,0,1,70.7,62.1,68.4,,76.7,62.6,60.4,,8,0,8,1,4,4,0,0,1,4,0,13,10,3.33,4.3,2,2
Matt Barkley,7880,QB,JAX,1,3,0,0,0,0,0,-3,0,0,0,0,0,0,0,15,0,0,67.2,61.6,70.6,,,,60.5,60,-1,0,0,0,0,6,0,0,0,3,0,-3,0,0,-1,,0
George Pickens,99229,WR,PIT,17,3,1,1,88.9,16,1,18,3,7,1,10,40.4,1,2,25,3,0,22.8,75.3,33.7,,,76.4,65.5,58.9,16,5,1140,63,540,354,0,0,104,66,0,18,10,3.33,6,2.11,0
Trey Palmer,99248,WR,TB,17,3,1,0,0,0,0,22,3,1,1,8,12.7,1,1,30,3,0,19,51.3,31.5,,,52.7,62.8,47.7,13,4,385,39,459,222,0,0,66,42,0,22,8,2.67,7.3,0.84,0
Quentin Johnston,123085,WR,LAC,17,3,1,0,0,0,0,9,2,5,1,2,9.8,0,0,27,0,0,78.6,58.9,76.1,,,58.7,63.4,52.7,6,1,431,38,488,232,0,0,65,41,0,9,2,0.67,3,0.88,1
Andy Dalton,6187,QB,CAR,3,3,0,0,0,0,0,2,0,0,0,3,0,1,2,5,0,0,82.5,81.1,80.1,79.1,,,64.2,60,10,0,0,0,0,14,10,1,0,2,0,12,5,1.67,4,,1
Brian Hoyer,5277,QB,LV,3,3,0,0,0,0,0,-3,0,0,0,0,0,0,0,23,0,0,80.6,55.2,79.7,54.6,,,60.5,60,-1,0,0,0,0,33,0,0,0,3,0,-3,0,0,-1,,0
Teddy Bridgewater,8667,QB,DET,1,2,0,0,0,0,0,-2,0,0,0,0,0,0,0,11,0,0,65.2,60.6,68.2,,,,60,60,-1,0,0,0,0,3,0,0,0,2,0,-2,0,0,-1,,0
Keenan Allen,7857,WR,LAC,13,2,0,0,0,0,0,6,6,7,0,6,19.1,0,1,27,2,0,35.7,86.3,76.9,71.4,77.5,87.4,,39.1,4,1,1243,108,527,216,0,0,145,110,0,6,6,3,3,2.36,0
Jake Funk,45835,HB,IND,1,2,0,0,0,0,0,10,0,0,0,4,0,0,0,14,0,0,66.7,63.5,76.5,,36,66.5,62.8,,7,0,12,1,8,2,0,0,1,3,0,10,4,2,5,1.5,2
Chris Evans,27303,HB,CIN,7,2,0,0,0,0,0,12,0,0,0,6,0,0,0,7,0,1,70.1,51.9,76.2,,13.6,52,63.3,60,7,0,-1,1,16,4,0,0,1,3,0,12,6,3,6,-0.06,1
Davis Mills,52269,QB,HST,6,2,0,0,0,0,0,0,0,0,0,3,0,0,0,13,0,0,79.8,47.5,78.3,46,,,67.6,60,9,0,0,0,0,9,9,1,0,1,0,9,18,9,4.5,,1
Nick Bawden,27413,FB,NYJ,16,2,0,0,0,0,0,4,0,0,0,3,0,0,1,22,0,0,68.7,50.8,3,,55.3,55.9,61.8,50.8,3,1,21,3,35,71,0,0,3,5,1,4,3,1.5,2,0.6,0
Ben Skowronek,27948,WR,LA,17,2,0,0,0,0,0,9,0,0,0,6,0,1,1,26,0,0,71.5,56,46.4,,73.7,56.9,58.4,55.1,11,1,66,8,83,125,0,0,12,10,0,9,6,3,4.5,0.8,0
Alec Ingold,34934,FB,MIA,17,2,0,0,,0,0,0,1,0,0,1,0,0,0,17,0,0,73.3,47.4,64.3,,77.1,52.5,53.5,40.5,0,1,119,13,143,235,0,0,15,15,0,0,1,0.5,0,0.83,0
Chris Moore,10741,WR,TEN,17,2,0,1,97.4,38,0,39,1,0,0,29,0,1,1,31,1,0,30,64.9,87.9,,73.6,64.9,61.5,54.9,38,0,424,22,305,267,0,0,35,24,0,39,29,14.5,19.5,1.39,0
DeAndre Hopkins,7808,WR,TEN,17,2,3,0,0,0,0,4,4,6,0,2,15.8,0,0,31,0,1,82.1,81,36.5,59.6,62.3,82.3,64.5,54.5,5,4,1057,75,505,215,5,1,133,76,0,9,10,5,4.5,2.09,0
Kenyan Drake,10707,HB,GB,3,2,0,0,,0,0,0,0,1,0,5,62.5,0,0,12,1,1,15.3,37.3,73.8,,15.8,28.8,53.6,60,0,0,31,2,10,4,0,0,3,4,0,0,5,2.5,0,3.1,1
Tyler Boyd,10689,WR,CIN,17,2,0,0,0,0,0,11,3,11,0,2,15.9,0,1,7,0,0,81.5,59.5,62.7,57.3,66.2,64.4,59.1,30.4,6,2,667,67,577,213,0,0,91,69,0,11,2,1,5.5,1.16,0
Ashtyn Davis,49560,S,NYJ,3,2,0,0,0,0,0,3,0,0,0,3,0,0,1,22,0,0,65.2,61.3,66.3,,63.8,,60.6,,4,0,0,0,0,2,0,0,0,2,0,3,3,1.5,1.5,,0
Case Keenum,7323,QB,HST,2,2,0,0,0,0,0,1,0,0,0,9,0,0,0,13,1,0,82.5,44.8,81.1,45.6,,,54,60,1,1,0,0,0,45,0,0,0,2,0,1,9,4.5,0.5,,0
Chigoziem Okonkwo,84000,TE,TEN,17,2,0,0,0,0,1,6,6,7,0,3,18.8,0,1,31,0,0,80,62.1,44.5,,63.9,63.2,62.2,57.9,4,5,528,54,403,218,0,0,74,56,0,6,3,1.5,3,1.31,0
Jalen Reeves-Maybin,11879,LB,DET,3,2,0,0,0,0,0,3,0,0,0,5,0,0,1,11,0,1,66.7,71.2,66.3,70.7,,,59.8,,3,0,0,0,0,2,0,0,0,2,0,3,5,2.5,1.5,,0
Adam Prentice,35639,FB,NO,13,2,0,0,0,0,1,12,1,0,0,5,0,0,1,20,1,0,15.3,38.1,85.7,,33.9,37.9,48.5,43.1,7,1,12,2,37,79,0,0,3,4,0,12,5,2.5,6,0.32,0
Darnell Mooney,48236,WR,CHI,15,2,0,0,0,0,1,2,5,4,0,1,12.5,0,0,6,0,0,77.1,55.2,88.1,,39.6,58.9,53.4,30.1,3,1,414,31,466,275,3,1,55,32,0,5,2,1,2.5,0.89,0
Nathan Peterman,11926,QB,CHI,2,2,0,0,0,0,0,-4,0,0,0,0,0,0,0,6,1,0,65.2,58.4,69.2,60,,,60,60,-2,0,0,0,0,3,0,0,0,2,0,-4,0,0,-2,,0
D'Wayne Eskridge,29573,WR,SEA,3,2,0,0,0,0,0,5,0,0,0,5,0,1,1,29,0,0,75.1,60.4,74.7,,,55.6,59.5,82.8,10,0,0,0,6,11,0,0,1,2,0,5,5,2.5,2.5,0,0
Charlie Jones,55038,WR,CIN,8,2,0,0,0,0,0,13,1,0,0,6,0,0,1,7,0,0,85.6,65.8,77.7,,,67.9,62.2,37.6,7,0,64,7,30,14,0,0,9,9,0,13,6,3,6.5,2.13,0
Marquise Brown,61568,WR,ARZ,14,2,0,1,126.1,29,1,23,3,5,0,8,37.7,1,1,1,0,0,79.9,67.1,63.6,,,68.1,62.2,48.3,29,4,574,51,460,282,0,0,94,53,0,23,8,4,11.5,1.25,0
Logan Thomas,8755,TE,WAS,16,1,0,0,0,0,0,2,3,2,0,1,3.6,0,1,32,2,0,25.9,57.1,70,,73.9,56.1,61.7,60.2,2,4,496,55,515,164,0,0,76,56,0,2,1,1,2,0.96,0
Greg Dortch,42237,WR,ARZ,13,1,0,0,0,0,0,5,0,7,0,2,56,0,0,1,0,0,88.8,68.2,63.1,,,71.2,48.5,44.9,5,1,280,24,245,141,0,0,38,25,0,5,2,2,5,1.14,0
Cameron Johnston,12255,P,HST,1,1,0,0,0,0,0,-23,0,0,0,9,0,0,0,13,0,0,61.9,60,65.7,,,,60,,-23,0,0,0,0,1,0,0,0,1,0,-23,9,9,-23,,0
Evan Hull,97302,HB,IND,1,1,0,0,0,0,0,1,0,0,0,0,0,0,0,14,0,0,66.2,65.7,69.8,,,64.6,62.9,60,1,0,6,1,5,2,0,0,1,2,0,1,0,0,1,1.2,1
John Metchie III,97400,WR,HST,16,1,0,0,0,0,1,4,3,3,0,1,17.6,0,0,13,0,0,74.4,56.1,57.1,,65.3,57.3,50.5,57.4,4,2,158,16,172,129,0,0,30,17,0,4,1,1,4,0.92,0
Amani Hooker,51378,S,TEN,1,1,0,0,0,0,0,2,0,0,0,2,0,0,1,31,0,0,61.9,64.9,60.4,,,,63.1,,2,0,0,0,0,1,0,0,0,1,0,2,2,2,2,,0
Jason Cabinda,50714,FB,DET,4,1,0,0,,0,0,0,0,0,0,0,0,0,0,11,0,0,61.9,41.9,76.5,,25.2,53.4,56.9,51.9,0,0,0,0,8,20,0,0,0,1,0,0,0,0,0,0,0
Rashee Rice,97605,WR,KC,16,1,0,0,0,0,0,-3,3,12,0,1,15,0,0,16,2,0,28.3,85,56,,71.7,85.1,60,64.6,-3,2,938,79,392,205,0,0,100,80,0,-3,1,1,-3,2.39,0
Tress Way,8358,P,WAS,1,1,0,0,,0,0,0,0,0,0,0,0,0,0,32,0,0,61.9,60,65.7,,,,60,,0,0,0,0,0,1,0,0,0,1,0,0,0,0,0,,0
Adam Thielen,8288,WR,CAR,17,1,1,0,0,0,0,6,4,3,1,5,19.2,0,0,5,2,0,33,72.7,49.4,,46.5,75.3,,42.9,6,5,1014,103,637,362,0,0,136,104,0,6,5,5,6,1.59,0
Rakim Jarrett,129519,WR,TB,10,1,0,0,,0,1,0,0,0,0,1,0,0,0,30,0,0,68.3,55.9,16.1,,,58.4,57.2,57.7,0,1,60,4,51,59,0,0,7,5,0,0,1,1,0,1.18,0
Ezekiel Turner,49167,LB,ARZ,3,1,0,0,0,0,0,2,0,0,0,2,0,0,1,1,0,0,61.9,65.6,67.9,,65.4,,63.1,60,2,1,0,0,0,2,0,0,0,1,0,2,2,2,2,,0
Steven Sims,48341,WR,HST,3,1,0,0,0,0,0,1,0,0,0,2,0,0,0,13,0,0,77.8,54.7,72,,,71,49.5,59.3,1,0,25,3,6,4,0,0,3,4,0,1,2,2,1,4.17,0
Kendrick Bourne,12270,WR,NE,8,1,0,0,0,0,0,4,0,8,0,4,84.2,0,1,19,1,0,29.3,67.2,13.1,,,69.7,62,46.5,4,3,406,37,235,124,0,0,55,38,0,4,4,4,4,1.73,0
Braxton Berrios,47961,WR,MIA,16,1,1,0,0,0,1,11,1,1,1,9,64.3,1,1,17,0,0,90,58.1,87,,69.3,57.9,63.1,50.2,11,2,238,27,323,120,0,0,34,28,0,11,9,9,11,0.74,0
Kylen Granson,40630,TE,IND,15,1,0,0,0,0,0,2,3,0,0,2,0,0,1,14,0,0,76.7,56.8,61.1,,63.8,59.3,63.1,48.2,2,2,368,30,290,175,0,0,47,31,0,2,2,2,2,1.27,0
Ty Zentner,99465,P,TEN,1,1,0,0,0,0,0,-6,0,0,0,4,0,0,0,31,1,0,16.2,60,65.7,,,,60,,-6,0,0,0,0,1,0,0,0,1,0,-6,4,4,-6,,0
Nico Collins,61441,WR,HST,15,1,2,0,0,0,0,7,4,21,2,11,312.3,0,0,13,1,0,82.4,91,88.4,,,90.6,63.1,74.9,7,0,1297,80,419,228,0,0,109,81,0,7,11,11,7,3.1,0
Christian Kirk,47546,WR,JAX,12,1,0,0,0,0,1,6,4,6,0,0,0,0,1,15,2,0,26.7,71.1,88.5,52.1,75.7,72.7,63.3,35.8,6,1,787,57,380,177,0,0,80,58,0,6,0,0,6,2.07,0
Van Jefferson,47447,WR,ATL,17,1,0,0,0,0,0,4,3,0,0,2,0,0,0,2,0,0,75,50.1,39.5,,,51.9,56.6,46.5,4,4,209,20,376,226,0,0,42,21,0,4,2,2,4,0.56,0
Mark Andrews,47436,TE,BLT,10,1,0,0,,0,0,0,4,7,0,0,0,0,0,3,0,0,78.9,80,89.2,,71,80.7,58.2,59,0,0,544,45,278,164,0,0,60,46,0,0,0,0,0,1.96,0
Sam LaPorta,101690,TE,DET,17,1,0,0,0,0,0,4,7,11,0,1,12.6,0,0,11,0,1,83,76.5,84.6,,55.1,81,56.4,55.1,4,1,889,86,505,400,0,0,118,87,0,4,1,1,4,1.76,0
Kyle Trask,39987,QB,TB,2,1,0,0,0,0,0,-1,0,0,0,0,0,0,0,30,0,0,64.5,86,69.2,82.7,,,60,60,-1,0,0,0,0,2,0,0,0,1,0,-1,0,0,-1,,0
Dallas Goedert,47272,TE,PHI,14,1,0,0,0,0,0,1,2,9,0,2,30,0,0,24,0,0,80.4,73.3,62.9,,79.4,70.2,,74.1,1,3,592,59,437,333,0,0,81,60,0,1,2,2,1,1.35,0
Tyler Conklin,47124,TE,NYJ,17,1,0,0,,0,0,0,1,4,0,0,0,0,0,22,0,0,80.5,65.6,82.2,,66.6,66.9,60,54,0,1,621,61,473,234,0,0,83,62,0,0,0,0,0,1.31,0
Logan Woodside,46517,QB,ATL,1,1,0,0,0,0,0,0,0,0,0,,100,0,0,2,0,0,68.9,24.8,72.6,24.9,,,58.3,60,6,0,0,0,0,4,6,1,0,0,0,6,0,0,6,,0
Robert Woods,7822,WR,HST,14,1,0,0,0,0,1,7,4,1,0,2,4.9,0,0,13,0,0,83.6,61.3,72.2,,39.3,61.5,63.1,52.4,7,3,426,40,417,223,0,0,71,41,0,7,2,2,7,1.02,0
James Robinson,22425,HB,GB,1,1,0,0,0,0,0,2,0,0,0,2,0,0,0,12,0,0,64.6,59.1,70.3,,,63.1,59.7,60,2,0,-2,1,2,2,0,0,1,2,0,2,2,2,2,-1,1
KhaDarel Hodge,26104,WR,ATL,17,1,0,0,,0,0,0,2,7,0,0,0,0,0,2,1,0,22.4,62.4,85.7,,68.1,64.9,49.4,50.5,0,0,232,14,183,179,0,0,23,15,0,0,0,0,0,1.27,1
Jordan Addison,123000,WR,MIN,17,1,0,0,0,0,1,2,3,5,0,1,7,0,0,18,0,0,81.4,68.6,78.2,60,,69.7,56.6,45.9,2,1,911,70,606,279,0,0,104,71,0,2,1,1,2,1.5,0
Sterling Shepard,10674,WR,NYG,15,1,0,0,0,0,0,6,3,0,0,5,0,0,0,21,0,0,76.3,50.1,82.4,,,52.6,,34.4,6,0,57,10,90,45,0,0,21,11,0,6,5,5,6,0.63,0
Demarcus Robinson,10760,WR,LA,13,1,0,1,100,23,0,23,0,3,0,12,133.3,1,1,26,2,0,20,69.5,39.7,,,69.2,63.1,68.4,23,2,371,26,224,163,0,0,39,27,0,23,12,12,23,1.66,0
Dyami Brown,77986,WR,WAS,17,1,0,0,,0,0,0,2,1,0,2,15.4,0,0,32,0,0,72.9,59,84.5,60,,58.6,56.2,63.1,0,1,168,12,166,76,0,0,23,13,0,0,2,2,0,1.01,0
Jake Bobo,77997,WR,SEA,17,1,0,0,0,0,0,3,1,1,0,2,10,0,1,29,0,0,75.5,73.5,85.5,,59.8,70.7,63.8,77.6,3,1,196,19,150,143,0,0,24,20,1,3,2,2,3,1.31,0
Jonathan Williams,10790,HB,WAS,1,1,0,0,0,0,0,-2,0,0,0,0,0,0,0,32,0,0,61.9,59,75.6,,82.1,53.1,59.7,60,-2,0,0,0,8,2,0,0,1,1,0,-2,0,0,-2,0,1
Blake Gillikin,45045,P,ARZ,3,1,0,0,0,0,0,10,0,0,0,0,0,1,1,1,0,0,61.9,62.8,70.1,,,56.9,63.1,,10,0,0,0,2,1,0,0,0,1,0,10,0,0,10,0,0
Joshua Palmer,62979,WR,LAC,10,1,1,0,0,0,0,6,3,2,1,5,38.5,0,0,27,1,0,29.7,67.6,88.3,,,67.6,,51.1,6,1,581,38,342,155,0,0,60,39,0,6,5,5,6,1.7,0
C.J. Ham,11347,FB,MIN,17,1,0,0,0,0,0,7,1,3,0,4,150,0,0,18,0,0,70.3,57.6,88.3,,74.8,43.8,62.9,59.5,7,0,25,7,90,65,0,0,10,8,0,7,4,4,7,0.28,1
Jalen Reagor,61697,WR,NE,11,1,0,1,100,17,0,17,1,0,0,8,0,1,1,19,0,0,75.7,51.4,57.6,,,53.5,63.1,33.5,17,1,138,7,198,105,0,0,22,8,0,17,8,8,17,0.7,0
Dontayvion Wicks,99711,WR,GB,15,1,0,0,0,0,0,1,2,9,0,1,22.5,0,0,12,3,0,22.7,78.4,66.7,69.9,,77.8,59.2,63.4,1,2,580,39,285,159,0,0,57,40,0,1,1,1,1,2.04,0
Justin Jefferson,61398,WR,MIN,10,1,0,0,0,0,1,-12,2,10,0,-2,-29,0,0,18,1,0,48.1,91.1,88.4,49.2,,91.2,57.2,56.8,-12,1,1074,68,369,158,0,0,98,69,0,-12,-2,-2,-12,2.91,0
Nick Niemann,43500,LB,LAC,1,1,0,0,,0,0,0,0,0,0,0,0,0,0,27,1,0,16.2,43.9,60.4,,,,44.7,,0,0,0,0,0,1,0,0,0,1,0,0,0,0,0,,0
Peyton Hendershot,60915,TE,DAL,8,1,0,0,,0,0,0,2,1,0,1,20,0,0,9,0,0,68.3,44.1,51.1,,85.1,41.4,57.6,56.9,0,2,38,4,64,85,0,0,6,5,0,0,1,1,0,0.59,0
Noah Gray,60878,TE,KC,17,1,0,0,0,0,0,1,1,8,0,0,0,0,0,16,0,0,76.6,61.7,89.5,,46.3,62.1,60,57.2,1,0,305,28,313,228,0,0,39,29,0,1,0,0,1,0.97,0
Mike Williams,11762,WR,LAC,3,1,0,0,0,0,0,3,0,4,0,2,40,0,0,27,0,0,74.5,74.6,82.5,,,73.5,56.6,75,3,0,249,19,107,54,0,0,25,20,0,3,2,2,3,2.33,0
Stefon Diggs,9579,WR,BUF,17,1,0,0,0,0,0,5,6,21,0,2,38.9,0,1,4,2,1,59.8,81.1,68.8,,,81.1,60.4,59.5,5,3,1183,107,593,318,0,0,159,108,0,5,2,2,5,1.99,0
Cooper Kupp,11824,WR,LA,12,1,0,0,0,0,0,-3,5,11,0,1,18.3,0,0,26,0,0,80.6,72.4,73.4,,,72.2,56.6,67.8,-3,2,737,59,397,286,0,0,92,60,0,-3,1,1,-3,1.86,0
Jonnu Smith,11855,TE,ATL,17,1,0,0,,0,2,0,5,14,0,1,27.5,0,0,2,1,0,37.5,59.1,41.6,56.3,75.4,63.5,56.9,43.7,0,5,582,50,375,214,0,0,69,51,0,0,1,1,0,1.55,0
Connor Heyward,57301,TE,PIT,17,1,0,0,,0,1,0,2,2,0,0,0,0,0,25,0,0,76.1,55.6,42.6,60,79.3,57.9,59.3,54.9,0,4,167,23,199,175,0,0,33,24,0,0,0,0,0,0.84,0
George Kittle,11901,TE,SF,16,1,0,0,0,0,0,2,6,15,0,0,0,0,1,28,0,0,81,87.6,75,,70.4,85.9,61.8,79,2,2,1020,65,460,372,0,0,89,66,0,2,0,0,2,2.22,1
Jashaun Corbin,83773,HB,NYG,1,1,0,0,0,0,0,1,0,1,0,0,0,0,1,21,0,1,67.4,76.7,79,,73.3,79.3,60,60,1,0,12,3,10,2,0,0,3,4,0,1,0,0,1,1.2,0
Kyle Pitts,83964,TE,ATL,17,1,0,0,0,0,2,-4,2,2,0,1,3.7,0,0,2,0,0,79.7,68.1,65.1,,77.6,72.7,,31.2,-4,4,667,53,466,230,0,0,86,54,0,-4,1,1,-4,1.43,0
Johnny Hekker,7252,P,CAR,2,1,0,0,0,0,0,-11,0,0,0,-1,0,0,0,5,1,0,60.4,61,67.4,60.3,,,60,,-11,0,0,0,0,1,0,0,0,1,0,-11,-1,-1,-11,,0
Khalil Shakir,84140,WR,BUF,17,1,0,0,0,0,0,10,1,3,0,5,37.5,1,1,4,0,1,82.2,75.2,86.7,,69.9,75.7,63.1,54.7,10,1,611,39,332,251,0,0,45,40,0,10,5,5,10,1.84,0
Mecole Hardman Jr.,42683,WR,KC,10,1,0,0,0,0,0,3,2,2,0,0,0,0,0,16,0,1,80.2,64.1,82.3,,,64.5,56.3,59.7,3,0,124,15,98,44,0,0,22,16,0,3,0,0,3,1.27,0
Rashod Bateman,84296,WR,BLT,16,1,1,1,100,18,1,18,4,3,1,4,48.5,1,1,3,0,1,77.4,61.4,72.4,,,60.6,63.3,60.1,18,1,367,32,337,253,0,0,55,33,0,18,4,4,18,1.09,0
Cedric Tillman,84434,WR,CLV,14,1,0,0,0,0,0,8,1,4,0,2,36.4,0,0,8,0,0,75,55.5,71.6,,76.4,55.4,56.6,56.2,8,1,224,21,358,227,0,0,42,22,0,8,2,2,8,0.63,0
Trent Taylor,11932,WR,CHI,14,1,0,0,0,0,0,-2,0,0,0,1,0,0,0,6,0,0,87.3,51.8,80.8,,62.4,52.3,57.2,53.8,-2,0,0,0,60,56,0,0,1,1,0,-2,1,1,-2,0,0
Noah Brown,11993,WR,HST,10,1,1,0,0,0,1,-1,5,2,1,4,35.3,0,0,13,0,0,77.6,74.3,65.6,,66.9,75,,53.5,-1,2,567,33,293,140,0,0,54,34,0,-1,4,4,-1,1.94,0
Keisean Nixon,56167,CB,GB,1,1,1,0,0,0,0,11,0,0,1,12,1.2e3,1,1,12,0,0,49,78.8,64.9,,,,63.4,,11,4,0,0,0,1,0,0,0,1,0,11,12,12,11,,0
Gabe Davis,55410,WR,BUF,17,1,0,0,0,0,0,-2,4,7,0,0,0,0,0,4,1,1,36.2,67.9,89.9,,65.3,68.7,59.5,49.8,-2,0,746,45,555,367,0,0,78,46,0,-2,0,0,-2,1.34,0
