player,player_id,position,team_name,player_game_count,avg_depth_of_target,avoided_tackles,caught_percent,contested_catch_rate,contested_receptions,contested_targets,declined_penalties,drop_rate,drops,first_downs,franchise_id,fumbles,grades_hands_drop,grades_hands_fumble,grades_offense,grades_pass_block,grades_pass_route,inline_rate,inline_snaps,interceptions,longest,pass_block_rate,pass_blocks,pass_plays,penalties,receptions,route_rate,routes,slot_rate,slot_snaps,targeted_qb_rating,targets,touchdowns,wide_rate,wide_snaps,yards,yards_after_catch,yards_after_catch_per_reception,yards_per_reception,yprr
CeeDee Lamb,61570,WR,DAL,17,10.1,20,75.4,42.3,11,26,0,3.6,5,80,9,3,90.1,48.4,91.1,,91.4,0.3,2,1,92,0.0,0,675,6,135,93.2,629,57.0,385,125.7,179,12,41.8,282,1749,674,5.0,13.0,2.78
Davante Adams,8688,WR,LV,17,11.1,8,60.2,35.3,12,34,0,8.0,9,59,23,0,67.6,83.6,79.1,,80.0,0.0,0,6,46,0.0,0,605,1,103,96.2,582,16.9,102,81.1,171,8,82.0,496,1144,337,3.3,11.1,1.97
Tyreek Hill,10799,WR,MIA,16,11.3,26,71.3,35.0,7,20,0,7.0,9,83,17,1,65.9,63.6,93.7,,94.0,1.0,5,5,78,0.0,0,491,2,119,95.9,471,37.1,182,119.8,167,13,60.7,298,1799,657,5.5,15.1,3.82
Garrett Wilson,97405,WR,NYJ,17,10.6,19,58.3,29.7,11,37,1,5.9,6,47,22,2,64.1,32.1,72.9,,73.5,0.0,0,6,68,0.0,0,712,5,95,94.7,674,31.2,222,68.1,163,3,68.8,490,1042,319,3.4,11.0,1.55
Stefon Diggs,9579,WR,BUF,17,10.8,21,67.3,41.4,12,29,0,5.3,6,58,4,2,79.0,59.8,81.1,,81.1,0.0,0,4,55,0.0,0,631,3,107,94.0,593,35.0,221,95.5,159,8,63.7,402,1183,404,3.8,11.1,1.99
Amon-Ra St. Brown,84470,WR,DET,16,8.0,17,75.3,50.0,13,26,0,3.3,4,75,11,1,86.7,63.8,90.6,39.2,90.7,0.0,0,3,70,0.7,4,608,1,119,94.7,576,55.1,335,118.0,158,10,43.6,265,1515,677,5.7,12.7,2.63
Puka Nacua,100632,WR,LA,17,9.4,11,68.6,46.2,12,26,0,11.0,13,68,26,1,47.8,63.0,87.9,72.0,85.1,0.0,0,3,80,1.4,9,623,5,105,92.1,574,30.8,192,104.6,153,6,69.2,431,1486,627,6.0,14.2,2.59
A.J. Brown,48327,WR,PHI,17,12.3,19,69.7,45.2,14,31,0,3.6,4,70,24,2,88.3,35.4,90.0,80.3,90.4,0.2,1,4,59,0.5,3,607,2,106,95.1,577,23.9,145,104.5,152,7,75.8,460,1456,484,4.6,13.7,2.52
Michael Pittman Jr.,29049,WR,IND,16,8.1,5,72.7,53.6,15,28,0,4.4,5,53,14,1,89.2,60.4,77.7,75.1,80.0,2.0,12,6,75,0.5,3,606,8,109,93.2,565,25.6,155,86.9,150,4,72.4,439,1152,518,4.8,10.6,2.04
Keenan Allen,7857,WR,LAC,13,9.9,7,74.5,50.0,10,20,0,5.3,6,56,27,2,79.0,35.7,86.3,77.5,87.4,0.0,0,2,42,0.5,3,561,1,108,93.9,527,59.0,331,110.2,145,7,40.3,226,1243,395,3.7,11.5,2.36
Ja'Marr Chase,84270,WR,CIN,16,9.1,17,70.9,44.0,11,25,1,3.8,4,63,7,1,85.7,58.8,85.3,,86.7,0.0,0,2,76,0.0,0,631,2,100,95.2,601,23.5,148,107.8,141,7,75.9,479,1216,553,5.5,12.2,2.02
Evan Engram,11778,TE,JAX,17,5.0,16,81.4,66.7,8,12,0,5.0,6,47,15,3,81.0,27.2,71.6,61.8,73.2,25.7,174,3,34,3.2,22,678,3,114,91.0,617,54.1,367,95.9,140,4,19.8,134,963,528,4.6,8.4,1.56
Chris Olave,84355,WR,NO,16,13.9,4,63.0,40.0,10,25,0,6.5,6,57,20,0,71.2,82.7,82.5,,82.9,0.0,0,3,51,0.0,0,562,1,87,96.4,542,39.3,221,91.5,138,5,59.8,336,1123,355,4.1,12.9,2.07
Adam Thielen,8288,WR,CAR,17,8.0,3,75.7,50.0,6,12,0,3.7,4,56,5,2,86.7,33.0,72.7,46.5,75.3,0.0,0,1,32,0.7,5,683,5,103,93.3,637,69.1,472,103.0,136,4,30.0,205,1014,350,3.4,9.8,1.59
DeAndre Hopkins,7808,WR,TEN,17,14.8,6,56.4,22.7,5,22,0,5.1,4,48,31,0,77.4,82.1,81.0,62.3,82.3,0.0,0,6,61,0.2,1,543,4,75,93.0,505,20.3,110,80.9,133,7,79.0,429,1057,238,3.2,14.1,2.09
DJ Moore,48267,WR,CHI,17,11.9,16,72.7,53.6,15,28,1,2.0,2,64,6,1,90.5,57.4,89.3,,89.5,0.0,0,2,58,0.0,0,615,2,96,96.1,591,21.6,133,119.6,132,8,78.0,480,1364,550,5.7,14.2,2.31
Calvin Ridley,48262,WR,JAX,17,13.9,4,57.6,36.4,8,22,0,8.4,7,49,15,1,62.1,54.8,71.4,,72.2,0.0,0,4,59,0.0,0,688,3,76,94.0,647,18.6,128,89.7,132,8,81.4,560,1016,202,2.7,13.4,1.57
Terry McLaurin,48229,WR,WAS,17,12.2,7,61.7,50.0,13,26,0,4.8,4,47,32,0,84.3,82.1,75.1,,74.6,0.1,1,4,48,0.0,0,676,0,79,95.1,643,15.2,103,83.5,128,4,84.6,572,1002,356,4.5,12.7,1.56
Mike Evans,8642,WR,TB,17,15.0,5,62.2,53.3,16,30,0,6.0,5,54,30,0,73.2,82.1,81.5,,83.2,0.0,0,3,75,0.0,0,577,4,79,93.6,540,29.1,168,119.4,127,13,70.9,409,1255,333,4.2,15.9,2.32
T.J. Hockenson,40912,TE,MIN,15,7.6,7,76.6,32.0,8,25,0,5.0,5,48,18,1,79.7,56.6,78.8,65.6,82.4,49.7,280,1,29,4.6,26,563,3,95,90.2,508,38.2,215,108.3,124,5,12.1,68,960,342,3.6,10.1,1.89
Chris Godwin,11839,WR,TB,17,10.3,5,67.5,59.3,16,27,1,4.6,4,53,30,0,81.2,83.0,78.2,65.6,78.9,0.7,4,3,47,0.2,1,606,1,83,93.1,564,37.0,224,88.3,123,2,62.2,377,1024,385,4.6,12.3,1.82
Amari Cooper,9437,WR,CLV,15,14.1,5,59.0,51.7,15,29,0,6.5,5,50,8,2,53.3,48.5,80.3,68.1,80.1,0.0,0,6,75,0.2,1,577,1,72,93.8,541,22.2,128,87.1,122,5,77.5,447,1250,277,3.8,17.4,2.31
David Njoku,11784,TE,CLV,16,4.8,22,67.5,45.5,10,22,1,8.0,7,35,8,2,59.3,28.7,68.4,67.1,70.4,55.1,337,4,43,9.2,56,612,2,81,85.0,520,34.5,211,91.7,120,6,9.8,60,882,608,7.5,10.9,1.7
Sam LaPorta,101690,TE,DET,17,7.4,11,72.9,68.4,13,19,0,7.5,7,48,11,0,66.6,83.0,76.5,55.1,81.0,45.8,266,3,48,9.1,53,581,1,86,86.9,505,26.9,156,111.9,118,10,26.3,153,889,355,4.1,10.3,1.76
Tyler Lockett,9502,WR,SEA,17,12.0,2,67.5,36.4,8,22,0,4.8,4,47,29,0,74.6,82.3,78.1,,77.6,0.2,1,4,37,0.0,0,597,0,79,93.1,556,35.2,210,90.2,117,5,64.3,384,894,221,2.8,11.3,1.61
Travis Kelce,7844,TE,KC,15,6.9,17,79.5,30.8,4,13,3,6.1,6,50,16,1,74.9,56.9,78.6,77.0,83.6,27.4,154,2,53,3.6,20,562,10,93,91.3,513,49.8,280,108.8,117,5,21.9,123,984,461,5.0,10.6,1.92
D.K. Metcalf,47864,WR,SEA,16,14.1,14,58.9,29.0,9,31,3,8.3,6,52,29,0,56.0,81.0,80.0,,82.3,0.0,0,4,73,0.0,0,585,8,66,93.2,545,16.1,94,101.6,112,8,83.9,491,1114,370,5.6,16.9,2.04
DeVonta Smith,61100,WR,PHI,16,12.5,7,72.3,41.7,10,24,0,5.8,5,47,24,1,73.7,52.9,73.0,,74.4,0.0,0,3,63,0.0,0,624,1,81,95.7,597,30.8,192,111.7,112,7,68.6,428,1066,290,3.6,13.2,1.79
Nico Collins,61441,WR,HST,15,11.5,21,73.4,53.8,7,13,0,4.8,4,53,13,1,79.7,82.4,91.0,,90.6,0.2,1,2,75,0.0,0,442,0,80,94.8,419,19.5,86,129.6,109,8,80.3,355,1297,554,6.9,16.2,3.1
Drake London,86519,WR,ATL,16,11.7,4,65.1,51.5,17,33,0,4.2,3,45,2,0,74.8,81.4,78.9,,78.9,0.0,0,4,45,0.0,0,511,1,69,94.9,485,26.2,134,82.5,106,2,73.8,377,905,195,2.8,13.1,1.87
Jakobi Meyers,47468,WR,LV,16,9.8,8,67.0,52.4,11,21,0,5.3,4,46,23,0,75.3,82.1,69.9,71.8,71.8,0.0,0,4,33,0.4,2,561,6,71,94.7,531,28.0,157,99.1,106,8,71.8,403,807,243,3.4,11.4,1.52
Trey McBride,75916,TE,ARZ,17,6.2,12,77.1,73.3,11,15,0,4.7,4,42,1,1,78.8,51.5,76.3,55.1,80.5,40.2,183,4,38,4.2,19,455,8,81,89.2,406,51.9,236,92.8,105,3,6.4,29,825,430,5.3,10.2,2.03
Zay Flowers,97268,WR,BLT,16,8.8,19,74.0,50.0,5,10,1,8.3,7,42,3,0,61.5,83.1,75.6,,73.9,0.0,0,1,75,0.0,0,559,1,77,93.4,522,30.8,172,110.2,104,5,69.2,387,858,396,5.1,11.1,1.64
Jordan Addison,123000,WR,MIN,17,12.5,5,67.3,40.9,9,22,1,4.1,3,38,18,0,80.3,81.4,68.6,,69.7,0.0,0,7,62,0.0,0,642,1,70,94.4,606,28.8,185,98.7,104,10,70.7,454,911,267,3.8,13.0,1.5
George Pickens,99229,WR,PIT,17,13.7,7,60.6,33.3,7,21,1,4.5,3,41,25,3,84.6,22.8,75.3,,76.4,0.0,0,4,86,0.0,0,574,5,63,94.1,540,16.9,97,98.2,104,5,83.1,477,1140,409,6.5,18.1,2.11
Jaylen Waddle,84088,WR,MIA,14,10.4,10,69.2,38.5,5,13,0,7.7,6,47,17,0,65.1,82.0,90.7,,90.9,0.3,1,3,60,0.0,0,400,0,72,96.3,385,24.3,97,101.2,104,4,74.3,297,1014,423,5.9,14.1,2.63
Brandon Aiyuk,84109,WR,SF,16,14.3,12,74.3,61.5,8,13,0,2.6,2,61,28,1,83.2,51.0,92.3,66.8,92.3,0.2,1,3,76,0.4,2,474,3,75,94.1,446,23.8,113,126.8,101,7,75.9,360,1342,364,4.9,17.9,3.01
Rashee Rice,97605,WR,KC,16,5.2,12,79.0,16.7,1,6,0,3.7,3,44,16,2,83.9,28.3,85.0,71.7,85.1,0.7,3,1,67,1.0,4,416,2,79,94.2,392,49.8,207,124.9,100,7,49.3,205,938,656,8.3,11.9,2.39
Justin Jefferson,61398,WR,MIN,10,13.5,10,69.4,40.9,9,22,1,2.9,2,51,18,1,86.5,48.1,91.1,,91.2,0.0,0,3,52,0.0,0,391,1,68,94.4,369,30.2,118,109.8,98,5,69.6,272,1074,263,3.9,15.8,2.91
Elijah Moore,84302,WR,CLV,17,11.3,9,60.2,36.4,4,11,0,7.8,5,29,8,1,64.5,50.4,60.1,0.0,62.0,0.0,0,2,42,0.2,1,599,1,59,93.5,560,44.9,269,77.8,98,2,52.4,314,640,197,3.3,10.8,1.14
Jake Ferguson,61081,TE,DAL,17,6.2,17,74.0,33.3,7,21,0,6.6,5,40,9,0,69.4,81.4,71.9,72.6,73.4,45.2,266,1,40,5.3,31,589,4,71,88.6,522,43.8,258,109.8,96,5,9.7,57,761,424,6.0,10.7,1.46
Marquise Brown,61568,WR,ARZ,14,12.7,5,54.3,23.8,5,21,1,5.6,3,32,1,0,73.0,79.9,67.1,,68.1,0.0,0,3,41,0.0,0,499,4,51,92.2,460,20.0,100,73.6,94,4,79.8,398,574,167,3.3,11.3,1.25
Josh Downs,122832,WR,IND,17,7.4,9,72.3,45.5,5,11,0,2.9,2,30,14,0,87.4,84.6,70.3,,71.0,0.2,1,1,59,0.0,0,514,1,68,94.0,483,81.3,418,99.2,94,2,17.7,91,771,374,5.5,11.3,1.6
Romeo Doubs,84329,WR,GB,17,12.5,2,63.4,52.0,13,25,0,6.3,4,41,12,1,69.9,42.8,68.9,,68.9,0.0,0,3,36,0.0,0,536,1,59,95.0,509,16.0,86,100.4,93,8,84.0,450,674,138,2.3,11.4,1.32
Cooper Kupp,11824,WR,LA,12,8.6,11,64.1,50.0,5,10,0,7.8,5,33,26,0,58.6,80.6,72.4,,72.2,0.0,0,3,62,0.0,0,423,2,59,93.9,397,59.6,252,93.4,92,5,40.0,169,737,329,5.6,12.5,1.86
Tyler Boyd,10689,WR,CIN,17,7.2,11,73.6,40.0,6,15,0,4.3,3,28,7,0,73.8,81.5,59.5,66.2,64.4,0.0,0,4,64,0.2,1,611,2,67,94.6,578,85.3,521,83.0,91,2,14.6,89,667,287,4.3,10.0,1.15
Breece Hall,97636,HB,NYJ,17,-0.4,31,84.4,25.0,1,4,0,5.0,4,28,22,0,78.3,74.4,82.4,53.9,88.9,3.4,14,1,50,13.7,56,410,0,76,82.0,336,2.4,10,104.2,90,4,10.5,43,591,642,8.4,7.8,1.76
Dalton Kincaid,91791,TE,BUF,16,6.7,7,81.1,50.0,3,6,0,3.9,3,29,4,1,81.9,48.9,67.2,44.3,68.7,20.4,101,3,51,1.2,6,494,5,73,93.1,460,60.3,298,91.3,90,2,17.6,87,673,312,4.3,9.2,1.46
Jaxon Smith-Njigba,129758,WR,SEA,17,6.4,6,70.0,25.0,3,12,0,11.3,8,29,29,0,47.1,80.6,63.3,65.4,63.9,0.0,0,2,35,0.2,1,507,1,63,94.1,477,69.0,350,95.0,90,4,31.0,157,628,370,5.9,10.0,1.32
Jayden Reed,78171,WR,GB,16,10.3,6,71.1,25.0,3,12,0,4.5,3,32,12,0,79.6,87.4,75.1,62.4,76.0,0.2,1,1,59,0.2,1,407,3,64,95.1,387,75.7,308,123.1,90,8,23.3,95,793,348,5.4,12.4,2.05
George Kittle,11901,TE,SF,16,9.9,15,73.0,37.5,6,16,0,8.5,6,42,28,0,54.9,81.0,87.6,70.4,85.9,61.4,321,2,66,7.1,37,523,2,65,88.0,460,29.1,152,123.8,89,6,8.4,44,1020,477,7.3,15.7,2.22
Cole Kmet,60995,TE,CHI,17,7.0,7,83.0,44.4,4,9,0,1.4,1,36,6,1,90.4,50.9,73.7,64.3,77.7,41.3,210,3,53,12.8,65,508,3,73,83.7,425,47.6,242,109.2,88,6,10.0,51,719,294,4.0,9.8,1.69
Courtland Sutton,48164,WR,DEN,16,13.0,3,67.8,57.1,12,21,0,10.6,7,37,10,3,52.3,21.7,75.6,80.7,75.2,1.0,5,2,46,0.6,3,506,6,59,92.5,468,21.7,110,124.5,87,10,77.3,391,777,166,2.8,13.2,1.66
Deebo Samuel,48274,WR,SF,15,7.3,25,69.0,42.9,6,14,0,4.8,3,34,28,1,77.6,60.3,83.0,80.0,84.2,0.0,0,2,54,1.0,4,412,2,60,93.4,385,31.6,130,119.5,87,7,61.7,254,892,522,8.7,14.9,2.32
Alvin Kamara,11822,HB,NO,13,0.1,13,87.2,33.3,1,3,0,3.8,3,23,20,0,82.8,90.8,74.1,19.2,78.4,0.3,1,0,25,18.7,65,347,0,75,77.5,269,5.2,18,93.1,86,1,5.2,18,466,495,6.6,6.2,1.73
Kyle Pitts,83964,TE,ATL,17,12.0,2,61.6,38.1,8,21,2,3.6,2,35,2,0,80.7,79.7,68.1,77.6,72.7,14.9,74,3,39,2.0,10,496,4,53,94.0,466,58.5,290,82.8,86,3,26.4,131,667,132,2.5,12.6,1.43
Diontae Johnson,33441,WR,PIT,13,12.7,9,59.3,35.3,6,17,1,3.8,2,38,25,1,80.0,39.1,77.7,,79.1,0.0,0,1,71,0.0,0,391,4,51,93.1,364,21.7,85,100.8,86,5,78.3,306,717,267,5.2,14.1,1.97
Curtis Samuel,11795,WR,WAS,16,7.1,6,72.9,50.0,9,18,2,6.1,4,26,32,0,71.3,81.7,69.7,75.0,70.5,0.9,4,4,37,0.7,3,430,2,62,93.5,402,70.2,302,89.0,85,4,26.5,114,613,265,4.3,9.9,1.52
Dalton Schultz,47304,TE,HST,15,8.2,13,70.2,36.4,4,11,0,6.3,4,35,13,1,69.8,42.3,72.8,64.4,72.7,51.9,259,2,31,8.2,41,499,1,59,86.8,433,32.9,164,102.0,84,5,11.2,56,635,254,4.3,10.8,1.47
Jerry Jeudy,61103,WR,DEN,16,13.6,14,64.3,23.1,3,13,0,6.9,4,28,10,1,67.2,40.4,67.8,,68.1,0.0,0,3,47,0.0,0,492,0,54,93.5,460,59.1,291,86.3,84,2,39.8,196,758,317,5.9,14.0,1.65
Bijan Robinson,123126,HB,ATL,17,0.1,17,69.9,25.0,2,8,0,7.9,5,24,2,0,63.4,37.8,69.1,56.8,61.5,0.4,2,3,71,11.4,57,498,2,58,84.5,421,18.7,93,85.8,83,4,11.0,55,487,526,9.1,8.4,1.16
Tyler Conklin,47124,TE,NYJ,17,7.7,4,73.5,66.7,12,18,0,1.6,1,27,22,0,89.9,80.5,65.6,66.6,66.9,33.4,179,1,37,6.9,37,536,1,61,88.2,473,57.6,309,89.5,83,0,9.0,48,622,251,4.1,10.2,1.32
Jonathan Mingo,97774,WR,CAR,15,10.6,5,51.8,36.4,4,11,0,8.5,4,15,5,1,60.7,31.2,54.7,76.4,52.6,0.0,0,2,40,1.0,6,578,2,43,93.3,539,33.7,195,56.2,83,0,66.1,382,418,161,3.7,9.7,0.78
Brandin Cooks,8655,WR,DAL,16,13.5,4,67.1,52.9,9,17,1,1.8,1,38,9,1,81.6,55.0,69.6,,70.7,0.0,0,4,37,0.0,0,566,1,55,93.5,529,35.7,202,103.7,82,8,64.3,364,660,139,2.5,12.0,1.25
Dallas Goedert,47272,TE,PHI,14,5.5,9,72.8,46.2,6,13,0,3.3,2,33,24,0,83.3,80.4,73.3,79.4,70.2,35.5,169,3,49,4.0,19,476,3,59,91.8,437,52.1,248,90.1,81,3,12.0,57,592,320,5.4,10.0,1.35
Christian Kirk,47546,WR,JAX,12,10.7,6,71.3,28.6,2,7,1,6.6,4,34,15,2,68.2,26.7,71.1,75.7,72.7,0.0,0,2,57,0.2,1,408,1,57,93.1,380,71.3,291,104.6,80,3,27.9,114,788,252,4.4,13.8,2.07
Christian McCaffrey,11763,HB,SF,16,2.0,5,84.8,66.7,2,3,1,1.5,1,31,28,1,90.2,68.3,90.6,24.6,87.1,2.9,14,2,41,9.1,44,484,2,67,86.2,417,18.4,89,115.4,79,7,9.5,46,564,458,6.8,8.4,1.35
Jahan Dotson,84375,WR,WAS,17,10.0,1,62.0,33.3,4,12,2,7.5,4,27,32,0,64.3,79.2,57.7,66.1,58.5,0.0,0,7,33,0.1,1,675,3,49,94.1,635,42.1,284,61.0,79,4,57.9,391,518,118,2.4,10.6,0.82
Gabe Davis,55410,WR,BUF,17,15.6,7,57.7,50.0,7,14,0,8.2,4,34,4,1,63.6,36.2,67.9,65.3,68.7,0.5,3,6,57,1.2,7,598,0,45,92.8,555,16.7,100,87.9,78,7,82.4,493,746,179,4.0,16.6,1.34
Logan Thomas,8755,TE,WAS,16,6.6,2,72.4,38.9,7,18,0,5.2,3,20,32,2,75.7,25.9,57.1,73.9,56.1,20.4,116,2,29,5.1,29,568,4,55,90.7,515,54.0,307,96.2,76,4,25.4,144,496,236,4.3,9.0,0.96
Demario Douglas,104155,WR,NE,14,8.0,12,64.5,36.4,4,11,0,3.9,2,26,19,1,79.7,57.6,74.4,,75.6,0.0,0,3,42,0.0,0,337,2,49,97.9,330,67.7,228,70.1,76,0,31.5,106,561,343,7.0,11.4,1.7
Wan'Dale Robinson,101735,WR,NYG,15,5.5,11,78.9,80.0,4,5,2,4.8,3,29,21,0,76.2,81.6,65.5,,67.0,1.4,6,0,33,0.0,0,422,2,60,95.3,402,78.2,330,99.8,76,1,19.4,82,525,291,4.9,8.8,1.31
Darius Slayton,25578,WR,NYG,17,12.5,12,65.8,18.2,2,11,0,5.7,3,29,21,0,71.4,79.6,67.5,68.1,68.2,0.2,1,2,80,0.2,1,584,0,50,95.5,558,33.4,195,105.6,76,4,66.4,388,769,302,6.0,15.4,1.38
Tank Dell,78874,WR,HST,11,14.4,3,63.5,60.0,6,10,0,7.8,4,33,13,0,64.5,85.5,83.4,,83.3,0.0,0,2,68,0.0,0,338,1,47,94.7,320,28.7,97,115.2,74,7,70.1,237,709,145,3.1,15.1,2.22
Tee Higgins,61211,WR,CIN,12,13.1,4,56.8,34.8,8,23,1,12.5,6,33,7,0,45.9,78.5,72.1,65.7,70.9,0.2,1,1,80,0.2,1,419,3,42,94.5,396,17.4,73,103.2,74,5,82.3,345,656,235,5.6,15.6,1.66
Chigoziem Okonkwo,84000,TE,TEN,17,7.0,7,73.0,45.5,5,11,1,10.0,6,25,31,0,46.8,80.0,62.1,63.9,63.2,27.4,130,1,39,9.7,46,475,5,54,84.8,403,57.5,273,91.5,74,1,9.5,45,528,271,5.0,9.8,1.31
K.J. Osborn,23503,WR,MIN,16,9.2,1,65.8,25.0,3,12,0,12.7,7,28,18,1,35.7,79.0,53.9,73.6,54.3,0.0,0,3,47,0.3,2,594,2,48,93.9,558,35.4,210,84.3,73,3,64.6,384,540,186,3.9,11.3,0.97
Jaylen Warren,98692,HB,PIT,17,-1.8,23,84.7,0.0,0,3,1,7.6,5,19,25,1,65.6,35.2,78.6,27.2,72.0,4.8,16,0,30,19.3,65,336,1,61,76.2,256,7.4,25,88.1,72,0,5.1,17,370,496,8.1,6.1,1.45
Darren Waller,9637,TE,NYG,12,7.9,3,72.2,43.8,7,16,0,1.9,1,25,21,0,86.9,79.5,69.4,57.6,73.1,26.0,103,2,29,5.3,21,396,0,52,89.6,355,52.0,206,87.3,72,1,21.5,85,552,217,4.2,10.6,1.55
Rashid Shaheed,63707,WR,NO,15,14.6,4,64.8,55.6,5,9,0,4.2,2,27,20,0,77.0,71.6,69.0,,69.4,0.0,0,3,58,0.0,0,446,3,46,96.6,431,47.1,210,104.1,71,5,52.2,233,719,155,3.4,15.6,1.67
Robert Woods,7822,WR,HST,14,10.1,1,56.3,40.0,8,20,1,9.1,4,26,13,0,58.4,83.6,61.3,39.3,61.5,0.5,2,1,26,0.5,2,444,3,40,93.9,417,54.5,242,72.9,71,1,43.0,191,426,131,3.3,10.7,1.02
Gerald Everett,11799,TE,LAC,15,4.2,16,72.9,27.3,3,11,1,3.8,2,25,27,3,80.3,25.2,65.6,67.5,68.1,49.1,183,1,31,7.2,27,373,2,51,87.4,326,35.7,133,95.6,70,3,12.6,47,411,277,5.4,8.1,1.26
Rachaad White,131633,HB,TB,17,-0.6,22,91.4,33.3,1,3,0,3.0,2,23,30,1,84.6,67.7,67.6,65.1,67.3,0.0,0,0,43,13.1,72,551,2,64,81.9,451,7.8,43,113.6,70,3,11.3,62,549,617,9.6,8.6,1.22
Jahmyr Gibbs,122474,HB,DET,15,0.0,13,75.4,33.3,1,3,0,8.8,5,20,11,0,59.2,68.5,74.5,23.6,62.8,0.0,0,1,24,10.0,38,381,0,52,85.3,325,9.4,36,82.8,69,1,11.5,44,316,325,6.3,6.1,0.97
Austin Ekeler,12164,HB,LAC,14,-0.9,12,73.9,0.0,0,3,0,7.3,4,21,27,2,65.4,29.6,60.2,29.3,57.4,0.0,0,1,39,13.4,56,418,0,51,83.5,349,5.0,21,88.8,69,1,7.4,31,436,533,10.5,8.5,1.25
Jonnu Smith,11855,TE,ATL,17,6.2,14,72.5,44.4,4,9,2,9.1,5,26,2,1,57.3,37.5,59.1,75.4,63.5,30.5,134,2,60,10.0,44,439,5,50,85.4,375,52.8,232,100.0,69,3,13.7,60,582,366,7.3,11.6,1.55
Tyjae Spears,97195,HB,TEN,17,-0.2,27,77.6,37.5,3,8,0,3.7,2,17,31,1,87.4,74.8,77.0,79.6,74.6,3.2,13,1,48,20.8,85,408,1,52,74.3,303,8.1,33,89.4,67,1,9.1,37,385,470,9.0,7.4,1.27
Travis Etienne Jr.,57185,HB,JAX,17,-0.9,24,86.6,0.0,0,1,0,7.9,5,23,15,0,63.6,91.3,77.0,52.2,69.3,0.0,0,0,56,21.9,120,549,1,58,73.6,404,4.9,27,101.2,67,1,8.0,44,476,541,9.3,8.2,1.18
Cade Otton,61071,TE,TB,17,6.8,6,70.1,33.3,4,12,0,6.0,3,21,30,1,71.4,79.2,52.1,44.9,54.1,38.1,254,1,27,8.1,54,666,2,47,85.3,568,43.5,290,102.6,67,4,16.8,112,456,228,4.9,9.7,0.8
Tutu Atwell,77965,WR,LA,16,11.5,1,59.1,40.0,4,10,0,7.1,3,26,26,0,66.2,79.5,67.1,,65.4,0.0,0,2,44,0.0,0,438,0,39,92.5,405,43.6,191,84.3,66,3,56.4,247,483,109,2.8,12.4,1.19
Tony Pollard,27126,HB,DAL,17,0.3,5,83.3,50.0,3,6,0,5.2,3,12,9,2,74.5,64.8,76.6,68.6,50.2,0.0,0,0,60,19.6,105,537,0,55,74.7,401,6.0,32,86.3,66,0,7.3,39,311,321,5.8,5.7,0.78
Trey Palmer,99248,WR,TB,17,11.2,1,59.1,33.3,6,18,0,7.1,3,17,30,3,65.5,19.0,51.3,,52.7,0.2,1,1,54,0.0,0,495,4,39,92.7,459,56.6,280,84.5,66,3,43.0,213,385,113,2.9,9.9,0.84
Tyler Higbee,10744,TE,LA,15,6.1,2,71.2,44.4,4,9,0,7.8,4,26,26,0,62.5,79.2,59.4,68.4,60.7,57.3,303,0,33,8.7,46,529,4,47,85.8,454,28.5,151,102.8,66,2,14.2,75,495,248,5.3,10.5,1.09
Quentin Johnston,123085,WR,LAC,17,13.0,5,58.5,31.8,7,22,0,5.0,2,20,27,0,64.3,78.6,58.9,,58.7,0.0,0,1,57,0.0,0,514,1,38,94.9,488,10.7,55,82.3,65,2,89.3,459,431,152,4.0,11.3,0.88
Michael Thomas,10681,WR,NO,10,10.7,4,61.9,47.1,8,17,1,2.5,1,21,20,0,81.8,77.9,67.4,,67.8,0.0,0,1,31,0.0,0,333,2,39,97.3,324,28.5,95,82.0,63,1,71.5,238,448,106,2.7,11.5,1.38
Alec Pierce,78038,WR,IND,17,15.7,1,50.8,42.9,9,21,0,5.9,2,24,14,0,69.5,77.0,58.1,66.3,56.6,0.0,0,1,58,0.2,1,649,2,32,93.2,605,13.1,85,82.4,63,2,86.9,564,514,94,2.9,16.1,0.85
Joe Mixon,11803,HB,CIN,17,-2.0,17,83.9,0.0,0,2,1,7.1,4,14,7,0,67.2,91.3,71.1,29.7,68.8,0.0,0,1,45,15.4,71,462,2,52,80.7,373,3.5,16,101.3,62,3,4.8,22,376,482,9.3,7.2,1.01
DJ Chark Jr.,47702,WR,CAR,15,15.2,1,56.5,58.8,10,17,0,12.5,5,22,5,2,46.1,21.7,60.0,,60.0,0.0,0,0,47,0.0,0,521,0,35,93.3,486,24.6,128,111.3,62,5,75.4,393,525,92,2.6,15.0,1.08
Zay Jones,11792,WR,JAX,9,14.1,0,54.8,35.7,5,14,0,2.9,1,13,15,0,79.4,77.1,61.2,66.2,61.5,0.0,0,2,36,0.3,1,325,0,34,94.5,307,28.9,94,66.7,62,2,71.1,231,321,61,1.8,9.4,1.05
Odell Beckham Jr.,8647,WR,BLT,14,14.9,4,56.5,44.4,4,9,0,2.8,1,27,3,1,80.8,28.9,76.2,,78.0,0.0,0,1,51,0.0,0,324,2,35,91.0,295,12.3,40,96.5,62,3,87.7,284,565,159,4.5,16.1,1.92
Hunter Henry,10669,TE,NE,14,9.4,1,67.7,58.8,10,17,1,4.5,2,29,19,1,75.8,31.2,69.3,74.8,72.2,43.5,180,2,24,6.3,26,414,5,42,89.4,370,48.1,199,105.5,62,6,8.2,34,419,76,1.8,10.0,1.13
Rondale Moore,62890,WR,ARZ,17,6.3,7,65.6,28.6,2,7,0,11.1,5,17,1,1,52.5,51.2,53.6,,50.5,0.0,0,0,48,0.0,0,517,0,40,92.6,479,68.3,353,86.2,61,1,26.3,136,352,214,5.4,8.8,0.73
Ezekiel Elliott,10638,HB,NE,17,-0.5,10,83.6,50.0,1,2,0,5.6,3,12,19,1,72.5,55.2,67.6,37.1,66.3,0.6,2,0,23,21.2,69,326,0,51,75.8,247,8.9,29,99.0,61,2,6.7,22,313,378,7.4,6.1,1.27
Josh Reynolds,11872,WR,DET,17,11.5,11,65.6,61.5,8,13,1,7.0,3,32,11,1,65.7,29.5,69.7,61.6,69.3,0.0,0,1,33,0.2,1,500,3,40,94.8,474,36.0,180,118.8,61,5,64.0,320,608,180,4.5,15.2,1.28
Mark Andrews,47436,TE,BLT,10,8.2,7,75.0,42.9,3,7,0,8.2,4,27,3,0,61.2,78.9,80.0,71.0,80.7,9.9,30,0,38,2.3,7,303,0,45,91.7,278,80.5,244,135.7,60,6,8.9,27,544,217,4.8,12.1,1.96
Joshua Palmer,62979,WR,LAC,10,12.3,2,63.3,46.7,7,15,0,7.3,3,22,27,1,66.3,29.7,67.6,,67.6,0.0,0,1,79,0.0,0,369,1,38,92.7,342,38.8,143,99.6,60,2,61.0,225,584,191,5.0,15.4,1.71
Jerome Ford,83601,HB,CLV,17,0.7,11,73.3,66.7,2,3,0,17.0,9,16,8,0,29.5,81.9,68.9,63.2,54.8,8.7,35,0,50,15.0,60,401,0,44,79.8,320,3.7,15,113.1,60,5,4.2,17,319,303,6.9,7.3,1.0
Michael Wilson,84423,WR,ARZ,13,14.1,6,64.4,47.1,8,17,1,2.6,1,29,1,0,81.9,77.9,68.3,68.1,68.7,0.0,0,2,69,0.2,1,444,3,38,93.5,415,25.9,115,98.5,59,3,74.1,329,565,143,3.8,14.9,1.36
Saquon Barkley,45791,HB,NYG,14,2.3,6,70.7,33.3,1,3,0,10.9,5,16,21,0,51.4,74.1,70.2,76.6,60.6,1.7,7,3,46,23.6,100,423,1,41,72.3,306,9.0,38,82.5,58,4,8.5,36,280,248,6.0,6.8,0.92
Juwan Johnson,28305,TE,NO,13,8.0,5,63.8,64.3,9,14,2,7.5,3,23,20,0,63.4,77.6,58.8,46.8,66.3,26.9,93,4,32,7.8,27,346,5,37,89.3,309,57.2,198,75.9,58,4,15.3,53,368,149,4.0,9.9,1.19
Dontayvion Wicks,99711,WR,GB,15,10.6,9,68.4,50.0,3,6,0,4.9,2,29,12,3,73.2,22.7,78.4,,77.8,0.7,2,1,35,0.0,0,299,2,39,95.3,285,36.5,109,117.6,57,4,62.9,188,580,218,5.6,14.9,2.04
Antonio Gibson,78050,HB,WAS,16,-0.3,12,84.2,66.7,2,3,0,7.7,4,19,32,2,63.0,25.8,66.6,71.9,64.5,1.7,7,1,41,17.8,72,404,1,48,78.7,318,2.7,11,99.5,57,2,5.4,22,389,392,8.2,8.1,1.22
Michael Gallup,26075,WR,DAL,17,11.2,3,60.7,35.0,7,20,0,8.1,3,19,9,0,61.2,77.1,61.5,,62.7,0.0,0,2,41,0.0,0,424,0,34,92.9,394,10.8,46,80.8,56,2,89.2,378,418,104,3.1,12.3,1.06
Kendrick Bourne,12270,WR,NE,8,10.5,8,67.3,0.0,0,4,0,0.0,0,15,19,1,90.0,29.3,67.2,,69.7,0.0,0,4,36,0.0,0,247,3,37,95.1,235,30.4,75,82.8,55,4,69.6,172,406,208,5.6,11.0,1.73
Darnell Mooney,48236,WR,CHI,15,11.3,4,56.4,18.2,2,11,1,13.9,5,20,6,0,41.0,77.1,55.2,39.6,58.9,0.6,3,4,41,0.8,4,489,1,31,95.3,466,65.4,320,56.2,55,1,32.5,159,414,185,6.0,13.4,0.89
Rashod Bateman,84296,WR,BLT,16,14.7,3,58.2,41.7,5,12,1,11.1,4,20,3,0,52.5,77.4,61.4,,60.6,0.3,1,3,29,0.0,0,356,1,32,94.7,337,11.2,40,61.7,55,1,88.5,315,367,64,2.0,11.5,1.09
DeVante Parker,9447,WR,NE,13,11.3,2,60.0,52.6,10,19,0,8.3,3,17,19,0,61.3,77.1,61.2,,62.5,0.0,0,2,30,0.0,0,362,1,33,96.1,348,16.3,59,66.8,55,0,83.7,303,394,131,4.0,11.9,1.13
Javonte Williams,77803,HB,DEN,16,-1.7,5,85.5,100.0,1,1,0,7.8,4,10,10,1,63.0,83.3,63.3,27.8,61.9,1.7,4,0,18,21.0,48,229,1,47,74.2,170,1.3,3,96.1,55,2,1.3,3,228,309,6.6,4.9,1.34
Noah Brown,11993,WR,HST,10,12.7,2,61.1,28.6,2,7,1,13.2,5,24,13,0,47.0,77.6,74.3,66.9,75.0,0.3,1,0,75,0.3,1,323,2,33,90.7,293,39.6,128,109.1,54,2,60.1,194,567,222,6.7,17.2,1.94
Samaje Perine,11869,HB,DEN,17,-0.3,19,94.3,100.0,1,1,0,2.0,1,23,10,2,86.5,61.8,71.3,31.1,81.0,1.0,3,0,29,18.8,54,287,0,50,76.0,218,4.9,14,102.4,53,0,6.3,18,455,461,9.2,9.1,2.09
James Cook,83666,HB,BUF,17,2.4,12,83.0,0.0,0,2,0,12.0,6,16,4,1,46.8,50.2,71.8,23.8,53.5,0.0,0,0,48,10.4,38,364,0,44,84.6,308,8.2,30,126.9,53,4,9.6,35,446,405,9.2,10.1,1.45
Christian Watson,66581,WR,GB,9,16.7,1,52.8,33.3,6,18,0,6.7,2,20,12,0,65.8,77.2,69.1,65.5,70.6,2.1,6,5,77,0.3,1,286,2,28,94.8,271,34.6,99,71.4,53,5,63.3,181,422,106,3.8,15.1,1.56
Josh Jacobs,45953,HB,LV,13,0.9,9,71.2,25.0,1,4,0,11.9,5,15,23,1,48.0,61.0,65.0,50.9,51.0,0.0,0,3,21,24.6,81,329,2,37,72.3,238,5.5,18,61.1,52,0,4.3,14,296,293,7.9,8.0,1.24
Justin Watson,66915,WR,KC,16,18.8,0,51.9,53.8,7,13,0,12.9,4,21,16,1,45.2,26.4,63.7,66.3,64.0,0.5,2,3,41,0.3,1,387,1,27,94.8,367,29.5,114,77.4,52,3,69.5,269,460,49,1.8,17.0,1.25
Isiah Pacheco,83747,HB,KC,14,-2.2,8,88.0,,0,0,0,2.2,1,12,16,0,84.3,90.9,82.3,62.8,70.8,1.5,5,0,33,16.5,56,340,1,44,78.8,268,3.2,11,100.3,50,2,4.7,16,244,355,8.1,5.5,0.91
Tanner Hudson,66924,TE,CIN,12,5.5,5,79.6,50.0,3,6,0,2.5,1,21,7,0,81.8,78.0,73.0,52.2,72.5,26.4,64,1,26,0.8,2,242,1,39,93.4,226,50.0,121,94.9,49,1,22.3,54,352,146,3.7,9.0,1.56
Allen Lazard,48135,WR,NYJ,14,12.2,1,47.9,23.5,4,17,0,17.9,5,17,22,0,31.7,75.3,52.7,74.9,52.6,0.2,1,1,39,0.4,2,483,5,23,94.2,455,22.2,107,67.3,48,1,77.6,375,311,57,2.5,13.5,0.68
Rhamondre Stevenson,98689,HB,NE,12,-0.1,8,79.2,100.0,1,1,0,9.5,4,8,19,0,55.9,77.3,71.3,72.7,51.2,0.0,0,0,34,16.2,50,308,0,38,81.5,251,8.4,26,87.3,48,0,8.1,25,238,273,7.2,6.3,0.95
Kylen Granson,40630,TE,IND,15,8.4,0,63.8,50.0,3,6,0,9.1,3,19,14,0,48.7,76.7,56.8,63.8,59.3,45.5,146,0,46,4.7,15,321,2,30,90.3,290,42.4,136,95.0,47,1,10.6,34,368,133,4.4,12.3,1.27
Allen Robinson II,8696,WR,PIT,17,7.9,1,72.3,57.1,4,7,0,0.0,0,9,25,0,89.3,77.3,52.0,61.3,51.1,0.9,4,1,31,1.4,6,430,0,34,93.0,400,69.1,297,78.3,47,0,30.0,129,280,70,2.1,8.2,0.7
D'Andre Swift,57212,HB,PHI,16,0.4,8,83.0,0.0,0,3,0,2.5,1,8,24,1,82.2,60.3,66.7,47.9,52.8,0.0,0,1,20,12.8,43,337,1,39,82.8,279,8.0,27,83.9,47,1,12.5,42,214,277,7.1,5.5,0.77
Kyren Williams,97118,HB,LA,12,0.1,3,68.1,100.0,1,1,0,13.5,5,9,26,1,42.1,61.2,80.3,54.4,38.5,0.0,0,1,24,21.5,92,428,2,32,75.5,323,4.9,21,89.5,47,3,3.5,15,206,279,8.7,6.4,0.64
JuJu Smith-Schuster,11817,WR,NE,11,7.5,0,63.0,61.5,8,13,0,9.4,3,13,19,0,57.0,76.3,57.0,,59.0,0.4,1,4,37,0.0,0,256,4,29,96.1,246,43.4,111,49.2,46,1,56.3,144,260,95,3.3,9.0,1.06
Nelson Agholor,9453,WR,BLT,17,9.4,4,77.8,50.0,4,8,1,5.4,2,19,3,1,71.4,41.3,62.2,36.3,62.3,2.7,10,1,37,0.3,1,371,1,35,93.5,347,72.0,267,122.3,45,4,25.3,94,381,148,4.2,10.9,1.1
Luke Musgrave,98499,TE,GB,11,7.4,2,75.6,25.0,1,4,0,2.9,1,14,12,0,79.4,77.1,63.7,45.7,64.2,50.3,157,0,37,8.0,25,312,1,34,88.1,275,41.0,128,105.0,45,1,8.3,26,352,176,5.2,10.4,1.28
Khalil Shakir,84140,WR,BUF,17,8.6,3,86.7,50.0,2,4,0,2.5,1,26,4,0,82.8,82.2,75.2,69.9,75.7,1.1,4,0,81,0.9,3,352,1,39,94.3,332,77.3,272,133.6,45,2,21.6,76,611,286,7.3,15.7,1.84
Pat Freiermuth,84085,TE,PIT,12,7.0,4,72.7,57.1,4,7,0,0.0,0,17,25,0,88.7,77.0,65.3,77.5,68.7,43.4,134,1,29,5.2,16,309,3,32,89.3,276,48.9,151,97.5,44,2,7.8,24,308,154,4.8,9.6,1.12
Chuba Hubbard,57373,HB,CAR,17,-0.8,8,88.6,,0,0,0,0.0,0,9,5,1,90.1,87.7,77.2,61.6,62.1,0.0,0,1,25,26.1,110,422,0,39,69.9,295,0.7,3,79.3,44,0,3.3,14,233,273,7.0,6.0,0.79
Brandon Powell,48036,WR,MIN,13,8.4,3,67.4,28.6,2,7,1,9.4,3,18,18,0,57.2,64.2,61.7,76.7,63.6,0.0,0,2,28,1.6,5,305,3,29,94.1,287,63.6,194,78.1,43,1,36.4,111,324,102,3.5,11.2,1.13
Kalif Raymond,11028,WR,DET,17,8.8,3,81.4,0.0,0,2,0,2.8,1,20,11,0,79.9,89.7,75.4,28.2,75.8,0.8,2,0,41,0.4,1,247,2,35,95.5,236,49.0,121,121.8,43,1,49.0,121,489,214,6.1,14.0,2.07
Mike Gesicki,47153,TE,NE,17,9.3,0,67.4,50.0,5,10,0,0.0,0,11,19,0,87.6,76.5,55.7,78.7,58.3,10.2,36,2,18,1.1,4,354,0,29,95.8,339,71.2,252,78.0,43,2,18.6,66,243,85,2.9,8.4,0.72
Cedric Tillman,84434,WR,CLV,14,12.2,4,50.0,28.6,2,7,0,4.5,1,12,8,0,71.3,75.0,55.5,76.4,55.4,2.9,11,5,23,1.6,6,382,1,21,93.7,358,38.5,147,26.4,42,0,58.6,224,224,67,3.2,10.7,0.63
Roschon Johnson,99467,HB,CHI,15,-1.0,10,81.0,0.0,0,1,1,5.6,2,6,6,0,71.6,65.9,65.8,64.8,60.7,2.6,7,0,24,25.2,68,270,1,34,70.4,190,2.6,7,87.4,42,0,7.0,19,209,252,7.4,6.1,1.1
Zach Ertz,7816,TE,ARZ,7,7.0,0,64.3,42.9,3,7,0,12.9,4,8,1,0,36.0,75.9,50.8,29.4,51.7,33.0,67,2,17,1.5,3,203,0,27,91.6,186,54.7,111,62.3,42,1,12.3,25,187,51,1.9,6.9,1.01
Noah Fant,42388,TE,SEA,17,7.5,5,76.2,33.3,1,3,0,5.9,2,16,29,0,69.0,76.8,62.9,72.1,64.2,43.9,166,1,51,9.5,36,378,4,32,84.7,320,37.8,143,96.7,42,0,10.8,41,414,182,5.7,12.9,1.29
Nick Westbrook-Ikhine,47861,WR,TEN,14,12.4,4,66.7,22.2,2,9,1,12.5,4,18,31,0,40.0,76.5,59.4,79.6,61.9,0.0,0,0,33,2.8,10,362,3,28,90.6,328,52.2,189,118.2,42,3,47.8,173,370,117,4.2,13.2,1.13
Van Jefferson,47447,WR,ATL,17,16.9,0,47.6,37.5,3,8,0,13.0,3,10,2,0,47.8,75.0,50.1,,51.9,0.0,0,4,46,0.0,0,395,4,20,95.2,376,39.7,157,22.9,42,0,60.3,238,209,23,1.2,10.5,0.56
Jameson Williams,101701,WR,DET,12,16.0,5,57.1,57.1,4,7,0,17.2,5,14,11,1,33.6,26.9,61.4,61.8,62.1,0.0,0,2,63,0.4,1,250,0,24,96.4,241,35.2,88,80.9,42,2,64.8,162,354,103,4.3,14.8,1.47
Alexander Mattison,45817,HB,MIN,16,0.8,3,71.4,,0,0,0,16.7,6,5,18,1,37.2,52.5,61.8,49.5,41.2,4.0,15,0,47,21.8,82,376,0,30,73.9,278,1.1,4,104.5,42,3,4.3,16,192,181,6.0,6.4,0.69
Durham Smythe,47257,TE,MIA,16,6.6,0,85.4,33.3,2,6,0,0.0,0,22,17,0,90.0,28.9,54.1,59.0,54.2,33.7,166,0,22,15.8,78,493,1,35,81.1,400,48.1,237,103.9,41,0,16.4,81,366,137,3.9,10.5,0.92
Donald Parham Jr.,91014,TE,LAC,14,8.7,6,67.5,57.1,4,7,0,10.0,3,22,27,0,45.2,75.9,59.7,78.3,64.0,54.0,162,1,24,10.3,31,300,2,27,83.7,251,33.7,101,110.9,40,4,12.3,37,285,124,4.6,10.6,1.14
Brian Robinson,57120,HB,WAS,15,-1.2,10,90.0,100.0,1,1,0,7.7,3,15,32,1,63.4,38.0,75.3,62.0,71.4,0.3,1,0,51,22.8,68,298,0,36,73.5,219,4.7,14,138.2,40,4,0.7,2,367,412,11.4,10.2,1.68
Aaron Jones,11937,HB,GB,11,-0.9,6,75.0,50.0,1,2,0,16.7,6,13,12,1,32.8,58.9,76.0,61.0,53.6,5.8,11,0,51,9.9,19,191,0,30,87.4,167,5.2,10,97.2,40,1,9.4,18,233,270,9.0,7.8,1.4
Marquez Valdes-Scantling,47809,WR,KC,16,17.6,1,52.5,33.3,2,6,1,12.5,3,14,16,1,49.1,25.0,50.4,,51.7,0.0,0,1,46,0.0,0,474,3,21,94.1,446,32.5,154,76.6,40,1,67.5,320,315,91,4.3,15.0,0.71
Jalin Hyatt,124282,WR,NYG,17,20.7,1,57.5,40.0,4,10,0,14.8,4,11,21,1,44.0,26.2,59.7,,58.5,0.0,0,2,58,0.0,0,403,0,23,96.3,388,11.7,47,68.0,40,0,88.3,356,373,53,2.3,16.2,0.96
Zach Charbonnet,97630,HB,SEA,16,-1.0,5,82.5,50.0,1,2,1,5.7,2,7,29,0,78.9,89.5,69.7,61.1,63.2,2.0,7,0,39,18.5,65,351,2,33,78.6,276,6.3,22,88.4,40,0,6.3,22,209,251,7.6,6.3,0.76
Taysom Hill,12112,TE,NO,16,5.7,5,84.6,40.0,2,5,0,2.9,1,11,20,0,79.4,67.7,75.3,60.1,66.4,21.5,55,0,36,1.6,4,256,0,33,87.5,224,44.5,114,114.9,39,2,25.0,64,291,136,4.1,8.8,1.3
Tucker Kraft,104034,TE,GB,17,5.3,5,79.5,25.0,1,4,1,3.1,1,18,12,0,78.0,76.6,63.6,67.7,67.4,65.9,228,0,43,11.3,39,346,2,31,85.3,295,23.7,82,121.7,39,2,10.4,36,355,234,7.5,11.5,1.2
Noah Gray,60878,TE,KC,17,7.1,8,71.8,0.0,0,5,0,3.4,1,16,16,0,76.7,76.6,61.7,46.3,62.1,42.0,154,1,34,9.3,34,367,0,28,85.3,313,36.2,133,100.9,39,2,20.4,75,305,140,5.0,10.9,0.97
Demarcus Robinson,10760,WR,LA,13,13.2,3,66.7,85.7,6,7,0,0.0,0,20,26,2,86.1,20.0,69.5,,69.2,0.0,0,1,37,0.0,0,233,2,26,96.1,224,23.6,55,120.8,39,4,76.4,178,371,91,3.5,14.3,1.66
Miles Sanders,40555,HB,CAR,16,0.6,8,71.1,0.0,0,1,0,6.9,2,8,5,0,66.6,56.4,60.8,23.3,68.0,0.0,0,1,14,14.3,38,265,0,27,79.6,211,6.0,16,67.2,38,0,13.2,35,154,161,6.0,5.7,0.73
Greg Dortch,42237,WR,ARZ,13,9.7,7,63.2,25.0,2,8,0,0.0,0,14,1,0,85.7,88.8,68.2,,71.2,0.0,0,0,38,0.0,0,258,1,24,95.0,245,28.3,73,103.1,38,2,71.3,184,281,153,6.4,11.7,1.15
Cedrick Wilson Jr.,48170,WR,MIA,15,11.5,1,57.9,55.6,5,9,0,0.0,0,14,17,0,84.5,78.2,66.3,,66.4,0.7,2,1,31,0.0,0,287,2,22,94.4,271,36.6,105,98.1,38,3,62.0,178,296,61,2.8,13.5,1.09
Isaiah Likely,83955,TE,BLT,17,6.5,11,81.1,100.0,4,4,0,11.8,4,15,3,0,50.9,77.2,66.2,62.9,69.4,39.2,121,0,54,1.9,6,309,2,30,91.9,284,54.4,168,152.5,37,5,5.8,18,411,221,7.4,13.7,1.45
Devin Singletary,40485,HB,HST,17,-0.1,3,81.1,0.0,0,1,0,3.2,1,7,13,0,77.8,83.2,70.8,31.0,54.0,0.0,0,0,41,16.8,64,380,0,30,77.6,295,7.1,27,88.4,37,0,7.1,27,193,226,7.5,6.4,0.65
De'Von Achane,124305,HB,MIA,11,0.8,10,75.7,0.0,0,1,0,0.0,0,10,17,0,86.9,69.5,92.4,65.7,77.1,0.0,0,0,23,0.6,1,181,0,28,95.0,172,34.8,63,113.9,37,3,12.2,22,193,265,9.5,6.9,1.12
Kadarius Toney,61245,WR,KC,13,2.9,12,73.0,0.0,0,2,0,12.9,4,12,16,1,37.4,38.3,62.5,,62.9,0.6,1,2,18,0.0,0,161,1,27,94.4,152,46.0,74,68.4,37,1,47.2,76,169,136,5.0,6.3,1.11
Justice Hill,45865,HB,BLT,16,0.6,7,75.7,40.0,2,5,0,3.4,1,8,3,1,78.5,66.8,70.3,67.3,58.8,1.3,4,0,24,20.9,67,320,0,28,72.8,233,3.8,12,97.4,37,1,4.7,15,206,240,8.6,7.4,0.88
Michael Mayer,122906,TE,LV,14,6.4,8,73.0,55.6,5,9,1,6.9,2,19,23,0,66.0,76.1,58.3,51.9,66.1,59.6,204,1,32,17.5,60,342,4,27,79.8,273,30.4,104,103.9,37,2,9.6,33,304,163,6.0,11.3,1.11
Hunter Renfrow,47509,WR,LV,17,5.4,6,67.6,0.0,0,4,0,19.4,6,11,23,1,29.7,26.8,48.6,,50.4,0.0,0,0,38,0.0,0,271,0,25,96.3,261,91.5,248,87.1,37,0,8.1,22,255,152,6.1,10.2,0.98
Skyy Moore,97116,WR,KC,14,9.3,4,58.3,25.0,1,4,0,4.5,1,13,16,0,72.8,26.3,54.8,,54.9,1.3,4,3,54,0.0,0,307,0,21,94.1,289,34.9,107,53.5,36,1,63.2,194,244,111,5.3,11.6,0.84
Kenneth Gainwell,77737,HB,PHI,16,1.9,8,83.3,0.0,0,2,0,3.2,1,11,24,0,77.3,28.8,55.5,45.0,57.6,1.7,5,0,19,21.7,65,299,0,30,75.3,225,7.0,21,87.8,36,0,12.4,37,183,177,5.9,6.1,0.81
Xavier Gipson,104136,WR,NYJ,14,9.9,6,58.3,28.6,2,7,0,4.5,1,9,22,0,72.8,40.1,56.2,38.3,56.5,0.0,0,1,36,0.3,1,363,2,21,94.5,343,61.4,223,65.6,36,0,37.7,137,229,107,5.1,10.9,0.67
Jaleel McLaughlin,138346,HB,DEN,16,-3.9,16,86.1,0.0,0,1,0,0.0,0,5,10,0,88.3,87.0,86.2,34.6,85.2,0.9,1,0,22,5.6,6,108,0,31,90.7,98,10.2,11,103.7,36,2,25.0,27,160,293,9.5,5.2,1.63
Dawson Knox,35883,TE,BUF,12,7.1,1,62.9,0.0,0,6,0,12.0,3,13,4,0,41.7,75.3,53.3,77.2,57.1,41.3,116,2,17,8.2,23,281,4,22,85.4,240,38.8,109,71.8,35,2,15.3,43,186,97,4.4,8.5,0.78
Jalen Tolbert,61637,WR,DAL,17,13.9,2,62.9,50.0,4,8,0,4.3,1,13,9,0,72.1,75.5,58.3,,59.5,0.0,0,1,45,0.0,0,293,0,22,93.9,275,36.9,108,93.5,35,2,63.1,185,268,31,1.4,12.2,0.97
Adam Trautman,109795,TE,DEN,17,8.5,3,62.9,0.0,0,6,1,4.3,1,10,10,0,72.8,75.1,53.2,62.1,49.2,50.1,218,1,24,13.6,59,435,3,22,80.0,348,33.8,147,95.4,35,3,15.9,69,204,99,4.5,9.3,0.59
Chris Moore,10741,WR,TEN,17,18.0,0,62.9,55.6,5,9,0,4.3,1,16,31,1,72.8,30.0,64.9,73.6,64.9,0.0,0,1,49,0.6,2,330,0,22,92.4,305,32.7,108,93.0,35,0,67.3,222,424,62,2.8,19.3,1.39
Zack Moss,40341,HB,IND,14,0.3,6,77.1,,0,0,0,15.6,5,9,14,0,29.8,90.6,66.9,60.4,43.9,0.0,0,1,26,21.8,70,321,0,27,72.6,233,3.7,12,96.4,35,2,5.6,18,192,188,7.0,7.1,0.82
Najee Harris,57121,HB,PIT,17,0.2,10,85.3,50.0,1,2,0,6.5,2,9,25,0,67.3,62.7,78.1,58.3,60.1,1.5,4,0,32,18.5,49,265,0,29,75.8,201,4.2,11,87.5,34,0,3.0,8,170,177,6.1,5.9,0.85
Braxton Berrios,47961,WR,MIA,16,7.0,1,79.4,50.0,2,4,1,3.6,1,15,17,0,75.5,90.0,58.1,69.3,57.9,0.0,0,2,22,0.6,2,336,2,27,96.1,323,59.2,199,81.1,34,1,40.5,136,238,86,3.2,8.8,0.74
Tre Tucker,101106,WR,LV,16,19.2,1,55.9,33.3,1,3,0,5.0,1,12,23,0,69.6,77.4,65.2,,64.3,0.0,0,2,50,0.0,0,236,1,19,94.9,224,38.1,90,84.3,34,2,61.4,145,331,27,1.4,17.4,1.48
Kenneth Walker III,97199,HB,SEA,15,-1.8,19,87.9,,0,0,0,6.5,2,9,29,0,67.5,86.0,83.5,40.7,71.0,1.9,5,0,64,17.7,47,265,2,29,75.5,200,9.8,26,109.5,33,1,11.7,31,259,321,11.1,8.9,1.3
Trenton Irwin,48080,WR,CIN,16,10.6,1,75.8,50.0,2,4,0,0.0,0,15,7,1,86.1,24.3,57.0,59.1,60.8,1.1,3,2,32,0.7,2,279,0,25,94.3,263,34.4,96,90.0,33,1,64.5,180,316,113,4.5,12.6,1.2
Connor Heyward,57301,TE,PIT,17,5.1,2,69.7,25.0,1,4,1,8.0,2,8,25,0,61.3,76.1,55.6,79.3,57.9,66.8,151,1,13,4.4,10,226,4,23,88.1,199,22.1,50,68.6,33,0,8.0,18,167,103,4.5,7.3,0.84
Marvin Mims Jr.,122937,WR,DEN,16,15.2,4,68.8,28.6,2,7,0,4.3,1,9,10,0,73.7,62.8,63.1,,64.6,0.0,0,1,60,0.0,0,264,1,22,92.8,245,28.4,75,105.9,32,1,70.8,187,377,156,7.1,17.1,1.54
Isaiah Hodgins,52130,WR,NYG,17,8.9,1,65.6,33.3,4,12,1,4.5,1,12,21,1,72.1,25.0,56.4,73.8,56.6,0.0,0,0,24,1.4,4,296,2,21,92.9,275,17.6,52,118.0,32,3,82.4,244,230,72,3.4,11.0,0.84
Jerick McKinnon,8731,HB,KC,12,1.0,7,78.1,,0,0,0,7.4,2,10,16,0,63.2,80.8,63.0,60.7,68.4,7.0,16,0,27,16.7,38,228,0,25,76.8,175,2.6,6,131.3,32,4,3.1,7,192,185,7.4,7.7,1.1
Colby Parkinson,52266,TE,SEA,17,7.0,1,80.6,85.7,6,7,1,7.4,2,11,29,0,53.8,76.2,57.6,69.8,53.7,40.3,114,0,27,14.8,42,283,6,25,79.2,224,33.2,94,121.4,31,2,12.7,36,247,91,3.6,9.9,1.1
Austin Hooper,10715,TE,LV,17,4.2,3,80.6,40.0,2,5,0,3.8,1,12,23,0,74.2,75.5,58.2,81.5,58.4,61.6,204,0,21,15.1,50,331,1,25,81.0,268,27.2,90,98.1,31,0,10.0,33,234,139,5.6,9.4,0.87
Tyler Scott,123578,WR,CHI,17,12.5,1,54.8,14.3,1,7,0,15.0,3,10,6,1,41.9,28.2,52.7,80.6,53.2,1.1,3,1,30,3.0,8,271,1,17,94.8,257,21.0,57,56.9,31,0,77.9,211,168,65,3.8,9.9,0.65
Derrick Henry,10679,HB,TEN,17,-2.0,3,90.3,,0,0,0,6.7,2,7,31,0,66.8,91.4,90.1,79.1,70.7,0.0,0,0,46,19.7,47,239,0,28,73.2,175,2.9,7,95.4,31,0,3.8,9,214,283,10.1,7.6,1.22
Michael Carter,57337,HB,ARZ,15,0.7,2,77.4,50.0,1,2,0,7.7,2,5,1,0,63.2,81.9,60.8,37.4,52.2,5.3,10,1,10,15.0,28,187,2,24,80.7,151,0.0,0,77.5,31,1,4.3,8,101,89,3.7,4.2,0.67
James Conner,11860,HB,ARZ,13,-0.7,6,87.1,100.0,1,1,0,0.0,0,11,1,0,86.5,90.8,89.2,68.0,69.2,0.0,0,0,34,19.0,51,269,0,27,74.7,201,3.3,9,110.3,31,2,10.0,27,165,230,8.5,6.1,0.82
Calvin Austin III,61418,WR,PIT,17,12.4,5,56.7,42.9,3,7,0,5.6,1,7,25,0,68.0,87.9,57.1,,55.9,0.4,1,1,72,0.0,0,240,1,17,95.0,228,38.3,92,71.5,30,1,61.3,147,180,73,4.3,10.6,0.79
Tommy Tremble,84025,TE,CAR,16,7.5,7,76.7,100.0,4,4,0,0.0,0,10,5,0,85.3,75.3,55.6,62.0,62.0,48.6,139,1,30,7.7,22,286,3,23,87.4,250,36.7,105,112.4,30,3,14.3,41,194,100,4.3,8.4,0.78
John Metchie III,97400,WR,HST,16,8.6,3,53.3,0.0,0,3,1,15.8,3,7,13,0,41.9,74.4,56.1,65.3,57.3,0.0,0,0,22,0.5,1,182,2,16,94.5,172,44.5,81,68.5,30,0,55.5,101,158,79,4.9,9.9,0.92
Jauan Jennings,48027,WR,SF,13,11.2,5,63.3,33.3,2,6,0,5.0,1,12,28,0,69.6,74.1,68.0,73.0,66.2,0.0,0,1,31,1.2,3,251,3,19,92.0,231,59.4,149,88.9,30,1,40.6,102,265,92,4.8,13.9,1.15
Hayden Hurst,47294,TE,CAR,9,8.6,2,60.0,50.0,2,4,0,10.0,2,7,5,0,57.1,74.1,44.7,78.7,53.1,38.2,95,2,48,2.0,5,249,2,18,90.0,224,43.4,108,61.0,30,1,18.1,45,184,67,3.7,10.2,0.82
Terrace Marshall Jr.,84271,WR,CAR,9,7.9,0,63.3,40.0,2,5,0,9.5,2,8,5,1,58.1,24.3,54.8,,56.6,0.0,0,1,14,0.0,0,229,1,19,94.8,217,28.4,65,60.3,30,0,71.6,164,139,48,2.5,7.3,0.64
Treylon Burks,99218,WR,TEN,11,17.7,1,55.2,28.6,2,7,2,20.0,4,8,31,0,31.9,75.7,52.4,74.6,52.6,0.0,0,0,70,0.7,2,287,4,16,92.7,266,31.0,89,79.8,29,0,68.6,197,221,72,4.5,13.8,0.83
Raheem Mostert,9783,HB,MIA,15,-0.3,12,86.2,66.7,2,3,0,3.8,1,6,17,2,75.1,44.2,85.8,65.5,51.8,0.7,2,1,22,10.9,33,302,1,25,85.4,258,16.9,51,111.9,29,3,10.3,31,175,217,8.7,7.0,0.68
Emari Demercado,77763,HB,ARZ,14,1.0,3,72.4,0.0,0,2,0,8.7,2,4,1,0,59.2,84.9,73.4,74.7,44.7,0.0,0,0,22,21.4,47,220,0,21,74.5,164,5.5,12,79.5,29,0,5.0,11,119,110,5.2,5.7,0.73
Daniel Bellinger,84041,TE,NYG,17,4.5,3,89.3,50.0,2,4,0,3.8,1,6,21,0,74.2,75.8,49.1,45.4,48.7,58.0,221,0,26,22.6,86,381,6,25,75.1,286,24.4,93,104.8,28,0,10.5,40,256,139,5.6,10.2,0.9
Brandon Johnson,40666,WR,DEN,13,11.9,4,67.9,42.9,3,7,0,9.5,2,12,10,0,46.6,74.4,64.1,,64.6,0.0,0,0,50,0.0,0,232,3,19,93.5,217,23.3,54,140.5,28,4,76.7,178,284,90,4.7,14.9,1.31
Mack Hollins,11873,WR,ATL,13,13.4,0,64.3,60.0,3,5,0,0.0,0,9,2,0,82.7,73.9,64.6,66.1,64.8,0.6,1,0,45,0.6,1,168,1,18,95.8,161,26.2,44,93.0,28,0,73.2,123,251,59,3.3,13.9,1.56
Alex Erickson,11107,WR,LAC,8,12.1,0,59.3,40.0,2,5,0,0.0,0,12,27,0,81.7,74.0,62.6,67.9,63.7,0.4,1,0,27,0.9,2,231,1,16,96.1,222,48.1,111,100.4,27,1,51.5,119,237,62,3.9,14.8,1.07
John Bates,42275,TE,WAS,17,6.7,1,70.4,100.0,3,3,0,13.6,3,6,32,0,46.4,75.0,51.8,79.0,47.4,63.7,177,0,35,23.4,65,278,4,19,73.0,203,24.8,69,84.0,27,0,10.4,29,151,64,3.4,7.9,0.74
AJ Dillon,57165,HB,GB,15,-0.4,11,81.5,0.0,0,1,0,4.3,1,10,12,0,72.1,90.5,75.7,56.0,68.2,3.1,9,0,35,20.8,60,289,0,22,74.7,216,0.7,2,101.1,27,0,5.9,17,223,237,10.8,10.1,1.03
Drew Sample,47259,TE,CIN,17,0.6,2,81.5,100.0,1,1,0,8.3,2,9,7,0,61.5,75.1,60.0,68.1,52.9,57.0,159,1,22,30.1,84,279,0,22,68.1,190,5.4,15,101.1,27,2,7.2,20,163,171,7.8,7.4,0.86
Parris Campbell,47940,WR,NYG,10,3.0,2,74.1,66.7,2,3,0,4.8,1,2,21,0,71.3,78.3,51.4,67.1,50.9,1.3,2,2,17,0.7,1,151,0,20,93.4,141,80.8,122,49.0,27,0,17.2,26,104,68,3.4,5.2,0.74
Khalil Herbert,41668,HB,CHI,12,1.5,6,76.9,100.0,1,1,0,0.0,0,10,6,1,84.1,72.8,77.9,53.3,67.5,0.5,1,2,23,16.9,31,183,0,20,79.8,146,6.0,11,68.4,26,1,2.2,4,134,134,6.7,6.7,0.92
Josh Oliver,47083,TE,MIN,17,2.9,3,84.6,50.0,1,2,1,4.3,1,12,18,1,72.1,25.0,75.1,57.6,67.9,91.1,204,0,33,31.3,70,224,4,22,63.4,142,4.9,11,126.4,26,2,4.0,9,213,160,7.3,9.7,1.5
Irv Smith Jr.,42060,TE,CIN,12,4.9,2,69.2,33.3,1,3,0,10.0,2,5,7,1,55.9,23.6,44.2,53.6,42.8,47.3,115,1,14,2.5,6,243,1,18,93.4,227,30.9,75,75.0,26,1,20.2,49,115,65,3.6,6.4,0.51
Andrei Iosivas,109811,WR,CIN,15,9.4,0,60.0,40.0,2,5,1,11.8,2,11,7,0,51.5,73.8,61.2,,62.1,0.0,0,1,16,0.0,0,159,1,15,95.6,152,17.0,27,94.3,25,4,83.0,132,116,34,2.3,7.7,0.76
Deven Thompkins,84480,WR,TB,17,6.5,4,68.0,0.0,0,4,0,5.6,1,5,30,1,69.0,41.3,58.8,,56.3,0.7,1,1,26,0.0,0,135,1,17,94.1,127,63.7,86,69.3,25,1,34.8,47,83,74,4.4,4.9,0.65
Foster Moreau,47043,TE,NO,15,4.7,1,84.0,0.0,0,2,0,4.5,1,9,20,0,71.3,75.2,55.3,52.3,61.8,57.5,119,0,23,22.7,47,207,4,21,74.4,154,24.6,51,112.2,25,1,16.4,34,193,101,4.8,9.2,1.25
Mike Williams,11762,WR,LAC,3,12.4,4,76.0,71.4,5,7,0,0.0,0,9,27,0,83.2,74.5,74.6,,73.5,0.9,1,0,49,0.0,0,113,0,19,94.7,107,28.3,32,120.3,25,1,70.8,80,249,105,5.5,13.1,2.33
Jake Bobo,77997,WR,SEA,17,7.3,1,79.2,71.4,5,7,0,5.0,1,9,29,0,71.5,75.5,73.5,59.8,70.7,0.6,1,1,31,1.3,2,160,1,19,93.8,150,33.8,54,111.1,24,2,63.1,101,196,88,4.6,10.3,1.31
Jonathan Taylor,57488,HB,IND,10,-0.6,7,79.2,50.0,1,2,0,5.0,1,5,14,0,71.3,77.3,74.9,57.1,63.8,0.0,0,0,40,11.3,24,212,0,19,84.0,178,5.7,12,107.1,24,1,12.7,27,153,177,9.3,8.1,0.86
Stephen Sullivan,40411,TE,CAR,11,10.8,0,50.0,16.7,1,6,0,7.7,1,5,5,0,61.8,71.9,60.9,73.7,61.4,17.6,24,0,20,2.2,3,136,0,12,93.4,127,41.2,56,65.5,24,0,41.2,56,125,8,0.7,10.4,0.98
Donovan Peoples-Jones,61439,WR,DET,15,11.5,2,54.2,100.0,1,1,0,0.0,0,7,11,0,80.0,82.5,52.7,77.9,53.4,0.0,0,2,29,1.4,4,282,2,13,91.5,258,31.6,89,39.4,24,0,68.4,193,155,34,2.6,11.9,0.6
Ty Chandler,62942,HB,MIN,12,-1.8,5,87.5,0.0,0,1,0,0.0,0,7,18,0,72.1,89.0,76.3,49.3,72.9,2.6,5,0,19,32.1,62,193,0,21,63.2,122,2.6,5,94.3,24,0,1.0,2,159,208,9.9,7.6,1.3
Malik Heath,124173,WR,GB,13,9.3,0,62.5,44.4,4,9,0,11.8,2,6,12,0,51.2,73.7,60.1,28.9,59.2,1.7,2,0,16,0.8,1,121,0,15,96.7,117,32.2,39,89.8,24,1,66.1,80,125,36,2.4,8.3,1.07
Bo Melton,61610,WR,GB,5,12.1,1,69.6,60.0,3,5,0,5.9,1,13,12,0,67.7,74.8,88.1,,85.1,1.3,1,0,37,0.0,0,79,0,16,97.5,77,31.6,25,114.0,23,1,64.6,51,218,38,2.4,13.6,2.83
Johnny Mundt,12206,TE,MIN,16,5.4,2,73.9,25.0,1,4,0,5.6,1,8,18,0,69.9,74.1,70.8,56.1,72.5,64.1,84,1,32,7.6,10,131,1,17,87.8,115,25.2,33,91.2,23,1,10.7,14,172,95,5.6,10.1,1.5
Dyami Brown,77986,WR,WAS,17,16.9,1,52.2,50.0,2,4,0,14.3,2,8,32,0,45.7,72.9,59.0,,58.6,0.0,0,2,35,0.0,0,178,1,12,93.3,166,32.6,58,54.3,23,1,67.4,120,168,77,6.4,14.0,1.01
Ameer Abdullah,9487,HB,LV,17,3.0,3,82.6,0.0,0,1,0,0.0,0,4,23,0,83.6,78.7,55.5,17.7,61.8,0.5,1,2,18,24.2,48,198,0,19,72.2,143,6.6,13,54.2,23,0,4.0,8,131,89,4.7,6.9,0.92
Trent Sherfield,48021,WR,BUF,16,10.2,2,47.8,33.3,2,6,0,8.3,1,4,4,0,60.2,71.5,54.4,65.4,55.3,0.0,0,1,12,0.5,1,190,1,11,93.7,178,38.9,74,53.9,23,1,60.5,115,86,47,4.3,7.8,0.48
KhaDarel Hodge,26104,WR,ATL,17,14.0,7,60.9,50.0,1,2,0,12.5,2,13,2,0,49.6,22.4,62.4,68.1,64.9,0.0,0,2,52,0.5,1,191,0,14,95.8,183,25.7,49,58.6,23,0,74.3,142,232,85,6.1,16.6,1.27
Kyle Philips,84463,WR,TEN,9,8.8,3,68.2,0.0,0,1,0,6.3,1,9,31,0,65.6,76.3,72.8,,71.9,0.8,1,0,29,0.0,0,118,0,15,94.1,111,78.8,93,93.2,22,0,20.3,24,181,87,5.8,12.1,1.63
Jalen Reagor,61697,WR,NE,10,17.0,0,31.8,33.3,2,6,0,12.5,1,5,19,0,52.1,75.7,51.4,,53.5,0.0,0,3,39,0.0,0,204,1,7,97.1,198,13.2,27,15.2,22,0,86.8,177,138,20,2.9,19.7,0.7
Will Mallory,77888,TE,IND,12,6.5,0,81.8,33.3,1,3,0,0.0,0,11,14,1,82.7,23.6,66.9,13.8,66.6,27.8,37,0,43,0.0,0,133,0,18,96.2,128,59.4,79,105.9,22,0,12.8,17,207,87,4.8,11.5,1.62
Tyler Allgeier,83639,HB,ATL,17,-0.9,4,81.8,100.0,1,1,0,0.0,0,6,2,0,83.2,90.6,82.9,90.3,81.0,0.7,1,0,75,21.9,32,146,0,18,74.0,108,0.7,1,118.4,22,1,2.1,3,193,215,11.9,10.7,1.79
Clyde Edwards-Helaire,57279,HB,KC,15,-2.0,7,77.3,33.3,1,3,0,5.6,1,7,16,0,67.7,86.0,66.1,56.5,66.8,3.3,5,1,48,12.0,18,150,0,17,85.3,128,4.7,7,98.3,22,1,7.3,11,188,230,13.5,11.1,1.47
David Montgomery,45719,HB,DET,14,-1.1,5,72.7,0.0,0,2,0,11.1,2,7,11,0,41.6,68.9,80.0,41.5,53.9,0.0,0,1,19,23.0,51,222,1,16,73.0,162,2.7,6,65.9,22,0,4.5,10,117,150,9.4,7.3,0.72
Mecole Hardman Jr.,42683,WR,KC,10,5.3,2,68.2,33.3,1,3,0,11.8,2,8,16,0,51.2,80.2,64.1,,64.5,0.0,0,2,37,0.0,0,108,0,15,90.7,98,60.2,65,44.5,22,0,37.0,40,124,108,7.2,8.3,1.27
Latavius Murray,7962,HB,BUF,16,1.4,2,77.3,50.0,1,2,0,15.0,3,7,4,1,44.9,56.8,64.9,59.6,50.5,0.4,1,0,22,18.3,44,241,1,17,75.9,183,14.5,35,89.0,22,0,6.2,15,119,95,5.6,7.0,0.65
Tyquan Thornton,78092,WR,NE,9,10.8,0,59.1,33.3,1,3,0,13.3,2,3,19,0,47.7,73.8,57.6,,54.4,0.0,0,0,15,0.0,0,141,0,13,97.2,137,22.7,32,68.6,22,0,77.3,109,91,48,3.7,7.0,0.66
Jalen Guyton,34164,WR,LAC,8,12.6,2,45.5,28.6,2,7,0,23.1,3,6,27,0,29.5,71.1,49.6,,52.3,0.0,0,1,18,0.0,0,185,0,10,96.8,179,56.2,104,53.0,22,1,43.8,81,89,32,3.2,8.9,0.5
Byron Pringle,42345,WR,WAS,16,13.3,0,66.7,66.7,2,3,0,0.0,0,7,32,0,80.6,26.3,67.9,61.6,69.0,0.9,1,1,26,0.9,1,112,1,14,92.9,104,50.0,56,69.7,21,0,49.1,55,161,34,2.4,11.5,1.55
Sterling Shepard,10674,WR,NYG,13,7.2,0,47.6,0.0,0,5,0,23.1,3,4,21,0,29.8,76.3,50.1,,52.6,1.0,1,1,13,0.0,0,97,0,10,92.8,90,30.9,30,50.3,21,1,68.0,66,57,33,3.3,5.7,0.63
Kareem Hunt,11841,HB,CLV,15,-1.3,0,71.4,,0,0,0,6.3,1,5,8,0,67.0,90.0,68.7,53.6,64.6,12.0,22,0,13,20.7,38,184,0,15,73.9,136,2.2,4,78.3,21,0,2.7,5,84,103,6.9,5.6,0.62
Mo Alie-Cox,12078,TE,IND,17,10.3,2,61.9,50.0,3,6,0,13.3,2,9,14,0,49.6,72.7,60.8,56.7,58.4,84.5,174,1,35,19.4,40,206,0,13,75.2,155,12.1,25,105.4,21,3,1.9,4,161,79,6.1,12.4,1.04
Rico Dowdle,40693,HB,DAL,16,-0.3,7,81.0,0.0,0,1,0,10.5,2,6,9,0,54.3,88.2,65.6,36.4,57.7,0.0,0,0,32,14.3,19,133,0,17,80.5,107,6.0,8,127.0,21,2,6.0,8,144,169,9.9,8.5,1.35
Jordan Akins,47050,TE,CLV,17,5.5,1,71.4,75.0,3,4,0,11.8,2,6,8,0,51.5,73.0,55.0,43.5,59.7,58.4,73,0,28,5.6,7,125,0,15,92.8,116,35.2,44,87.8,21,0,6.4,8,132,58,3.9,8.8,1.14
Salvon Ahmed,57472,HB,MIA,8,0.9,2,76.2,33.3,1,3,0,0.0,0,4,17,0,66.7,79.7,61.0,36.4,58.8,0.0,0,1,20,4.0,4,99,0,16,92.9,92,30.3,30,79.1,21,1,6.1,6,88,107,6.7,5.5,0.96
Quez Watkins,61664,WR,PHI,8,11.3,0,71.4,57.1,4,7,0,0.0,0,8,24,0,81.1,73.7,60.6,,60.9,0.0,0,2,19,0.0,0,203,0,15,95.1,193,64.0,130,66.1,21,1,36.0,73,142,49,3.3,9.5,0.74
Jeremy Ruckert,84029,TE,NYJ,14,6.5,1,76.2,66.7,2,3,1,5.9,1,6,22,0,66.7,73.3,57.5,36.3,62.2,59.0,98,0,23,14.5,24,166,3,16,82.5,137,31.3,52,95.5,21,0,9.0,15,151,49,3.1,9.4,1.1
Deonte Harty,91470,WR,BUF,16,10.5,3,71.4,50.0,1,2,0,0.0,0,9,4,0,81.1,60.8,66.9,,68.6,0.0,0,2,43,0.0,0,118,0,15,92.4,109,55.1,65,67.7,21,1,39.8,47,150,81,5.4,10.0,1.38
David Bell,97989,WR,CLV,15,6.8,0,66.7,66.7,2,3,0,12.5,2,9,8,0,49.6,72.7,61.5,68.7,61.9,2.1,3,1,41,2.1,3,140,0,14,94.3,132,46.4,65,110.5,21,3,50.7,71,167,73,5.2,11.9,1.27
Jamison Crowder,9538,WR,WAS,12,6.5,2,80.0,100.0,2,2,0,5.9,1,8,32,0,66.7,58.8,70.5,,70.8,0.0,0,0,26,0.0,0,96,0,16,94.8,91,87.5,84,116.5,20,1,11.5,11,159,82,5.1,9.9,1.75
Dalvin Cook,11796,HB,NYJ,15,-1.5,2,75.0,100.0,1,1,0,0.0,0,3,22,0,81.1,30.0,54.3,61.0,62.4,3.9,5,0,15,26.0,33,127,0,15,70.1,89,5.5,7,80.8,20,0,6.3,8,78,109,7.3,5.2,0.88
Matt Breida,12271,HB,NYG,17,0.2,3,85.0,100.0,1,1,0,10.5,2,2,21,1,54.3,54.1,52.4,63.3,37.0,3.4,7,0,22,17.7,36,203,0,17,76.8,156,5.9,12,85.0,20,0,8.4,17,88,91,5.4,5.2,0.56
Brevin Jordan,77887,TE,HST,13,5.5,1,85.0,,0,0,0,5.6,1,13,13,0,67.7,73.6,68.7,69.3,72.1,60.7,102,0,27,14.3,24,168,2,17,82.1,138,25.6,43,145.6,20,2,10.1,17,219,133,7.8,12.9,1.59
Harrison Bryant,26394,TE,CLV,17,6.2,1,65.0,50.0,1,2,0,7.1,1,4,8,0,64.7,24.5,53.5,80.2,54.0,55.4,98,1,23,13.0,23,177,0,13,81.9,145,23.2,41,91.9,20,3,6.8,12,81,36,2.8,6.2,0.56
Lil'Jordan Humphrey,42247,WR,DEN,17,9.9,3,65.0,50.0,1,2,0,7.1,1,9,10,0,63.2,72.3,60.4,46.2,58.8,2.1,5,0,54,1.7,4,242,1,13,91.7,222,63.6,154,129.6,20,3,34.3,83,162,98,7.5,12.5,0.73
Jamal Agnew,11920,WR,JAX,10,11.6,0,70.0,66.7,2,3,0,0.0,0,8,15,1,80.6,51.9,59.9,,62.5,0.0,0,1,65,0.0,0,156,3,14,96.2,150,50.0,78,103.1,20,1,50.0,78,225,81,5.8,16.1,1.5
Jamaal Williams,11889,HB,NO,13,-1.8,0,94.7,100.0,1,1,0,0.0,0,1,20,0,82.7,68.2,59.4,38.0,61.5,0.6,1,0,12,31.8,57,179,0,18,67.0,120,0.0,0,80.3,19,0,0.0,0,62,91,5.1,3.4,0.52
Parker Washington,129799,WR,JAX,7,7.9,2,84.2,100.0,3,3,0,5.9,1,5,15,1,66.7,34.4,51.1,,53.4,0.0,0,0,19,0.0,0,186,0,16,95.2,177,75.8,141,130.7,19,2,24.2,45,132,38,2.4,8.3,0.75
Chase Claypool,42312,WR,MIA,10,12.6,2,42.1,0.0,0,5,0,11.1,1,4,17,0,54.5,70.1,55.4,70.4,58.5,0.0,0,3,20,1.7,2,119,2,8,95.0,113,26.1,31,32.0,19,1,73.9,88,77,26,3.3,9.6,0.68
Will Dissly,30762,TE,SEA,16,3.1,7,89.5,100.0,1,1,0,5.6,1,8,29,0,67.7,73.6,71.3,83.5,60.3,69.1,132,0,21,22.0,42,191,3,17,75.9,145,15.2,29,121.9,19,1,3.1,6,172,128,7.5,10.1,1.19
Andrew Ogletree,138351,TE,IND,12,11.9,2,47.4,25.0,1,4,0,10.0,1,8,14,0,58.9,71.1,66.2,80.1,62.3,64.8,103,0,33,13.2,21,159,0,9,82.4,131,30.2,48,108.9,19,2,4.4,7,147,30,3.3,16.3,1.12
Stone Smartt,60492,TE,LAC,16,10.7,2,57.9,33.3,1,3,0,8.3,1,6,27,0,60.2,71.5,44.1,48.1,50.9,43.5,77,0,51,5.6,10,177,2,11,89.8,159,39.5,70,101.9,19,1,14.1,25,155,55,5.0,14.1,0.97
Julio Jones,6158,WR,PHI,11,10.2,0,57.9,25.0,1,4,0,8.3,1,4,24,0,60.2,71.5,57.5,,56.3,0.0,0,2,22,0.0,0,162,0,11,96.9,157,53.1,86,66.6,19,3,46.9,76,74,27,2.5,6.7,0.47
KaVontae Turpin,47658,WR,DAL,15,9.3,3,66.7,66.7,2,3,0,20.0,3,9,9,0,31.0,58.7,70.3,66.2,72.8,0.0,0,0,34,1.1,1,89,1,12,93.3,83,77.5,69,126.6,18,3,18.0,16,127,39,3.3,10.6,1.53
A.T. Perry,77975,WR,NO,10,17.3,0,66.7,66.7,4,6,0,7.7,1,10,20,0,61.8,71.9,61.0,,61.5,0.0,0,0,44,0.0,0,215,0,12,96.7,208,25.1,54,149.3,18,4,74.9,161,246,19,1.6,20.5,1.18
Xavier Hutchinson,122518,WR,HST,14,12.2,0,44.4,14.3,1,7,0,11.1,1,3,13,0,56.7,73.6,46.9,,46.8,0.0,0,0,34,0.0,0,181,3,8,93.9,170,34.3,62,60.0,18,0,65.2,118,90,17,2.1,11.3,0.53
Samori Toure,25276,WR,GB,11,18.2,0,44.4,20.0,1,5,0,11.1,1,4,12,0,56.7,71.8,60.6,,61.0,4.5,4,1,35,0.0,0,89,1,8,93.3,83,42.7,38,34.0,18,0,52.8,47,78,19,2.4,9.8,0.94
Olamide Zaccheaus,44920,WR,PHI,17,12.9,0,55.6,40.0,2,5,0,9.1,1,7,24,0,60.2,74.5,51.8,,52.5,0.0,0,0,34,0.0,0,320,0,10,97.2,311,67.8,217,123.4,18,2,31.9,102,164,54,5.4,16.4,0.53
Zamir White,83665,HB,LV,13,0.2,3,88.2,100.0,1,1,0,0.0,0,4,23,0,81.1,67.0,71.7,46.4,69.7,0.0,0,0,15,16.2,18,111,0,15,81.1,90,0.9,1,90.7,17,0,4.5,5,98,92,6.1,6.5,1.09
Randall Cobb,6216,WR,NYJ,11,9.2,0,29.4,0.0,0,3,0,28.6,2,3,22,0,29.7,70.3,47.6,,50.0,0.0,0,2,15,0.0,0,158,0,5,95.6,151,74.7,118,19.6,17,1,25.3,40,39,25,5.0,7.8,0.26
Elijah Higgins,98027,TE,ARZ,11,7.4,0,82.4,100.0,1,1,0,6.7,1,9,1,0,64.4,72.7,63.6,68.4,70.4,36.0,36,0,26,1.0,1,100,2,14,91.0,91,51.0,51,126.2,17,1,12.0,12,163,71,5.1,11.6,1.79
Robert Tonyan,12193,TE,CHI,17,9.4,1,64.7,0.0,0,1,0,8.3,1,6,6,0,61.8,71.9,49.6,59.7,54.9,32.8,60,1,24,4.4,8,183,1,11,89.6,164,43.7,80,58.9,17,0,20.8,38,112,60,5.5,10.2,0.68
Jeff Wilson Jr.,29413,HB,MIA,9,2.7,0,82.4,50.0,1,2,0,6.7,1,3,17,0,64.4,82.5,59.4,13.8,50.0,0.0,0,0,12,6.3,6,95,0,14,91.6,87,18.9,18,87.5,17,0,4.2,4,85,75,5.4,6.1,0.98
Patrick Taylor,40448,HB,GB,11,-0.6,1,64.7,0.0,0,1,1,0.0,0,4,12,0,78.7,81.1,62.1,61.1,53.9,6.2,11,0,16,24.9,44,177,1,11,73.4,130,2.3,4,68.5,17,0,9.6,17,49,60,5.5,4.5,0.38
Dameon Pierce,83659,HB,HST,13,0.5,1,76.5,50.0,1,2,0,7.1,1,3,13,0,64.4,90.3,66.6,87.8,63.3,0.0,0,0,27,17.1,24,140,0,13,79.3,111,8.6,12,90.6,17,0,7.1,10,101,96,7.4,7.8,0.91
Derius Davis,78196,WR,LAC,16,-2.1,3,88.2,,0,0,0,6.3,1,0,27,0,65.6,69.1,60.5,,61.0,0.0,0,0,18,0.0,0,80,1,15,91.3,73,70.0,56,82.8,17,0,21.3,17,66,114,7.6,4.4,0.9
Tim Jones,61669,WR,JAX,16,7.6,1,64.7,50.0,2,4,0,0.0,0,4,15,0,78.7,71.5,52.0,81.0,51.8,2.0,4,0,15,2.5,5,199,0,11,92.5,184,33.7,67,76.3,17,0,63.3,126,83,32,2.9,7.5,0.45
Chase Edmonds,45851,HB,TB,13,-1.6,0,87.5,,0,0,0,6.7,1,5,30,0,64.4,83.7,60.4,83.5,58.6,0.0,0,0,14,7.4,7,95,0,14,86.3,82,8.4,8,87.8,16,0,8.4,8,81,108,7.7,5.8,0.99
Scott Miller,47481,WR,ATL,17,12.5,1,68.8,60.0,3,5,0,0.0,0,6,2,0,78.7,74.1,64.4,,63.4,0.0,0,0,56,0.0,0,134,0,11,95.5,128,48.5,65,140.9,16,2,50.7,68,161,81,7.4,14.6,1.26
Kyle Juszczyk,7912,FB,SF,17,4.3,0,87.5,0.0,0,2,0,0.0,0,8,28,0,80.6,75.4,56.7,72.9,50.7,36.6,86,0,22,8.1,19,235,1,14,88.1,207,23.8,56,137.2,16,2,20.9,49,119,61,4.4,8.5,0.57
Alec Ingold,34934,FB,MIA,17,1.7,0,86.7,,0,0,0,7.1,1,5,17,0,63.5,73.3,47.4,77.1,52.5,27.5,49,0,23,16.3,29,178,1,13,80.3,143,24.7,44,99.7,15,0,18.0,32,119,99,7.6,9.2,0.83
Lynn Bowden,61361,WR,NO,14,4.5,6,73.3,,0,0,0,15.4,2,2,20,0,31.0,28.3,50.3,65.6,50.6,3.7,5,0,17,0.7,1,134,0,11,94.8,127,38.1,51,86.3,15,0,57.5,77,83,59,5.4,7.5,0.65
Josh Whyle,54037,TE,TEN,11,9.8,1,60.0,100.0,2,2,0,10.0,1,8,31,0,56.7,70.6,62.0,79.0,76.9,49.4,41,1,24,27.7,23,83,1,9,69.9,58,39.8,33,72.6,15,1,1.2,1,94,40,4.4,10.4,1.62
Cole Turner,84330,TE,WAS,12,7.6,2,73.3,75.0,3,4,0,8.3,1,4,32,0,60.2,71.5,64.7,17.1,62.1,25.6,23,0,29,2.2,2,90,0,11,92.2,83,46.7,42,96.5,15,0,27.8,25,120,51,4.6,10.9,1.45
Pharaoh Brown,12247,TE,NE,17,6.9,4,86.7,60.0,3,5,0,0.0,0,8,19,1,80.6,21.9,73.3,60.1,76.5,83.4,131,0,58,25.5,40,157,0,13,72.6,114,8.9,14,141.0,15,1,5.1,8,208,121,9.3,16.0,1.82
D'Onta Foreman,11844,HB,CHI,9,1.4,4,73.3,0.0,0,1,0,8.3,1,6,6,0,60.2,67.8,74.0,29.5,58.3,0.0,0,0,17,22.7,29,128,1,11,75.0,96,4.7,6,106.8,15,1,5.5,7,77,69,6.3,7.0,0.8
Chase Brown,77787,HB,CIN,10,-2.9,7,93.3,,0,0,0,6.7,1,4,7,0,64.7,48.0,63.9,26.7,81.1,0.0,0,0,54,18.2,8,44,1,14,79.5,35,13.6,6,132.2,15,1,4.5,2,156,192,13.7,11.1,4.46
Luke Farrell,42353,TE,JAX,17,4.8,3,86.7,0.0,0,1,0,0.0,0,5,15,0,80.6,72.7,58.1,67.6,68.4,76.8,129,0,42,29.8,50,168,2,13,67.9,114,19.0,32,109.7,15,0,1.8,3,155,97,7.5,11.9,1.36
Ray-Ray McCloud III,47895,WR,SF,11,6.2,1,80.0,0.0,0,1,0,0.0,0,7,28,0,79.4,54.2,63.1,,59.4,0.0,0,1,41,0.0,0,134,0,12,91.0,122,32.8,44,76.4,15,0,66.4,89,135,88,7.3,11.3,1.11
Richie James,28991,WR,KC,9,8.9,2,71.4,33.3,1,3,0,9.1,1,5,16,0,58.5,51.7,59.1,,59.1,1.0,1,0,45,0.0,0,102,0,10,100.0,102,46.1,47,95.5,14,0,52.0,53,114,64,6.4,11.4,1.12
Isaiah McKenzie,11927,WR,IND,12,2.4,3,78.6,50.0,1,2,0,8.3,1,4,14,0,60.2,57.4,64.7,,66.4,0.0,0,0,30,0.0,0,61,0,11,90.2,55,75.4,46,91.1,14,0,16.4,10,82,74,6.7,7.5,1.49
Darrell Henderson,41193,HB,LA,4,-0.5,2,71.4,0.0,0,1,0,9.1,1,3,26,0,60.6,82.9,55.2,69.0,58.4,0.0,0,0,32,26.9,21,78,0,10,66.7,52,16.7,13,92.3,14,0,3.8,3,103,130,13.0,10.3,1.98
Brock Wright,60994,TE,DET,14,2.8,1,92.9,,0,0,0,7.1,1,2,11,0,63.5,72.3,45.6,63.7,47.9,64.9,122,0,25,26.6,50,188,0,13,71.8,135,14.9,28,117.6,14,1,18.1,34,91,51,3.9,7.0,0.67
Luke Schoonmaker,84005,TE,DAL,17,6.4,2,57.1,75.0,3,4,0,33.3,4,4,9,0,27.4,70.1,50.4,58.8,44.0,75.0,111,0,18,22.3,33,148,1,8,70.9,105,18.2,27,108.6,14,2,6.1,9,65,27,3.4,8.1,0.62
Lucas Krull,83962,TE,DEN,7,11.4,1,61.5,0.0,0,2,0,0.0,0,5,10,0,77.3,70.6,60.5,19.5,60.0,41.0,57,1,35,2.2,3,139,0,8,93.5,130,45.3,63,77.4,13,1,13.7,19,95,50,6.3,11.9,0.73
C.J. Uzomah,9590,TE,NYJ,12,9.1,2,61.5,50.0,1,2,0,11.1,1,5,22,0,56.7,70.6,66.4,48.9,60.0,73.1,98,0,19,17.2,23,134,3,8,76.9,103,17.9,24,97.6,13,1,8.2,11,58,31,3.9,7.3,0.56
Ronnie Bell,84288,WR,SF,14,12.6,0,46.2,42.9,3,7,1,14.3,1,5,28,0,49.7,79.9,61.1,,62.5,0.0,0,0,20,0.0,0,79,2,6,98.7,78,22.8,18,101.9,13,3,77.2,61,68,11,1.8,11.3,0.87
Andrew Beck,47121,FB,HST,15,2.6,1,84.6,,0,0,0,0.0,0,4,13,1,79.4,24.5,50.6,66.2,49.6,45.7,64,0,26,20.0,28,140,1,11,72.9,102,16.4,23,123.9,13,2,9.3,13,55,38,3.5,5.0,0.54
Marquise Goodwin,7859,WR,CLV,12,29.5,1,30.8,0.0,0,2,0,20.0,1,1,8,0,41.6,71.1,51.3,,50.3,0.0,0,2,57,0.0,0,79,0,4,93.7,74,36.7,29,9.6,13,0,63.3,50,67,21,5.3,16.8,0.91
Zach Pascal,12303,WR,ARZ,14,10.5,1,30.8,20.0,1,5,0,20.0,1,1,1,0,41.6,67.0,47.6,,46.6,0.0,0,1,9,0.0,0,103,0,4,90.3,93,16.5,17,8.2,13,0,83.5,86,19,14,3.5,4.8,0.2
River Cracraft,47417,WR,MIA,10,9.3,0,75.0,0.0,0,1,0,10.0,1,8,17,0,56.7,70.6,65.1,,66.8,0.0,0,0,24,0.0,0,77,0,9,96.1,74,24.7,19,134.4,12,1,74.0,57,121,52,5.8,13.4,1.64
Ben Skowronek,27948,WR,LA,14,7.6,0,66.7,0.0,0,1,0,0.0,0,3,26,0,76.5,71.5,56.0,73.7,56.9,2.2,2,0,20,2.2,2,91,1,8,91.2,83,45.1,41,108.3,12,1,52.7,48,66,31,3.9,8.3,0.8
Cam Akers,57206,HB,MIN,7,-1.2,2,91.7,100.0,1,1,0,0.0,0,2,18,0,79.4,84.8,69.7,71.2,76.4,2.8,2,0,30,26.4,19,72,0,11,63.9,46,1.4,1,91.0,12,0,5.6,4,70,79,7.2,6.4,1.52
Gus Edwards,46027,HB,BLT,17,2.6,0,100.0,,0,0,0,0.0,0,5,3,1,80.0,51.7,72.3,55.4,52.6,0.0,0,0,80,20.5,44,215,2,12,77.2,166,2.8,6,118.8,12,0,1.9,4,180,149,12.4,15.0,1.08
Justyn Ross,78021,WR,KC,10,9.4,0,54.5,33.3,1,3,0,25.0,2,2,16,0,29.8,68.8,48.8,,51.0,0.0,0,0,20,0.0,0,85,1,6,92.9,79,21.2,18,67.6,11,0,78.8,67,53,14,2.3,8.8,0.67
Joshua Kelley,13750,HB,LAC,17,-0.5,0,72.7,50.0,1,2,0,20.0,2,0,27,0,38.4,67.4,52.0,42.4,36.4,0.0,0,0,6,28.9,76,263,0,8,65.8,173,6.5,17,75.2,11,0,3.8,10,32,41,5.1,4.0,0.18
Cordarrelle Patterson,7810,HB,ATL,14,-0.5,0,81.8,100.0,2,2,0,10.0,1,2,2,0,58.5,53.3,62.7,78.3,56.3,2.2,2,0,11,3.3,3,92,0,9,92.4,85,19.6,18,111.4,11,1,43.5,40,38,38,4.2,4.2,0.45
MyCole Pruitt,9576,TE,ATL,17,7.5,1,81.8,,0,0,0,0.0,0,6,2,1,77.3,19.2,59.4,64.2,76.7,84.4,130,0,22,55.8,86,154,3,9,40.9,63,9.7,15,138.6,11,1,2.6,4,110,52,5.8,12.2,1.75
Ty Montgomery,9527,WR,NE,10,8.3,0,45.5,66.7,2,3,0,28.6,2,3,19,0,29.2,77.0,55.5,,55.1,0.0,0,1,17,0.0,0,32,1,5,100.0,32,59.4,19,17.2,11,0,25.0,8,40,30,6.0,8.0,1.25
Geoff Swaim,9679,TE,ARZ,14,5.5,0,90.9,100.0,1,1,0,9.1,1,4,1,0,60.2,71.5,50.2,66.6,53.4,85.5,124,0,26,24.1,35,145,0,10,69.0,100,9.7,14,102.3,11,0,3.4,5,94,30,3.0,9.4,0.94
Davis Allen,99697,TE,LA,11,2.2,1,90.9,,0,0,0,9.1,1,6,26,0,60.2,71.5,60.7,74.6,69.4,76.8,73,0,21,15.8,15,95,2,10,77.9,74,12.6,12,133.0,11,1,10.5,10,95,74,7.4,9.5,1.28
D'Ernest Johnson,45734,HB,JAX,14,0.7,5,90.9,,0,0,0,0.0,0,6,15,0,78.0,83.6,57.5,43.7,65.7,0.0,0,0,42,21.7,31,143,0,10,75.5,108,6.3,9,118.8,11,0,11.2,16,140,138,13.8,14.0,1.3
Kendre Miller,123091,HB,NO,8,-0.8,1,90.9,,0,0,0,9.1,1,5,20,0,58.5,82.5,74.1,27.4,72.7,0.0,0,0,33,10.0,6,60,0,10,90.0,54,1.7,1,111.0,11,0,5.0,3,117,129,12.9,11.7,2.17
Keelan Doss,48143,WR,LAC,5,8.5,0,54.5,0.0,0,1,0,14.3,1,1,27,0,52.5,69.5,51.4,,52.5,0.0,0,0,9,0.0,0,68,0,6,94.1,64,61.8,42,60.0,11,0,38.2,26,33,15,2.5,5.5,0.52
Ihmir Smith-Marsette,61324,WR,CAR,13,0.7,1,80.0,,0,0,0,11.1,1,5,5,0,54.9,89.9,63.6,,63.7,0.0,0,0,18,0.0,0,60,3,8,91.7,55,61.7,37,87.9,10,0,36.7,22,51,50,6.3,6.4,0.93
Laviska Shenault Jr.,61220,WR,CAR,8,-2.9,2,100.0,,0,0,0,0.0,0,2,5,0,78.7,28.1,67.4,,66.6,0.0,0,0,14,0.0,0,52,0,10,92.3,48,36.5,19,91.7,10,0,44.2,23,60,89,8.9,6.0,1.25
Darrynton Evans,40692,HB,MIA,6,-1.7,3,70.0,0.0,0,1,0,12.5,1,2,17,0,52.1,80.9,63.8,73.9,64.0,2.1,1,0,17,19.1,9,47,0,7,78.7,37,4.3,2,80.8,10,0,4.3,2,49,67,9.6,7.0,1.32
Mitchell Wilcox,47234,TE,CIN,16,0.9,0,90.0,,0,0,0,10.0,1,2,7,0,56.7,71.6,46.7,74.0,51.8,81.1,73,0,12,21.1,19,90,1,9,76.7,69,7.8,7,90.0,10,0,7.8,7,56,47,5.2,6.2,0.81
C.J. Ham,11347,FB,MIN,17,1.1,3,70.0,,0,0,0,12.5,1,1,18,0,52.1,70.3,57.6,74.8,43.8,14.3,22,2,7,37.0,57,154,0,7,58.4,90,2.6,4,33.3,10,0,3.2,5,25,20,2.9,3.6,0.28
Keaton Mitchell,123826,HB,BLT,7,-0.7,0,90.0,0.0,0,1,0,0.0,0,5,3,0,77.3,83.0,92.4,35.9,82.1,3.0,2,0,32,17.9,12,67,0,9,76.1,51,6.0,4,105.4,10,0,11.9,8,93,120,13.3,10.3,1.82
Israel Abanikanda,122999,HB,NYJ,6,0.3,0,70.0,,0,0,0,22.2,2,2,22,0,31.8,29.0,59.0,59.0,41.8,5.8,3,0,13,7.7,4,52,0,7,90.4,47,1.9,1,78.3,10,0,7.7,4,43,44,6.3,6.1,0.91
Keith Kirkwood,48017,WR,NO,13,11.7,0,55.6,100.0,1,1,0,0.0,0,3,20,0,73.4,68.0,52.4,,53.8,4.7,4,0,13,0.0,0,85,1,5,89.4,76,48.2,41,102.5,9,1,47.1,40,37,2,0.4,7.4,0.49
Charlie Jones,55038,WR,CIN,8,8.8,0,77.8,,0,0,0,12.5,1,3,7,0,52.5,85.6,65.8,,67.9,0.0,0,0,35,0.0,0,30,0,7,100.0,30,70.0,21,96.3,9,0,30.0,9,64,34,4.9,9.1,2.13
Charlie Kolar,60917,TE,BLT,12,9.8,0,77.8,50.0,1,2,0,22.2,2,5,3,0,31.8,70.3,55.1,53.3,59.4,62.5,45,0,19,16.7,12,72,0,7,79.2,57,31.9,23,144.0,9,1,2.8,2,87,20,2.9,12.4,1.53
Ian Thomas,42130,TE,CAR,11,9.1,2,55.6,0.0,0,1,0,0.0,0,1,5,0,73.4,68.0,56.9,32.7,55.2,78.6,77,1,28,16.3,16,98,2,5,78.6,77,12.2,12,34.7,9,0,7.1,7,56,34,6.8,11.2,0.73
Tony Jones Jr.,40498,HB,ARZ,7,-1.1,1,77.8,,0,0,0,12.5,1,1,1,0,52.1,79.7,60.1,50.9,49.6,0.0,0,0,11,25.3,25,99,0,7,70.7,70,0.0,0,83.8,9,0,4.0,4,37,44,6.3,5.3,0.53
Devin Duvernay,40006,WR,BLT,9,8.9,0,44.4,0.0,0,3,1,0.0,0,0,3,0,72.1,89.3,51.4,,49.6,0.0,0,0,10,0.0,0,68,1,4,94.1,64,51.5,35,51.6,9,0,48.5,33,18,18,4.5,4.5,0.28
Mike Boone,31615,HB,HST,9,0.9,3,77.8,,0,0,0,12.5,1,2,13,0,52.1,23.7,41.5,14.5,51.3,0.0,0,0,12,14.1,13,92,0,7,80.4,74,18.5,17,85.2,9,0,12.0,11,40,34,4.9,5.7,0.54
Tyler Goodson,101659,HB,IND,6,-0.6,0,66.7,,0,0,0,25.0,2,1,14,0,29.8,76.0,57.3,73.4,41.5,0.0,0,0,15,2.9,1,34,0,6,94.1,32,5.9,2,73.4,9,0,11.8,4,34,51,8.5,5.7,1.06
Brenton Strange,101694,TE,JAX,14,6.3,1,55.6,,0,0,1,0.0,0,2,15,0,73.4,68.0,48.6,55.8,50.7,44.4,55,0,17,27.4,34,124,5,5,68.5,85,39.5,49,101.6,9,1,11.3,14,35,30,6.0,7.0,0.41
Blake Bell,9550,TE,KC,17,3.2,0,55.6,0.0,0,2,1,16.7,1,1,16,1,45.8,16.0,39.0,45.4,31.0,76.7,79,1,8,17.5,18,103,1,5,74.8,77,15.5,16,58.3,9,1,4.9,5,26,20,4.0,5.2,0.34
Jason Brownlee,121451,WR,NYJ,6,12.9,1,55.6,0.0,0,2,1,0.0,0,2,22,0,74.6,68.8,47.7,,50.7,0.5,1,2,24,0.0,0,202,3,5,94.6,191,19.3,39,71.8,9,1,80.2,162,56,20,4.0,11.2,0.29
Darnell Washington,124044,TE,PIT,17,1.6,0,77.8,0.0,0,1,0,0.0,0,4,25,0,75.6,69.5,49.8,72.3,47.6,87.6,162,0,12,21.1,39,185,0,7,75.1,139,9.2,17,94.9,9,0,2.7,5,61,51,7.3,8.7,0.44
Marvin Jones Jr.,7158,WR,DET,6,7.4,0,55.6,,0,0,0,16.7,1,2,11,1,45.8,16.0,43.8,72.7,44.3,0.0,0,0,16,2.0,2,101,0,5,92.1,93,26.7,27,64.1,9,0,73.3,74,34,9,1.8,6.8,0.37
Elijah Mitchell,57272,HB,SF,10,-2.4,0,75.0,,0,0,0,14.3,1,2,28,0,49.2,85.7,70.1,43.5,52.4,1.6,1,1,9,11.3,7,62,0,6,83.9,52,4.8,3,37.5,8,0,9.7,6,14,28,4.7,2.3,0.27
Jack Stoll,42058,TE,PHI,17,2.5,1,62.5,,0,0,0,16.7,1,2,24,0,49.2,68.8,52.1,49.5,39.7,74.6,135,1,14,16.6,30,181,1,5,79.6,144,18.2,33,34.4,8,0,2.8,5,38,26,5.2,7.6,0.26
Pierre Strong Jr.,66619,HB,CLV,14,-0.6,2,62.5,0.0,0,2,0,16.7,1,1,8,0,46.3,57.5,60.6,62.4,49.1,9.6,9,0,41,19.1,18,94,0,5,77.7,73,1.1,1,78.6,8,0,8.5,8,47,72,14.4,9.4,0.64
Josiah Deguara,47034,TE,GB,14,3.0,0,100.0,100.0,1,1,1,0.0,0,3,12,0,76.5,70.1,52.3,35.1,55.3,28.3,26,0,19,15.2,14,92,2,8,80.4,74,47.8,44,100.5,8,0,7.6,7,65,41,5.1,8.1,0.88
Trayveon Williams,45775,HB,CIN,16,-3.3,0,87.5,0.0,0,1,0,0.0,0,0,7,0,75.6,80.9,58.9,75.1,51.1,5.6,7,0,5,21.6,27,125,0,7,76.8,96,1.6,2,79.2,8,0,2.4,3,10,36,5.1,1.4,0.1
Julian Hill,88685,TE,MIA,15,3.5,1,75.0,,0,0,0,0.0,0,2,17,1,74.6,16.9,40.9,39.2,46.7,50.7,75,0,18,20.9,31,148,4,6,72.3,107,37.2,55,89.6,8,0,9.5,14,48,33,5.5,8.0,0.45
Ty Johnson,45769,HB,BUF,7,0.0,4,100.0,,0,0,0,0.0,0,2,4,0,75.6,43.1,82.0,53.9,66.8,2.1,1,0,28,20.8,10,48,0,7,75.0,36,2.1,1,143.2,7,1,25.0,12,62,62,8.9,8.9,1.72
Payne Durham,84037,TE,TB,13,10.6,0,71.4,50.0,1,2,0,28.6,2,3,30,0,29.2,68.0,57.3,69.2,59.0,49.2,32,0,25,18.5,12,65,0,5,80.0,52,33.8,22,96.1,7,0,15.4,10,58,13,2.6,11.6,1.12
Rakim Jarrett,129519,WR,TB,10,17.9,0,57.1,100.0,1,1,1,0.0,0,1,30,0,72.1,68.3,55.9,,58.4,0.0,0,0,41,0.0,0,56,1,4,91.1,51,26.8,15,85.4,7,0,73.2,41,60,27,6.8,15.0,1.18
Dare Ogunbowale,12329,HB,HST,8,4.4,0,28.6,0.0,0,2,0,0.0,0,0,13,0,68.3,72.9,49.4,52.1,47.7,0.0,0,1,14,21.6,21,97,0,2,74.2,72,13.4,13,0.0,7,0,4.1,4,18,5,2.5,9.0,0.25
Kayshon Boutte,124087,WR,NE,5,19.1,0,28.6,50.0,1,2,0,0.0,0,1,19,0,68.3,64.0,47.1,,47.4,0.0,0,0,11,0.0,0,85,0,2,97.6,83,11.8,10,39.6,7,0,88.2,75,19,10,5.0,9.5,0.23
Brycen Hopkins,47338,TE,LA,14,8.4,1,71.4,,0,0,0,0.0,0,3,26,0,73.4,68.0,68.0,56.7,70.5,54.4,31,0,29,7.0,4,57,1,5,89.5,51,28.1,16,108.0,7,0,15.8,9,78,33,6.6,15.6,1.53
Raheem Blackshear,57385,HB,CAR,9,1.6,1,85.7,100.0,1,1,0,0.0,0,1,5,0,74.6,82.0,63.7,44.4,53.9,0.0,0,0,19,6.1,2,33,0,6,93.9,31,3.0,1,93.5,7,0,30.3,10,45,40,6.7,7.5,1.45
Velus Jones Jr.,40573,WR,CHI,12,13.0,0,57.1,0.0,0,1,0,20.0,1,1,6,0,29.7,80.5,53.1,,49.6,0.0,0,0,11,0.0,0,59,1,4,91.5,54,28.8,17,62.2,7,0,67.8,40,20,14,3.5,5.0,0.37
D.J. Montgomery,55003,WR,IND,6,14.1,0,42.9,33.3,1,3,0,25.0,1,3,14,0,36.2,65.8,60.6,,58.4,0.0,0,0,34,0.0,0,66,0,3,93.9,62,27.3,18,110.7,7,1,72.7,48,56,29,9.7,18.7,0.9
DeeJay Dallas,55632,HB,SEA,10,-0.1,1,85.7,,0,0,1,0.0,0,1,29,0,75.6,62.7,63.8,49.9,65.3,6.3,5,0,14,26.6,21,79,1,6,62.0,49,5.1,4,82.1,7,0,6.3,5,26,29,4.8,4.3,0.53
Deuce Vaughn,122624,HB,DAL,6,-1.0,0,100.0,,0,0,0,0.0,0,1,9,0,75.6,80.8,46.4,35.7,76.0,0.0,0,0,11,30.0,9,30,0,7,66.7,20,3.3,1,90.5,7,0,10.0,3,40,47,6.7,5.7,2.0
Jimmy Graham,5619,TE,NO,12,8.3,0,85.7,100.0,2,2,0,0.0,0,6,20,0,74.6,68.8,62.5,27.0,68.0,25.0,20,0,12,3.8,3,80,1,6,91.3,73,48.8,39,129.5,7,4,26.3,21,39,4,0.7,6.5,0.53
Eric Gray,99143,HB,NYG,6,-0.7,0,85.7,,0,0,0,0.0,0,0,21,0,74.6,38.6,57.2,28.1,61.3,2.3,1,0,9,7.0,3,43,0,6,93.0,40,4.7,2,79.8,7,0,9.3,4,22,38,6.3,3.7,0.55
Trey Sermon,57372,HB,IND,8,2.0,0,50.0,,0,0,0,50.0,3,0,14,0,26.5,80.9,56.6,69.4,27.7,0.0,0,0,7,26.2,17,65,0,3,66.2,43,3.1,2,56.3,6,0,3.1,2,13,3,1.0,4.3,0.3
Peyton Hendershot,60915,TE,DAL,8,5.7,1,66.7,,0,0,0,33.3,2,1,9,0,28.6,68.3,44.1,85.1,41.4,41.9,31,0,24,12.2,9,74,2,4,86.5,64,48.6,36,84.0,6,0,6.8,5,38,26,6.5,9.5,0.59
Craig Reynolds,94383,HB,DET,11,-2.8,3,83.3,,0,0,0,0.0,0,2,11,0,73.4,45.3,77.4,26.5,72.4,0.0,0,0,28,14.3,10,70,0,5,85.7,60,4.3,3,99.3,6,0,11.4,8,47,60,12.0,9.4,0.78
Patrick Ricard,48862,FB,BLT,17,3.2,0,83.3,,0,0,0,0.0,0,3,3,0,73.4,68.0,62.1,62.6,48.1,80.1,121,1,28,27.8,42,151,2,5,67.5,102,11.9,18,102.8,6,1,2.0,3,52,36,7.2,10.4,0.51
Britain Covey,32933,WR,PHI,7,7.8,2,66.7,0.0,0,1,0,0.0,0,2,24,0,72.1,54.4,58.1,,60.8,0.0,0,0,22,0.0,0,36,0,4,100.0,36,88.9,32,86.8,6,0,11.1,4,42,26,6.5,10.5,1.17
Austin Trammell,52195,WR,LA,9,4.7,0,66.7,0.0,0,1,0,0.0,0,2,26,0,72.1,61.6,57.4,69.6,60.9,0.0,0,1,14,4.9,2,41,0,4,82.9,34,63.4,26,38.2,6,0,36.6,15,29,35,8.8,7.3,0.85
Khari Blasingame,44889,FB,CHI,16,1.2,1,50.0,,0,0,0,25.0,1,0,6,0,36.2,73.2,55.8,57.0,41.3,15.4,12,0,4,39.7,31,78,0,3,56.4,44,14.1,11,56.3,6,0,15.4,12,2,5,1.7,0.7,0.05
Jalen Brooks,111284,WR,DAL,6,5.7,0,100.0,100.0,1,1,0,0.0,0,4,9,0,29.8,68.8,65.1,,62.3,0.0,0,0,24,0.0,0,35,0,6,94.3,33,8.6,3,111.1,6,0,91.4,32,64,30,5.0,10.7,1.94
Gary Brightwell,57133,HB,NYG,3,-1.2,3,83.3,,0,0,0,16.7,1,2,21,0,45.8,74.3,64.4,,72.1,3.4,1,0,18,0.0,0,29,0,5,93.1,27,6.9,2,99.3,6,0,0.0,0,47,55,11.0,9.4,1.74
Equanimeous St. Brown,47967,WR,CHI,7,8.8,0,83.3,,0,0,0,0.0,0,3,6,0,74.6,68.8,55.1,72.0,56.3,1.7,2,0,21,1.7,2,118,0,5,94.1,111,29.7,35,109.7,6,0,68.6,81,62,6,1.2,12.4,0.56
Deon Jackson,57189,HB,NYG,1,-1.3,0,83.3,,0,0,0,16.7,1,0,21,1,45.8,18.2,29.7,6.0,28.6,0.0,0,0,8,9.4,3,32,0,5,90.6,29,0.0,0,79.2,6,0,6.3,2,14,22,4.4,2.8,0.48
Boston Scott,39462,HB,PHI,10,4.8,0,66.7,0.0,0,1,0,20.0,1,2,24,0,41.6,35.1,60.8,35.1,50.5,0.0,0,0,27,15.8,6,38,0,4,84.2,32,7.9,3,93.8,6,0,18.4,7,52,43,10.8,13.0,1.63
DeAndre Carter,9859,WR,LV,15,1.5,0,66.7,,0,0,0,20.0,1,0,23,0,41.6,88.7,50.2,65.7,50.4,0.0,0,0,16,1.9,1,52,0,4,94.2,49,69.2,36,84.7,6,0,26.9,14,39,49,12.3,9.8,0.8
Isaiah Spiller,99146,HB,LAC,9,-1.3,2,100.0,,0,0,0,0.0,0,1,27,0,74.6,81.3,58.8,29.0,61.0,0.0,0,0,10,25.7,18,70,1,6,70.0,49,2.9,2,90.3,6,0,4.3,3,34,42,7.0,5.7,0.69
Robbie Chosen,11254,WR,MIA,8,23.3,0,66.7,,0,0,0,0.0,0,3,17,0,72.1,67.0,64.5,,67.8,0.0,0,1,68,0.0,0,69,1,4,94.2,65,21.7,15,109.7,6,1,78.3,54,126,30,7.5,31.5,1.94
Jalen Nailor,84292,WR,MIN,4,9.3,1,50.0,0.0,0,1,0,25.0,1,1,18,0,36.2,65.8,51.2,,50.8,0.0,0,0,16,0.0,0,58,0,3,91.4,53,29.3,17,63.9,6,0,70.7,41,29,21,7.0,9.7,0.55
David Moore,11981,WR,TB,7,6.5,3,83.3,,0,0,0,0.0,0,3,30,0,73.4,69.5,66.6,52.8,69.0,2.1,1,1,52,2.1,1,47,1,5,91.5,43,27.7,13,118.8,6,1,70.2,33,94,63,12.6,18.8,2.19
Ronnie Rivers,57208,HB,LA,7,-4.0,0,100.0,,0,0,0,0.0,0,0,26,0,74.6,81.7,71.0,29.0,58.3,0.0,0,0,10,23.5,12,51,0,5,68.6,35,3.9,2,85.0,5,0,3.9,2,22,42,8.4,4.4,0.63
Marcedes Lewis,2973,TE,CHI,16,3.0,0,80.0,,0,0,0,0.0,0,2,6,0,72.1,67.0,77.1,68.4,65.3,97.2,103,0,16,60.4,64,106,2,4,36.8,39,0.0,0,130.4,5,1,0.0,0,29,28,7.0,7.3,0.74
Nate Adkins,87625,TE,DEN,10,-1.0,0,80.0,,0,0,0,0.0,0,1,10,0,72.1,67.0,55.0,40.7,59.2,47.1,16,0,11,20.6,7,34,1,4,73.5,25,20.6,7,85.0,5,0,20.6,7,22,24,6.0,5.5,0.88
Chris Conley,9509,WR,SF,7,15.2,0,60.0,0.0,0,1,0,25.0,1,2,28,0,36.2,65.8,60.6,,57.6,0.0,0,0,48,0.0,0,53,0,3,100.0,53,26.4,14,104.2,5,0,71.7,38,69,29,9.7,23.0,1.3
Ben Sims,77918,TE,GB,14,6.0,1,80.0,,0,0,0,0.0,0,3,12,0,72.1,67.0,60.8,68.7,58.9,91.8,67,0,12,24.7,18,73,0,4,69.9,51,0.0,0,123.8,5,1,6.8,5,21,18,4.5,5.3,0.41
Emanuel Wilson,154173,HB,GB,6,-1.0,1,80.0,0.0,0,1,0,0.0,0,1,12,0,72.1,76.6,76.4,,62.6,0.0,0,0,9,0.0,0,16,0,4,93.8,15,0.0,0,85.8,5,0,18.8,3,23,31,7.8,5.8,1.53
Lawrence Cager,34914,TE,NYG,9,5.0,0,80.0,,0,0,0,0.0,0,2,21,0,72.1,68.7,58.2,72.2,53.5,33.3,21,0,10,12.7,8,63,0,4,77.8,49,54.0,34,136.3,5,1,9.5,6,36,27,6.8,9.0,0.73
Nick Chubb,45783,HB,CLV,2,0.3,0,100.0,,0,0,0,0.0,0,1,8,0,72.1,79.9,81.6,25.8,65.4,4.5,1,0,10,27.3,6,22,0,4,72.7,16,4.5,1,88.5,4,0,9.1,2,21,20,5.0,5.3,1.31
Elijah Cooks,61501,WR,JAX,9,8.0,0,75.0,,0,0,0,25.0,1,2,15,0,36.2,65.8,53.0,,54.0,0.0,0,0,23,0.0,0,56,1,3,98.2,55,17.9,10,104.2,4,0,82.1,46,38,9,3.0,12.7,0.69
Jordan Mason,62946,HB,SF,7,3.5,1,75.0,,0,0,0,0.0,0,1,28,0,70.5,82.1,84.7,23.8,62.0,0.0,0,0,13,5.3,2,38,0,3,92.1,35,5.3,2,96.9,4,0,7.9,3,31,21,7.0,10.3,0.89
Miles Boykin,48209,WR,PIT,15,5.3,0,75.0,0.0,0,1,0,0.0,0,0,25,0,70.5,65.8,51.1,68.5,52.8,2.8,1,0,6,2.8,1,36,1,3,91.7,33,11.1,4,82.3,4,0,83.3,30,17,1,0.3,5.7,0.52
Ko Kieft,41372,TE,TB,16,12.8,0,25.0,0.0,0,1,0,0.0,0,1,30,0,64.7,61.2,57.5,67.5,40.8,66.7,48,0,2,30.6,22,72,0,1,66.7,48,9.7,7,79.2,4,1,8.3,6,2,2,2.0,2.0,0.04
La'Mical Perine,26408,HB,KC,4,0.0,0,75.0,,0,0,0,25.0,1,1,16,0,36.8,78.1,64.4,79.2,48.3,0.0,0,0,25,13.9,5,36,0,3,86.1,31,0.0,0,99.0,4,0,11.1,4,33,33,11.0,11.0,1.06
Trishton Jackson,41247,WR,MIN,4,3.8,0,50.0,0.0,0,2,0,0.0,0,0,18,0,70.5,65.8,54.7,,54.3,0.0,0,0,7,0.0,0,53,0,2,98.1,52,34.0,18,56.3,4,0,66.0,35,9,7,3.5,4.5,0.17
Tank Bigsby,123974,HB,JAX,11,-1.3,1,25.0,,0,0,1,75.0,3,0,15,1,25.9,26.9,52.3,32.1,24.7,0.0,0,2,6,30.0,18,60,1,1,65.0,39,3.3,2,0.0,4,0,11.7,7,6,5,5.0,6.0,0.15
Kenny Yeboah,42196,TE,NYJ,5,4.3,1,50.0,0.0,0,1,0,0.0,0,1,22,0,68.3,64.0,57.0,54.8,51.9,80.0,36,0,20,17.8,8,45,0,2,77.8,35,13.3,6,72.9,4,0,4.4,2,28,21,10.5,14.0,0.8
Keaontay Ingram,77761,HB,KC,7,-1.5,1,100.0,,0,0,0,0.0,0,1,16,0,72.1,81.1,64.7,60.8,55.0,0.0,0,0,9,22.5,16,71,0,4,71.8,51,5.6,4,93.8,4,0,11.3,8,26,32,8.0,6.5,0.51
Greg Dulcich,84068,TE,DEN,2,6.3,0,75.0,,0,0,0,0.0,0,2,10,0,70.5,65.8,66.9,83.7,67.8,33.3,8,1,13,12.5,3,24,0,3,83.3,20,54.2,13,51.0,4,0,8.3,2,25,4,1.3,8.3,1.25
Ke'Shawn Vaughn,45866,HB,TB,5,1.3,0,50.0,66.7,2,3,0,33.3,1,0,30,0,29.9,78.9,53.6,39.8,34.9,0.0,0,0,3,17.2,5,29,0,2,72.4,21,6.9,2,56.3,4,0,6.9,2,2,1,0.5,1.0,0.1
Malik Taylor,94375,WR,NYJ,3,23.0,0,50.0,,0,0,0,0.0,0,0,22,0,68.3,64.0,51.4,,51.6,0.0,0,0,7,0.0,0,43,0,2,95.3,41,46.5,20,57.3,4,0,53.5,23,13,8,4.0,6.5,0.32
Grant Calcaterra,60997,TE,PHI,13,1.8,1,100.0,,0,0,0,0.0,0,3,24,0,72.1,67.0,64.2,65.9,63.1,36.4,20,0,12,14.5,8,55,0,4,85.5,47,43.6,24,107.3,4,0,16.4,9,39,32,8.0,9.8,0.83
Teagan Quitoriano,84036,TE,HST,7,5.0,1,66.7,,0,0,0,0.0,0,2,13,0,68.3,64.0,60.1,59.4,62.9,89.1,49,0,22,49.1,27,55,0,2,47.3,26,5.5,3,103.5,3,0,5.5,3,33,18,9.0,16.5,1.27
Steven Sims,48341,WR,HST,2,-1.7,0,100.0,,0,0,0,0.0,0,1,13,0,70.5,77.8,54.7,,71.0,0.0,0,0,23,0.0,0,6,0,3,100.0,6,0.0,0,101.4,3,0,100.0,6,25,30,10.0,8.3,4.17
Adam Prentice,35639,FB,NO,12,3.0,0,66.7,,0,0,1,33.3,1,0,20,0,29.9,15.3,38.1,33.9,37.9,8.7,4,0,7,19.6,9,46,1,2,80.4,37,2.2,1,74.3,3,0,4.3,2,12,9,4.5,6.0,0.32
Charlie Woerner,42257,TE,SF,16,3.3,0,100.0,,0,0,0,0.0,0,1,28,0,70.5,65.8,62.6,36.0,45.8,72.6,85,0,20,14.5,17,117,1,3,82.9,97,16.2,19,111.1,3,0,10.3,12,32,22,7.3,10.7,0.33
Kevin Rader,30887,TE,TEN,14,8.0,0,33.3,,0,0,0,50.0,1,0,31,0,28.9,61.2,35.6,50.1,33.4,70.9,39,0,6,41.8,23,55,0,1,58.2,32,9.1,5,42.4,3,0,0.0,0,6,4,4.0,6.0,0.19
Jashaun Corbin,83773,HB,NYG,1,0.0,1,100.0,,0,0,0,0.0,0,1,21,0,70.5,67.4,76.7,73.3,79.3,0.0,0,0,7,23.1,3,13,0,3,76.9,10,23.1,3,83.3,3,0,0.0,0,12,12,4.0,4.0,1.2
Quintin Morris,61182,TE,BUF,13,10.7,0,66.7,100.0,1,1,0,33.3,1,1,4,0,27.3,64.0,54.5,70.6,47.1,43.3,26,0,15,13.3,8,60,0,2,80.0,48,33.3,20,133.3,3,1,18.3,11,26,6,3.0,13.0,0.54
Nick Bawden,27413,FB,NYJ,16,-1.0,0,100.0,,0,0,0,0.0,0,1,22,0,70.5,68.7,50.8,55.3,55.9,11.9,7,0,8,37.3,22,59,1,3,59.3,35,0.0,0,95.8,3,0,11.9,7,21,24,8.0,7.0,0.6
Hunter Luepke,91319,FB,DAL,16,0.7,1,100.0,,0,0,0,0.0,0,1,9,0,70.5,73.7,56.8,20.2,56.2,5.8,3,0,12,13.5,7,52,0,3,73.1,38,5.8,3,91.7,3,0,5.8,3,18,16,5.3,6.0,0.47
Mike Strachan,143358,WR,CAR,4,24.7,0,33.3,0.0,0,2,0,50.0,1,1,5,0,28.8,61.2,54.6,,55.7,0.0,0,0,45,0.0,0,32,0,1,96.9,31,25.0,8,81.9,3,0,75.0,24,45,7,7.0,45.0,1.45
Alex Armah,11948,FB,WAS,7,-4.7,0,100.0,,0,0,0,0.0,0,1,32,0,70.5,65.8,56.4,74.1,59.8,22.2,4,0,10,5.6,1,18,0,3,88.9,16,11.1,2,84.7,3,0,5.6,1,13,27,9.0,4.3,0.81
Eric Saubert,11929,TE,HST,8,1.7,0,100.0,,0,0,0,0.0,0,1,13,0,70.5,65.8,52.2,34.2,45.5,95.1,39,0,5,29.3,12,41,1,3,63.4,26,2.4,1,83.3,3,0,2.4,1,12,7,2.3,4.0,0.46
Kevin Harris,99141,HB,NE,4,0.0,0,100.0,,0,0,0,0.0,0,2,19,0,70.5,76.9,76.5,77.3,84.6,0.0,0,0,48,18.8,3,16,0,3,81.3,13,0.0,0,118.8,3,0,0.0,0,58,58,19.3,19.3,4.46
Kenyan Drake,10707,HB,GB,3,-1.7,1,66.7,,0,0,0,0.0,0,0,12,1,68.3,15.3,37.3,15.8,28.8,0.0,0,0,24,15.4,2,13,0,2,76.9,10,0.0,0,100.7,3,0,0.0,0,31,36,18.0,15.5,3.1
Laquon Treadwell,10657,WR,BLT,3,11.7,0,33.3,100.0,1,1,0,50.0,1,1,3,0,28.8,61.2,51.3,36.3,51.3,0.0,0,0,16,2.5,1,40,0,1,92.5,37,17.5,7,52.1,3,0,82.5,33,16,0,0.0,16.0,0.43
Chris Manhertz,10211,TE,DEN,16,6.0,0,66.7,0.0,0,1,0,0.0,0,1,10,0,68.3,66.8,56.5,73.1,44.2,77.4,103,0,10,49.6,66,133,1,2,48.1,64,13.5,18,79.9,3,0,4.5,6,16,11,5.5,8.0,0.25
Michael Burton,9601,FB,DEN,17,1.0,0,100.0,100.0,1,1,1,0.0,0,2,10,0,70.5,73.7,64.2,84.0,49.7,10.5,8,0,4,31.6,24,76,2,3,64.5,49,3.9,3,79.2,3,0,17.1,13,8,5,1.7,2.7,0.16
Phillip Dorsett,9462,WR,DEN,2,26.0,0,0.0,0.0,0,2,0,,0,0,10,0,,,46.2,,46.4,0.0,0,0,0,0.0,0,21,0,0,100.0,21,28.6,6,39.6,3,0,71.4,15,0,0,,,0.0
Melvin Gordon III,9448,HB,BLT,4,5.3,1,100.0,,0,0,0,0.0,0,3,3,0,72.1,28.5,65.3,36.9,85.2,0.0,0,0,23,21.7,5,23,0,3,73.9,17,0.0,0,118.8,3,0,4.3,1,46,30,10.0,15.3,2.71
Keith Smith,9302,FB,ATL,13,6.3,0,100.0,,0,0,0,0.0,0,1,2,0,70.5,67.9,47.2,57.8,59.2,5.0,3,0,28,55.0,33,60,0,3,38.3,23,6.7,4,112.5,3,0,10.0,6,33,14,4.7,11.0,1.43
Willie Snead IV,8999,WR,SF,4,5.7,0,66.7,,0,0,0,0.0,0,0,28,0,68.3,64.0,60.9,,59.0,0.0,0,0,9,0.0,0,26,0,2,92.3,24,50.0,13,77.1,3,0,50.0,13,14,3,1.5,7.0,0.58
Tyler Johnson,48054,WR,LA,1,8.0,0,66.7,100.0,1,1,0,0.0,0,1,26,0,68.3,64.0,63.0,,68.8,0.0,0,0,8,0.0,0,16,0,2,81.3,13,25.0,4,109.7,3,1,75.0,12,8,1,0.5,4.0,0.62
James Proche II,48037,WR,CLV,3,17.3,0,0.0,0.0,0,2,0,,0,0,8,0,,88.6,50.1,,49.7,2.9,1,1,0,0.0,0,34,0,0,97.1,33,29.4,10,0.0,3,0,64.7,22,0,0,,,0.0
Sean Tucker,123056,HB,TB,3,-1.0,0,100.0,,0,0,0,0.0,0,0,30,0,68.3,76.2,55.8,73.0,59.6,0.0,0,0,6,6.7,1,15,0,2,86.7,13,6.7,1,85.4,2,0,0.0,0,9,11,5.5,4.5,0.69
Jordan Mims,57209,HB,NO,1,5.5,0,0.0,0.0,0,2,0,,0,0,20,0,,,56.2,,56.1,0.0,0,0,0,0.0,0,3,0,0,100.0,3,33.3,1,39.6,2,0,33.3,1,0,0,,,0.0
Amari Rodgers,61212,WR,IND,2,19.5,0,0.0,,0,0,0,100.0,1,0,14,0,27.9,,44.0,,45.2,0.0,0,0,0,0.0,0,21,0,0,100.0,21,14.3,3,39.6,2,0,85.7,18,0,0,,,0.0
Damien Harris,35134,HB,BUF,5,0.0,0,100.0,,0,0,0,0.0,0,0,4,0,68.3,78.8,76.5,85.3,57.3,0.0,0,0,13,33.3,9,27,0,2,55.6,15,11.1,3,100.0,2,0,3.7,1,16,16,8.0,8.0,1.07
JaMycal Hasty,25582,HB,NE,2,14.0,0,0.0,,0,0,0,,0,0,19,0,,,58.9,,57.6,0.0,0,0,0,0.0,0,3,0,0,100.0,3,0.0,0,39.6,2,0,33.3,1,0,0,,,0.0
Jakob Johnson,32565,FB,LV,12,2.5,1,50.0,,0,0,0,50.0,1,0,23,0,28.8,61.2,46.1,83.1,47.7,11.9,8,0,12,32.8,22,67,3,1,65.7,44,6.0,4,68.8,2,0,11.9,8,12,11,11.0,12.0,0.27
Anthony McFarland Jr.,57289,HB,PIT,2,1.0,0,100.0,,0,0,0,0.0,0,1,25,0,68.3,74.1,64.9,68.5,68.3,0.0,0,0,6,16.7,1,6,0,2,83.3,5,16.7,1,89.6,2,0,16.7,1,11,9,4.5,5.5,2.2
Rodney Williams,63718,TE,PIT,6,3.5,0,0.0,0.0,0,1,0,100.0,1,0,25,0,27.9,,45.9,66.3,33.0,73.3,11,0,0,6.7,1,15,0,0,93.3,14,26.7,4,39.6,2,0,0.0,0,0,0,,,0.0
Colton Dowell,63721,WR,TEN,7,20.5,0,50.0,,0,0,0,0.0,0,0,31,0,64.7,61.2,54.4,,54.6,0.0,0,1,3,0.0,0,18,0,1,94.4,17,11.1,2,16.7,2,0,88.9,16,3,1,1.0,3.0,0.18
James Mitchell,77885,TE,DET,13,7.5,0,100.0,,0,0,0,0.0,0,1,11,0,29.9,64.0,41.2,74.4,42.2,68.1,47,0,24,20.3,14,69,1,2,73.9,51,14.5,10,118.8,2,0,14.5,10,28,13,6.5,14.0,0.55
Elijah Dotson,57394,HB,LAC,2,-1.5,0,100.0,,0,0,0,0.0,0,0,27,0,68.3,70.0,54.8,,62.7,0.0,0,0,7,0.0,0,5,0,2,100.0,5,0.0,0,93.8,2,0,20.0,1,13,16,8.0,6.5,2.6
Damiere Byrd,9964,WR,ATL,1,20.0,0,0.0,0.0,0,1,0,,0,0,2,0,,,51.7,,52.0,0.0,0,1,0,0.0,0,12,0,0,100.0,12,8.3,1,0.0,2,0,91.7,11,0,0,,,0.0
Chris Rodriguez Jr.,83689,HB,WAS,6,-3.0,0,100.0,,0,0,0,0.0,0,1,32,0,68.3,45.7,75.9,82.7,52.4,0.0,0,0,7,18.4,7,38,0,2,76.3,29,5.3,2,91.7,2,0,2.6,1,12,18,9.0,6.0,0.41
Antoine Green,77985,WR,DET,8,6.0,0,50.0,0.0,0,1,0,0.0,0,0,11,0,64.7,61.2,53.7,,49.2,0.0,0,0,2,0.0,0,57,0,1,96.5,55,42.1,24,56.3,2,0,57.9,33,2,1,1.0,2.0,0.04
Trevon Wesco,42018,TE,TEN,15,6.0,0,50.0,,0,0,0,50.0,1,1,31,0,28.8,61.2,48.9,61.2,40.9,90.4,142,0,21,68.8,108,157,3,1,29.9,47,5.1,8,87.5,2,0,1.3,2,21,13,13.0,21.0,0.45
Simi Fehoko,84424,WR,LAC,2,9.5,0,50.0,,0,0,0,0.0,0,1,27,0,64.7,61.2,60.4,66.2,65.0,0.0,0,0,9,10.0,1,10,0,1,90.0,9,40.0,4,102.1,2,1,60.0,6,9,7,7.0,9.0,1.0
Tylan Wallace,61577,WR,BLT,5,11.0,0,50.0,,0,0,0,0.0,0,1,3,0,64.7,78.5,57.0,,57.1,3.7,1,0,11,0.0,0,27,0,1,100.0,27,25.9,7,66.7,2,0,70.4,19,11,2,2.0,11.0,0.41
Damien Williams,9205,HB,ARZ,3,0.5,1,100.0,,0,0,0,0.0,0,0,1,0,68.3,74.4,72.7,80.2,66.7,0.0,0,0,8,23.1,3,13,0,2,76.9,10,7.7,1,91.7,2,0,7.7,1,12,11,5.5,6.0,1.2
David Wells,34985,TE,TB,5,0.0,1,100.0,,0,0,0,0.0,0,1,30,1,68.3,13.3,47.5,79.3,37.8,62.5,10,0,1,31.3,5,16,0,2,68.8,11,12.5,2,79.2,2,0,12.5,2,-10,-10,-5.0,-5.0,-0.91
Sean McKeon,42266,TE,DAL,9,4.0,0,0.0,,0,0,0,,0,0,9,0,,,54.8,79.2,43.3,67.4,29,1,0,23.3,10,43,2,0,72.1,31,2.3,1,0.0,2,0,16.3,7,0,0,,,0.0
J.K. Dobbins,57366,HB,BLT,1,0.0,1,100.0,,0,0,0,0.0,0,0,3,0,70.5,73.2,53.5,48.2,65.9,0.0,0,0,10,11.1,2,18,0,2,77.8,14,5.6,1,97.9,2,0,5.6,1,15,15,7.5,7.5,1.07
Royce Freeman,45747,HB,LA,9,-1.0,1,100.0,,0,0,0,0.0,0,1,26,0,64.7,85.6,74.3,67.6,46.1,0.0,0,0,13,25.2,30,119,0,1,65.5,78,13.4,16,118.8,1,0,4.2,5,13,14,14.0,13.0,0.17
Justin Herbert,28237,QB,LAC,13,-7.0,1,100.0,,0,0,1,0.0,0,1,27,3,,66.7,85.5,,55.2,0.0,0,0,10,0.0,0,554,5,1,0.4,2,0.0,0,108.3,1,0,0.0,0,10,17,17.0,10.0,5.0
Donovan Smith,9467,T,KC,12,0.0,0,100.0,,0,0,4,0.0,0,0,16,0,67.6,62.3,55.4,60.3,66.9,0.0,0,0,0,100.0,506,506,9,1,0.0,0,0.0,0,79.2,1,0,0.0,0,0,0,0.0,0.0,
John FitzPatrick,83974,TE,ATL,2,2.0,0,100.0,,0,0,0,0.0,0,1,2,0,64.7,61.2,63.7,,68.7,28.6,2,0,12,0.0,0,7,0,1,85.7,6,57.1,4,116.7,1,0,14.3,1,12,10,10.0,12.0,2.0
Mason Kinsey,115664,WR,TEN,4,-3.0,0,100.0,,0,0,0,0.0,0,0,31,0,64.7,80.8,56.9,,58.1,0.0,0,0,6,0.0,0,6,0,1,100.0,6,50.0,3,91.7,1,0,50.0,3,6,9,9.0,6.0,1.0
Jeffery Simmons,43742,DI,TEN,2,2.0,0,100.0,,0,0,2,0.0,0,1,31,0,64.7,61.2,80.5,64.9,90.2,100.0,2,0,2,50.0,1,2,6,1,50.0,1,0.0,0,118.8,1,1,0.0,0,2,0,0.0,2.0,2.0
Juwann Winfree,38275,WR,IND,3,20.0,0,0.0,,0,0,0,,0,0,14,0,,,52.8,65.7,54.5,0.0,0,0,0,9.1,1,11,0,0,90.9,10,18.2,2,39.6,1,0,81.8,9,0,0,,,0.0
D'Wayne Eskridge,29573,WR,SEA,1,17.0,0,0.0,,0,0,0,,0,0,29,0,,75.1,60.4,,55.6,0.0,0,0,0,0.0,0,7,0,0,85.7,6,14.3,1,39.6,1,0,85.7,6,0,0,,,0.0
Reggie Gilliam,40951,FB,BUF,14,1.0,0,100.0,,0,0,0,0.0,0,0,4,0,64.7,61.2,61.9,61.5,49.5,18.8,6,0,3,28.1,9,32,1,1,71.9,23,37.5,12,79.2,1,0,6.3,2,3,2,2.0,3.0,0.13
Albert Okwuegbunam,41933,TE,PHI,4,9.0,0,0.0,0.0,0,1,0,,0,0,24,0,,,47.6,,48.1,20.0,8,0,0,0.0,0,40,0,0,95.0,38,67.5,27,39.6,1,0,12.5,5,0,0,,,0.0
Desmond Ridder,55086,QB,ATL,15,-7.0,0,100.0,,0,0,0,0.0,0,0,2,6,,27.6,51.9,61.3,57.6,0.0,0,0,-6,0.2,1,466,5,1,0.2,1,0.0,0,79.2,1,0,0.0,0,-6,1,1.0,-6.0,-6.0
C.J. Stroud,129759,QB,HST,15,-1.0,0,100.0,,0,0,0,0.0,0,0,13,8,,47.4,82.8,61.3,58.9,0.0,0,0,0,0.2,1,595,2,1,0.2,1,0.0,0,79.2,1,0,0.0,0,0,1,1.0,0.0,0.0
Tucker Fisk,52286,TE,ATL,6,4.0,0,100.0,,0,0,0,0.0,0,1,2,0,64.7,61.2,52.0,54.7,63.9,9.1,2,0,9,59.1,13,22,0,1,40.9,9,0.0,0,104.2,1,0,4.5,1,9,5,5.0,9.0,1.0
Geno Smith,7820,QB,SEA,15,8.0,0,100.0,,0,0,0,0.0,0,0,29,4,,68.8,82.9,,58.9,0.0,0,0,-2,0.0,0,592,6,1,0.2,1,0.0,0,79.2,1,0,0.2,1,-2,-10,-10.0,-2.0,-2.0
Malcolm Rodriguez,60731,LB,DET,4,6.0,0,100.0,,0,0,0,0.0,0,1,11,0,64.7,65.3,59.7,82.0,57.4,10.0,1,0,6,30.0,3,10,0,1,50.0,5,10.0,1,91.7,1,0,10.0,1,6,0,0.0,6.0,1.2
Erik Ezukanma,78148,WR,MIA,2,6.0,0,0.0,,0,0,0,,0,0,17,0,,68.6,60.3,,55.5,0.0,0,0,0,0.0,0,14,0,0,92.9,13,35.7,5,39.6,1,0,50.0,7,0,0,,,0.0
Jesper Horsted,91465,TE,LV,3,1.0,0,100.0,,0,0,0,0.0,0,0,23,0,64.7,61.2,56.3,67.4,56.0,42.9,3,0,4,14.3,1,7,0,1,85.7,6,42.9,3,83.3,1,0,14.3,1,4,3,3.0,4.0,0.67
Jake Funk,45835,HB,IND,1,0.0,0,100.0,,0,0,0,0.0,0,1,14,0,64.7,66.7,63.5,36.0,66.5,0.0,0,0,12,18.2,2,11,0,1,72.7,8,9.1,1,116.7,1,0,0.0,0,12,12,12.0,12.0,1.5
Dan Skipper,12307,G,DET,10,-1.0,0,100.0,,0,0,0,0.0,0,0,11,0,64.7,61.2,66.9,76.9,49.3,54.5,24,0,4,77.3,34,44,1,1,20.5,9,2.3,1,83.3,1,0,0.0,0,4,5,5.0,4.0,0.44
Gunner Olszewski,95015,WR,NYG,6,-1.0,0,100.0,,0,0,0,0.0,0,0,21,1,64.7,17.5,33.4,,36.7,0.0,0,0,0,0.0,0,10,0,1,90.0,9,60.0,6,79.2,1,0,40.0,4,0,1,1.0,0.0,0.0
Giovanni Ricci,13756,TE,CAR,2,-1.0,0,100.0,,0,0,0,0.0,0,0,5,0,64.7,61.2,50.9,70.2,58.2,16.7,1,0,2,16.7,1,6,0,1,83.3,5,50.0,3,79.2,1,0,0.0,0,2,3,3.0,2.0,0.4
Trent Taylor,11932,WR,CHI,13,4.0,0,0.0,0.0,0,1,0,,0,0,6,0,64.7,87.3,51.8,62.4,52.3,0.0,0,0,0,1.5,1,65,0,0,92.3,60,61.5,40,39.6,1,0,36.9,24,0,0,,,0.0
Evan Hull,97302,HB,IND,1,2.0,0,100.0,,0,0,0,0.0,0,0,14,0,68.3,66.2,65.7,,64.6,0.0,0,0,6,0.0,0,6,0,1,83.3,5,0.0,0,91.7,1,0,0.0,0,6,4,4.0,6.0,1.2
Ross Dwelley,20994,TE,SF,10,0.0,0,100.0,,0,0,0,0.0,0,1,28,0,64.7,61.2,52.8,69.6,58.2,45.5,10,0,12,4.5,1,22,0,1,95.5,21,40.9,9,116.7,1,0,13.6,3,12,12,12.0,12.0,0.57
Travis Homer,45859,HB,CHI,2,-5.0,0,0.0,,0,0,0,100.0,1,0,6,0,27.9,,37.9,,26.0,0.0,0,0,0,0.0,0,3,0,0,100.0,3,0.0,0,39.6,1,0,0.0,0,0,0,,,0.0
Zonovan Knight,97432,HB,DET,2,-5.0,0,100.0,,0,0,0,0.0,0,0,11,0,64.7,70.7,62.1,76.7,62.6,0.0,0,0,8,20.0,1,5,0,1,80.0,4,0.0,0,100.0,1,0,0.0,0,8,13,13.0,8.0,2.0
Sam Howell,97599,QB,WAS,17,1.0,0,100.0,,0,0,0,0.0,0,0,32,3,64.7,81.3,60.3,,62.0,0.0,0,0,4,0.0,0,751,3,1,0.1,1,0.0,0,83.3,1,0,0.0,0,4,3,3.0,4.0,4.0
James Robinson,22425,HB,GB,1,-3.0,0,100.0,,0,0,0,0.0,0,0,12,0,64.7,64.6,59.1,,63.1,50.0,1,0,-2,0.0,0,2,0,1,100.0,2,0.0,0,79.2,1,0,0.0,0,-2,1,1.0,-2.0,-1.0
Devine Ozigbo,45903,HB,DET,1,2.0,1,100.0,,0,0,0,0.0,0,0,11,0,64.7,68.2,66.5,,80.1,0.0,0,0,8,0.0,0,2,0,1,100.0,2,0.0,0,100.0,1,0,0.0,0,8,6,6.0,8.0,4.0
Kwamie Lassiter II,23226,WR,CIN,1,-2.0,0,100.0,,0,0,0,0.0,0,0,7,0,64.7,61.2,58.4,,60.1,0.0,0,0,2,0.0,0,2,0,1,100.0,2,0.0,0,79.2,1,0,100.0,2,2,4,4.0,2.0,1.0
Nick Muse,61079,TE,MIN,1,12.0,0,100.0,,0,0,0,0.0,0,1,18,0,64.7,61.2,89.2,,90.4,100.0,1,0,22,0.0,0,1,0,1,100.0,1,0.0,0,118.8,1,0,0.0,0,22,10,10.0,22.0,22.0
Jonathan Williams,10790,HB,WAS,1,-8.0,0,0.0,,0,0,0,,0,0,32,0,,61.9,59.0,82.1,53.1,0.0,0,0,0,33.3,4,12,0,0,66.7,8,8.3,1,39.6,1,0,0.0,0,0,0,,,0.0
Nick Vannett,10728,TE,LAC,8,2.0,0,100.0,,0,0,0,0.0,0,1,27,0,64.7,61.2,42.9,73.8,44.3,77.8,35,0,3,31.1,14,45,0,1,66.7,30,13.3,6,79.2,1,0,8.9,4,3,1,1.0,3.0,0.1
Brandin Echols,98900,CB,NYJ,1,9.0,0,100.0,,0,0,1,0.0,0,1,22,0,64.7,61.2,77.5,,76.9,0.0,0,0,18,0.0,0,1,3,1,100.0,1,0.0,0,118.8,1,0,0.0,0,18,9,9.0,18.0,18.0
Chris Evans,27303,HB,CIN,7,-2.0,0,100.0,,0,0,0,0.0,0,0,7,0,64.7,70.1,51.9,13.6,52.0,0.0,0,0,-1,10.0,2,20,0,1,80.0,16,20.0,4,79.2,1,0,50.0,10,-1,1,1.0,-1.0,-0.06
Ben Bredeson,27305,G,NYG,16,4.0,0,100.0,,0,0,2,0.0,0,0,21,0,67.6,,42.1,42.4,63.2,0.0,0,0,0,100.0,641,641,6,1,0.0,0,0.0,0,79.2,1,0,0.0,0,0,-4,-4.0,0.0,
Ryan Tannehill,7014,QB,TEN,9,-2.0,0,0.0,,0,0,0,,0,0,31,2,,70.5,68.7,60.9,53.9,0.0,0,0,0,0.3,1,295,1,0,1.0,3,0.0,0,39.6,1,0,0.3,1,0,0,,,0.0
Jake Browning,46401,QB,CIN,9,-7.0,0,100.0,,0,0,0,0.0,0,0,7,3,64.7,54.6,79.3,60.9,59.8,0.0,0,0,-7,0.3,1,301,8,1,0.7,2,0.0,0,79.2,1,0,0.0,0,-7,0,0.0,-7.0,-3.5
Shedrick Jackson,84136,WR,CIN,1,31.0,0,0.0,0.0,0,1,0,,0,0,7,0,,,60.7,65.4,58.8,0.0,0,0,0,33.3,1,3,0,0,66.7,2,33.3,1,39.6,1,0,66.7,2,0,0,,,0.0
Collin Johnson,47808,WR,CHI,3,7.0,0,100.0,,0,0,0,0.0,0,1,6,0,64.7,61.2,66.9,,64.0,0.0,0,0,11,0.0,0,15,0,1,93.3,14,40.0,6,112.5,1,0,60.0,9,11,4,4.0,11.0,0.79
Rashaad Penny,27414,HB,PHI,2,-1.0,0,100.0,,0,0,0,0.0,0,0,24,0,64.7,74.1,44.5,18.0,57.4,0.0,0,0,5,29.4,5,17,1,1,70.6,12,0.0,0,87.5,1,0,0.0,0,5,6,6.0,5.0,0.42
Cody Thompson,48152,WR,SEA,6,7.0,0,100.0,,0,0,0,0.0,0,0,29,0,64.7,61.2,56.2,,55.8,0.0,0,0,10,0.0,0,7,0,1,100.0,7,14.3,1,108.3,1,0,85.7,6,10,3,3.0,10.0,1.43
Khalil Dorsey,27819,CB,DET,1,22.0,0,100.0,,0,0,1,0.0,0,1,11,0,64.7,76.9,76.0,,76.9,0.0,0,0,31,0.0,0,1,1,1,100.0,1,0.0,0,118.8,1,0,0.0,0,31,9,9.0,31.0,31.0
Mark Glowinski,9567,G,NYG,12,18.0,0,0.0,,0,0,1,,0,0,21,0,,,64.8,53.4,59.9,1.3,4,0,0,99.7,303,304,4,0,0.3,1,1.0,3,39.6,1,0,0.0,0,0,0,,,0.0
Cole Fotheringham,84070,TE,LV,2,0.0,1,100.0,,0,0,0,0.0,0,0,23,0,64.7,61.2,55.5,12.9,74.7,75.0,6,0,6,25.0,2,8,0,1,75.0,6,25.0,2,91.7,1,0,0.0,0,6,6,6.0,6.0,1.0
