Rk,Player,Tm,FantPos,Age,G,GS,Cmp,Att,Yds,TD,Int,Att,Yds,Y/A,TD,Tgt,Rec,Yds,Y/R,TD,Fmb,FL,TD,2PM,2PP,FantPt,PPR,DKPt,FDPt,VBD,PosRank,OvRank,-9999
1,Saquon Barkley*+,PHI,RB,27,16,16,0,0,0,0,0,345,2005,5.81,13,43,33,278,8.42,2,2,1,15,3,,322,355.3,362.3,338.8,163,1,1,BarkSa00
2,Derrick Henry*,BAL,RB,30,17,17,0,0,0,0,0,325,1921,5.91,16,22,19,193,10.16,2,3,1,18,,,317,336.4,343.4,326.9,159,2,2,HenrDe00
3,Jahmyr Gibbs*,DET,RB,22,17,4,0,0,0,0,0,250,1412,5.65,16,63,52,517,9.94,4,1,1,20,,,311,362.9,369.9,336.9,153,3,3,GibbJa01
4,Lamar Jackson*+,BAL,QB,27,17,17,316,474,4172,41,4,139,915,6.58,4,0,0,0,,0,10,5,4,1,,430,430.4,445.4,434.4,140,1,4,JackLa00
5,Ja'Marr Chase*+,CIN,WR,24,17,16,0,0,0,0,0,3,32,10.67,0,175,127,1708,13.45,17,0,0,17,,,276,403.0,406.0,339.5,138,1,5,ChasJa00
6,Bijan Robinson*,ATL,RB,22,17,17,0,0,0,0,0,304,1456,4.79,14,72,61,431,7.07,1,1,0,15,1,,281,341.7,347.7,311.2,124,4,6,RobiBi01
7,Josh Jacobs*,GNB,RB,26,17,17,0,0,0,0,0,301,1329,4.42,15,43,36,342,9.50,1,4,3,16,,,257,293.1,302.1,275.1,102,5,7,JacoJo01
8,Josh Allen*,BUF,QB,28,17,17,307,483,3731,28,6,102,531,5.21,12,0,0,7,,1,5,2,13,,1,379,379.0,393.0,385.0,91,2,8,AlleJo02
9,Joe Burrow*,CIN,QB,28,17,17,460,652,4918,43,9,42,201,4.79,2,0,0,0,,0,11,5,2,,,373,372.8,392.8,381.8,85,3,9,BurrJo01
10,Kyren Williams,LAR,RB,24,16,16,0,0,0,0,0,316,1299,4.11,14,40,34,182,5.35,2,5,3,16,,,238,272.1,281.1,255.1,84,6,10,WillKy02
11,James Cook*,BUF,RB,25,16,16,0,0,0,0,0,207,1009,4.87,16,38,32,258,8.06,2,1,0,18,,,235,266.7,272.7,250.7,81,7,11,CookJa01
12,Justin Jefferson*+,MIN,WR,25,17,17,1,1,22,0,0,1,3,3.00,0,154,103,1533,14.88,10,1,0,10,,,214,317.5,320.5,266.0,80,2,12,JeffJu00
13,Baker Mayfield*,TAM,QB,29,17,17,407,570,4500,41,16,60,378,6.30,3,0,0,0,,0,13,2,3,,1,366,365.8,389.8,381.8,79,4,13,MayfBa00
14,Jonathan Taylor*,IND,RB,25,14,13,0,0,0,0,0,303,1431,4.72,11,31,18,136,7.56,1,4,1,12,,,227,244.7,251.7,235.7,74,8,14,TaylJo02
15,George Kittle*,SFO,TE,31,15,15,0,0,0,0,0,0,0,,0,94,78,1106,14.18,8,0,0,8,,,159,236.6,239.6,197.6,70,1,15,KittGe00
16,Jayden Daniels*,WAS,QB,24,17,17,331,480,3568,25,9,148,891,6.02,6,0,0,0,,0,5,0,6,1,2,356,355.8,370.8,364.8,69,5,16,DaniJa02
17,De'Von Achane,MIA,RB,23,17,16,0,0,0,0,0,203,907,4.47,6,87,78,592,7.59,6,1,0,12,,,222,299.9,305.9,260.9,69,9,17,AchaDe00
18,Amon-Ra St. Brown*+,DET,WR,25,17,17,1,1,7,1,0,2,6,3.00,0,141,115,1263,10.98,12,1,1,12,,,201,316.2,320.2,258.7,67,3,18,StxxAm00
19,Brian Thomas*,JAX,WR,22,17,16,0,0,0,0,0,6,48,8.00,0,133,87,1282,14.74,10,0,0,10,2,,197,284.0,287.0,240.5,63,4,19,ThomBr06
20,Brock Bowers*+,LVR,TE,22,17,16,0,0,0,0,0,5,13,2.60,0,153,112,1194,10.66,5,0,0,5,,,151,262.7,265.7,206.7,63,2,20,BoweBr01
21,James Conner,ARI,RB,29,16,16,0,0,0,0,0,236,1094,4.64,8,55,47,414,8.81,1,4,1,9,2,,207,253.8,260.8,230.3,55,10,21,ConnJa00
22,Joe Mixon*,HOU,RB,28,14,14,0,1,0,0,0,245,1016,4.15,11,52,36,309,8.58,1,0,0,12,,,205,240.5,246.5,222.5,53,11,22,MixoJo00
23,Terry McLaurin*,WAS,WR,29,17,17,0,0,0,0,0,2,2,1.00,0,117,82,1096,13.37,13,1,1,13,,,186,267.8,271.8,226.8,53,5,23,McLaTe00
24,Trey McBride*,ARI,TE,25,16,16,0,0,0,0,0,1,2,2.00,1,147,111,1146,10.32,2,0,0,4,,,139,249.8,252.8,194.3,51,3,24,McBrTr01
25,Chase Brown,CIN,RB,24,16,10,0,0,0,0,0,229,990,4.32,7,65,54,360,6.67,4,2,1,11,1,,201,255.0,262.0,228.0,49,12,25,BrowCh10
26,Drake London,ATL,WR,23,17,17,0,0,0,0,0,1,-3,-3.00,0,158,100,1271,12.71,9,0,0,9,,,181,280.8,283.8,230.8,48,6,26,LondDr00
27,Chuba Hubbard,CAR,RB,25,15,15,0,0,0,0,0,250,1195,4.78,10,54,43,171,3.98,1,4,3,11,1,,199,241.6,250.6,220.1,47,13,27,HubbCh01
28,Jonnu Smith*,MIA,TE,29,17,6,0,0,0,0,0,2,-1,-0.50,0,111,88,884,10.05,8,2,1,8,,,134,222.3,226.3,178.3,47,4,28,SmitJo01
29,Mark Andrews,BAL,TE,29,17,13,0,0,0,0,0,4,5,1.25,0,69,55,673,12.24,11,0,0,11,,,134,188.8,191.8,161.3,47,5,29,AndrMa00
30,Bucky Irving,TAM,RB,22,17,3,0,0,0,0,0,207,1122,5.42,8,52,47,392,8.34,0,2,1,8,,,197,244.4,251.4,220.9,46,14,30,IrviBu00
31,Alvin Kamara,NOR,RB,29,14,14,0,0,0,0,0,228,950,4.17,6,89,68,543,7.99,2,1,0,8,,,197,265.3,271.3,231.3,46,15,31,KamaAl00
32,Aaron Jones,MIN,RB,30,17,17,0,0,0,0,0,255,1138,4.46,5,62,51,408,8.00,2,5,3,7,,,191,241.6,250.6,216.1,40,16,32,JoneAa00
33,Jared Goff*,DET,QB,30,17,17,390,539,4629,37,12,35,56,1.60,0,1,1,7,7.00,1,6,0,1,,1,323,324.5,339.5,336.0,39,6,33,GoffJa00
34,David Montgomery,DET,RB,27,14,14,1,1,3,1,0,185,775,4.19,12,38,36,341,9.47,0,2,1,12,,,186,221.7,228.7,203.7,35,17,34,MontDa01
35,Mike Evans*,TAM,WR,31,14,14,0,0,0,0,0,0,0,,0,110,74,1004,13.57,11,0,0,11,,,166,240.4,243.4,203.4,35,7,35,EvanMi00
36,Breece Hall,NYJ,RB,23,16,16,0,0,0,0,0,209,876,4.19,5,76,57,483,8.47,3,6,2,8,2,,184,240.9,248.9,212.4,33,18,36,HallBr03
37,Malik Nabers*,NYG,WR,21,15,13,0,1,0,0,0,5,2,0.40,0,170,109,1204,11.05,7,1,0,7,1,,165,273.6,276.6,219.1,33,8,37,NabeMa00
38,Bo Nix,DEN,QB,24,17,17,376,567,3775,29,12,92,430,4.67,4,1,1,2,2.00,1,3,0,5,,,316,317.2,335.2,328.7,32,7,38,NixxBo00
39,Jalen Hurts,PHI,QB,26,15,15,248,361,2903,18,5,150,630,4.20,14,0,0,0,,0,9,5,14,,,315,315.1,331.1,320.1,31,8,39,HurtJa00
40,CeeDee Lamb*,DAL,WR,25,15,15,0,0,0,0,0,14,70,5.00,0,152,101,1194,11.82,6,1,1,6,1,,162,263.4,267.4,212.9,31,9,40,LambCe00
41,Sam LaPorta,DET,TE,23,16,16,0,0,0,0,0,0,0,,0,83,60,726,12.10,7,0,0,7,,,115,174.6,177.6,144.6,29,6,41,LaPoSa01
42,Courtland Sutton,DEN,WR,29,17,13,2,2,30,1,0,0,0,,0,135,81,1081,13.35,8,1,1,8,,,159,240.3,244.3,199.8,28,10,42,SuttCo00
43,Ladd McConkey,LAC,WR,23,16,14,0,0,0,0,0,0,0,,0,112,82,1149,14.01,7,2,0,7,1,,159,240.9,243.9,199.9,28,11,43,McCoLa00
44,Tucker Kraft,GNB,TE,24,17,17,0,0,0,0,0,3,6,2.00,0,70,50,707,14.14,7,1,1,7,1,,113,163.3,167.3,138.3,27,7,44,KrafTu00
45,Zach Ertz,WAS,TE,34,17,17,0,0,0,0,0,0,0,,0,91,66,654,9.91,7,1,0,7,2,,111,177.4,180.4,144.4,26,8,45,ErtzZa00
46,Davante Adams,2TM,WR,32,14,14,0,0,0,0,0,0,0,,0,141,85,1063,12.51,8,0,0,8,1,,156,241.3,244.3,198.8,25,12,46,AdamDa01
47,Sam Darnold*,MIN,QB,27,17,17,361,545,4319,35,12,67,212,3.16,1,0,0,0,,0,8,4,1,,,308,308.0,330.0,320.0,24,9,47,DarnSa00
48,Jameson Williams,DET,WR,23,15,11,0,0,0,0,0,11,61,5.55,1,91,58,1001,17.26,7,0,0,8,,,154,212.2,215.2,183.2,23,13,48,WillJa11
49,D'Andre Swift,CHI,RB,25,17,17,0,0,0,0,0,253,959,3.79,6,52,42,386,9.19,0,2,0,6,1,,173,214.5,220.5,193.5,22,19,49,SwifDA00
50,Jaxon Smith-Njigba*,SEA,WR,22,17,16,1,1,35,0,0,5,26,5.20,0,137,100,1130,11.30,6,1,0,6,,,153,253.0,256.0,203.0,22,14,50,SmitJa06
51,Jerry Jeudy*,CLE,WR,25,17,16,0,0,0,0,0,0,0,,0,145,90,1229,13.66,4,0,0,4,2,,151,240.9,243.9,195.9,20,15,51,JeudJe00
52,Garrett Wilson,NYJ,WR,24,17,17,0,0,0,0,0,2,5,2.50,0,154,101,1104,10.93,7,2,2,7,1,,151,251.9,256.9,201.4,20,16,52,WilsGa00
53,Najee Harris,PIT,RB,26,17,17,0,0,0,0,0,263,1043,3.97,6,48,36,283,7.86,0,0,0,6,,,169,204.6,210.6,186.6,19,20,53,HarrNa00
54,Jordan Addison,MIN,WR,22,15,15,0,0,0,0,0,3,20,6.67,1,99,63,875,13.89,9,0,0,10,,,150,212.5,215.5,181.0,19,18,54,AddiJo00
55,A.J. Brown,PHI,WR,27,13,13,0,0,0,0,0,0,0,,0,97,67,1079,16.10,7,0,0,7,,,150,216.9,219.9,183.4,19,17,55,BrowAJ00
56,Tee Higgins,CIN,WR,25,12,9,0,0,0,0,0,0,0,,0,109,73,911,12.48,10,1,1,10,,,149,222.1,226.1,185.6,18,19,56,HiggTe00
57,Pat Freiermuth,PIT,TE,26,17,11,0,0,0,0,0,0,0,,0,78,65,653,10.05,7,3,2,7,,,103,168.3,173.3,135.8,18,9,57,FreiPa00
58,Kyler Murray,ARI,QB,27,17,17,372,541,3851,21,11,78,572,7.33,5,0,0,0,,0,8,4,5,1,,297,297.2,318.2,308.2,14,10,58,MurrKy00
59,Travis Kelce*,KAN,TE,35,16,16,0,0,0,0,0,1,1,1.00,0,133,97,823,8.48,3,2,1,3,,,98,195.4,199.4,146.9,13,10,59,KelcTr00
60,Nico Collins*,HOU,WR,25,12,12,0,0,0,0,0,0,0,,0,99,68,1006,14.79,7,0,0,7,,,143,210.6,213.6,176.6,12,20,60,CollNi00
61,Jayden Reed,GNB,WR,24,17,10,0,0,0,0,0,20,163,8.15,1,75,55,857,15.58,6,3,1,7,,,142,197.0,204.0,169.5,12,21,61,ReedJa03
62,J.K. Dobbins,LAC,RB,26,13,11,0,0,0,0,0,195,905,4.64,9,38,32,153,4.78,0,0,0,9,,,160,191.8,197.8,175.8,11,21,62,DobbJK00
63,Tony Pollard,TEN,RB,27,16,16,0,0,0,0,0,260,1079,4.15,5,57,41,238,5.80,0,2,2,5,1,,160,200.7,208.7,180.2,10,22,63,PollTo00
64,Rico Dowdle,DAL,RB,26,16,15,0,0,0,0,0,235,1079,4.59,2,49,39,249,6.38,3,3,2,5,,,159,197.8,205.8,178.3,10,23,64,DowdRi01
65,D.J. Moore,CHI,WR,27,17,17,0,1,0,0,0,14,75,5.36,0,140,98,966,9.86,6,1,1,6,1,,140,238.1,242.1,189.1,10,22,65,MoorD.00
66,Tyreek Hill,MIA,WR,30,17,17,0,0,0,0,0,8,53,6.63,0,123,81,959,11.84,6,0,0,6,,,137,218.2,221.2,177.7,7,23,66,HillTy00
67,Zay Flowers*,BAL,WR,24,17,15,0,0,0,0,0,9,56,6.22,0,116,74,1059,14.31,4,0,0,4,,,136,209.5,212.5,172.5,6,24,67,FlowZa00
68,Marvin Harrison Jr.,ARI,WR,22,17,16,0,0,0,0,0,0,0,,0,116,62,885,14.27,8,1,1,8,,,135,196.5,200.5,165.5,5,26,68,HarrMa09
69,Calvin Ridley,TEN,WR,30,17,14,0,0,0,0,0,8,55,6.88,1,120,64,1017,15.89,4,1,1,5,,,135,199.2,203.2,167.2,5,25,69,RidlCa00
70,Jauan Jennings,SFO,WR,27,15,10,0,0,0,0,0,0,0,,0,113,77,975,12.66,6,1,0,6,,,134,210.5,213.5,172.0,4,27,70,JennJa00
71,Justin Herbert,LAC,QB,26,17,17,332,504,3870,23,3,69,306,4.43,2,0,0,0,,0,6,2,2,,3,285,285.4,296.4,288.4,3,11,71,HerbJu00
72,DeVonta Smith,PHI,WR,26,13,13,0,0,0,0,0,1,1,1.00,0,89,68,833,12.25,8,0,0,8,,,131,199.4,202.4,165.4,2,28,72,SmitDe07
73,Jakobi Meyers,LVR,WR,28,15,15,0,0,0,0,0,2,23,11.50,0,129,87,1027,11.80,4,0,0,4,1,,131,218.0,221.0,174.5,1,29,73,MeyeJa01
74,Patrick Mahomes,KAN,QB,29,16,16,392,581,3928,26,11,58,307,5.29,2,1,1,2,2.00,0,2,0,2,,,282,283.0,300.0,293.5,,12,74,MahoPa00
75,Brock Purdy,SFO,QB,25,15,15,300,455,3864,20,12,66,323,4.89,5,0,0,0,,0,7,3,5,,,267,266.9,287.9,278.9,,13,75,PurdBr00
76,Geno Smith,SEA,QB,34,17,17,407,578,4320,21,15,53,272,5.13,2,0,0,0,,0,9,0,2,,,266,266.0,287.0,281.0,,14,76,SmitGe00
77,Aaron Rodgers,NYJ,QB,41,17,17,368,584,3897,28,11,22,107,4.86,0,0,0,0,,0,5,2,0,,2,257,256.6,275.6,267.6,,15,77,RodgAa00
78,Caleb Williams,CHI,QB,23,17,17,351,562,3541,20,6,81,489,6.04,0,0,0,0,,0,10,5,0,,3,255,254.5,271.5,260.5,,16,78,WillCa03
79,Jordan Love,GNB,QB,26,15,15,268,425,3389,25,11,25,83,3.32,1,0,0,0,,0,4,0,1,,3,234,233.9,247.9,244.9,,17,,LoveJo03
80,C.J. Stroud,HOU,QB,23,17,17,336,532,3727,20,12,52,233,4.48,0,1,0,0,,0,6,4,0,,,220,220.4,242.4,232.4,,18,,StroCJ00
81,Matthew Stafford,LAR,QB,36,16,16,340,517,3762,20,8,30,41,1.37,0,0,0,0,,0,6,2,0,,,215,214.6,227.6,222.6,,19,,StafMa00
82,Bryce Young,CAR,QB,23,14,12,234,384,2403,15,9,43,249,5.79,6,0,0,0,,0,5,2,6,,,195,195.0,212.0,204.0,,20,,YounBr01
83,Tua Tagovailoa,MIA,QB,26,11,11,291,399,2867,19,7,17,49,2.88,0,0,0,0,,0,7,2,0,,2,182,181.6,193.6,188.6,,21,,TagoTu00
84,Drake Maye*,NWE,QB,22,13,12,225,338,2276,15,10,54,421,7.80,2,0,0,0,,0,9,6,2,,2,177,177.1,199.1,187.1,,22,,MayeDr00
85,Kirk Cousins,ATL,QB,36,14,14,303,453,3508,18,16,23,0,0.00,0,0,0,0,,0,13,2,0,,,176,176.3,197.3,192.3,,23,,CousKi00
86,Russell Wilson*,PIT,QB,36,11,11,214,336,2482,16,5,43,155,3.60,2,0,0,0,,0,5,4,2,,,173,172.8,187.8,177.8,,24,,WilsRu00
87,Anthony Richardson,IND,QB,22,11,11,126,264,1814,8,12,86,499,5.80,6,1,1,-1,-1.00,0,9,3,6,1,,162,163.4,184.4,174.9,,25,,RichAn03
88,Derek Carr,NOR,QB,33,10,10,189,279,2145,15,5,17,71,4.18,1,0,0,0,,0,3,0,1,,1,151,150.9,158.9,155.9,,26,,CarrDe02
89,Rachaad White,TAM,RB,25,16,15,0,0,0,0,0,144,613,4.26,3,57,51,393,7.71,6,3,3,9,,,149,199.6,208.6,174.1,,24,,WhitRa01
90,Zach Charbonnet,SEA,RB,23,17,6,0,0,0,0,0,135,569,4.21,8,52,42,340,8.10,1,0,0,9,,,145,186.9,192.9,165.9,,25,,CharZa00
91,Trevor Lawrence,JAX,QB,25,10,10,172,284,2045,11,7,26,119,4.58,3,0,0,-5,,0,3,1,3,,3,145,145.2,159.2,152.2,,27,,LawrTr00
92,Tyrone Tracy Jr.,NYG,RB,25,17,12,0,0,0,0,0,192,839,4.37,5,53,38,284,7.47,1,5,2,6,,,144,182.3,190.3,163.3,,26,,TracTy00
93,Rhamondre Stevenson,NWE,RB,26,15,14,0,0,0,0,0,207,801,3.87,7,41,33,168,5.09,1,7,3,8,2,,143,175.9,184.9,159.4,,27,,StevRh00
94,Brian Robinson Jr.,WAS,RB,25,14,13,0,0,0,0,0,187,799,4.27,8,25,20,159,7.95,0,2,2,8,,,140,159.8,167.8,149.8,,28,,RobiBr01
95,Daniel Jones,NYG,QB,27,10,10,216,341,2070,8,7,67,265,3.96,2,0,0,0,,0,4,2,2,,,135,135.3,150.3,142.3,,28,,JoneDa05
96,Kenneth Walker III,SEA,RB,24,11,11,0,0,0,0,0,153,573,3.75,7,53,46,299,6.50,1,1,0,8,,,135,181.2,187.2,158.2,,29,,WalkKe00
97,Kareem Hunt,KAN,RB,29,13,8,0,0,0,0,0,200,728,3.64,7,32,23,176,7.65,0,0,0,7,,,132,155.4,161.4,143.9,,30,,HuntKa00
98,Jameis Winston,CLE,QB,30,12,7,181,296,2121,13,12,25,83,3.32,1,0,0,0,,0,5,2,1,,4,131,131.1,148.1,143.1,,29,,WinsJa00
99,Rashod Bateman,BAL,WR,25,17,14,0,0,0,0,0,0,0,,0,72,45,756,16.80,9,0,0,9,,,130,174.6,177.6,152.1,,30,,BateRa00
100,Darnell Mooney,ATL,WR,27,16,16,0,1,0,0,0,0,0,,0,106,64,992,15.50,5,0,0,5,,,129,193.2,196.2,161.2,,31,,MoonDa00
101,Puka Nacua,LAR,WR,23,11,11,0,0,0,0,0,11,46,4.18,1,106,79,990,12.53,3,0,0,4,,,128,206.6,209.6,167.1,,33,,NacuPu00
102,Xavier Worthy,KAN,WR,21,17,13,0,0,0,0,0,20,104,5.20,3,98,59,638,10.81,6,0,0,9,,,128,187.2,193.2,157.7,,32,,WortXa00
103,D.K. Metcalf,SEA,WR,27,15,12,0,0,0,0,0,0,0,,0,108,66,992,15.03,5,2,2,5,,,125,191.2,196.2,158.2,,34,,MetcDK00
104,Alec Pierce,IND,WR,24,16,13,0,0,0,0,0,0,0,,0,69,37,824,22.27,7,0,0,7,,,124,161.4,164.4,142.9,,35,,PierAl00
105,Tank Bigsby,JAX,RB,23,16,1,0,0,0,0,0,168,766,4.56,7,12,7,54,7.71,0,4,1,7,,,122,129.0,133.0,125.5,,31,,BigsTa00
106,Quentin Johnston,LAC,WR,23,15,11,0,0,0,0,0,3,6,2.00,0,91,55,711,12.93,8,0,0,8,,,120,174.7,177.7,147.2,,36,,JohnQu02
107,Will Levis,TEN,QB,25,12,12,190,301,2091,13,12,45,183,4.07,0,0,0,0,,0,10,6,0,,1,120,119.9,143.9,131.9,,30,,LeviWi00
108,Justin Fields,PIT,QB,25,10,6,106,161,1106,5,1,62,289,4.66,5,0,0,0,,0,6,1,5,,,119,119.1,127.1,120.1,,31,,FielJu00
109,Dak Prescott,DAL,QB,31,8,8,185,286,1978,11,8,13,54,4.15,1,0,0,0,,0,4,1,1,,,117,116.5,128.5,124.5,,32,,PresDa01
110,Keenan Allen,CHI,WR,32,15,15,0,1,0,0,1,0,0,,0,121,70,744,10.63,7,1,0,7,,,114,184.4,188.4,150.4,,37,,AlleKe00
111,Josh Downs,IND,WR,23,14,8,0,0,0,0,0,1,12,12.00,0,107,72,803,11.15,5,0,0,5,,,112,183.5,186.5,147.5,,38,,DownJo00
112,Cooper Rush,DAL,QB,31,12,8,187,308,1844,12,5,26,18,0.69,0,0,0,0,,0,9,3,0,,1,110,109.6,120.6,114.6,,33,,RushCo00
113,Cooper Kupp,LAR,WR,31,12,11,0,0,0,0,0,2,10,5.00,0,100,67,710,10.60,6,1,0,6,,,108,175.0,178.0,141.5,,39,,KuppCo00
114,Khalil Shakir,BUF,WR,24,15,9,0,0,0,0,0,2,4,2.00,0,100,76,821,10.80,4,1,0,4,,,107,182.5,185.5,144.5,,40,,ShakKh00
115,Javonte Williams,DEN,RB,24,17,11,0,0,0,0,0,139,513,3.69,4,70,52,346,6.65,0,2,2,4,,,106,157.9,165.9,131.9,,32,,WillJa10
116,George Pickens,PIT,WR,23,14,12,0,0,0,0,0,2,-6,-3.00,0,103,59,900,15.25,3,1,1,3,,,105,164.4,168.4,134.9,,41,,PickGe00
117,Jordan Mason,SFO,RB,25,12,6,0,0,0,0,0,153,789,5.16,3,14,11,91,8.27,0,3,1,3,,,104,115.0,119.0,109.5,,33,,MasoJo00
118,Nick Westbrook-Ikhine,TEN,WR,27,17,9,0,0,0,0,0,0,0,,0,60,32,497,15.53,9,0,0,9,,,104,135.7,138.7,119.7,,42,,WestNi00
119,Deebo Samuel,SFO,WR,28,15,15,0,0,0,0,0,42,136,3.24,1,81,51,670,13.14,3,2,1,4,,,103,153.6,160.6,128.1,,44,,SamuDe00
120,Jalen Tolbert,DAL,WR,25,17,15,0,0,0,0,0,0,0,,0,79,49,610,12.45,7,0,0,7,,,103,152.0,155.0,127.5,,43,,TolbJa00
121,Alexander Mattison,LVR,RB,26,14,7,0,0,0,0,0,132,420,3.18,4,48,36,294,8.17,1,1,1,5,1,,101,137.4,144.4,119.4,,34,,MattAl01
122,Ray Davis,BUF,RB,25,17,0,0,0,0,0,0,113,442,3.91,3,19,17,189,11.12,3,0,0,6,,,99,116.1,122.1,107.6,,35,,DaviRa04
123,Joe Flacco,IND,QB,39,8,6,162,248,1761,12,7,9,26,2.89,0,0,0,0,,0,4,4,0,,,99,99.0,113.0,106.0,,34,,FlacJo00
124,Jalen McMillan,TAM,WR,23,13,12,0,0,0,0,0,4,43,10.75,0,58,37,461,12.46,8,0,0,8,,,98,135.4,138.4,116.9,,45,,McMiJa01
125,Austin Ekeler,WAS,RB,29,12,6,0,0,0,0,0,77,367,4.77,4,41,35,366,10.46,0,3,0,4,,,97,132.3,138.3,114.8,,36,,EkelAu00
126,Jerome Ford,CLE,RB,25,14,6,0,0,0,0,0,104,565,5.43,3,43,37,225,6.08,0,0,0,3,,,97,134.0,140.0,115.5,,37,,FordJe00
127,Michael Pittman Jr.,IND,WR,27,16,14,0,0,0,0,0,0,0,,0,111,69,808,11.71,3,1,1,3,,,97,165.8,169.8,131.3,,46,,PittMi01
128,Mac Jones,JAX,QB,26,10,7,171,262,1672,8,8,28,92,3.29,1,0,0,0,,0,2,2,1,,1,96,96.1,109.1,104.1,,36,,JoneMa05
129,Gardner Minshew II,LVR,QB,28,10,9,203,306,2013,9,10,19,58,3.05,0,0,0,0,,0,6,4,0,,1,96,96.3,113.3,106.3,,35,,MinsGa00
130,Mason Rudolph,TEN,QB,29,8,5,146,228,1530,9,9,25,106,4.24,1,0,0,0,,0,5,1,1,,1,96,95.8,111.8,104.8,,37,,RudoMa00
131,Tyler Allgeier,ATL,RB,24,17,0,0,0,0,0,0,137,644,4.70,3,13,13,88,6.77,0,0,0,3,1,,93,106.2,109.2,99.7,,38,,AllgTy00
132,Aidan O'Connell,LVR,QB,26,9,7,154,243,1612,8,4,21,30,1.43,1,0,0,0,,0,2,2,1,,,93,93.5,102.5,97.5,,38,,OConAi00
133,Demarcus Robinson,LAR,WR,30,17,17,0,0,0,0,0,0,0,,0,64,31,505,16.29,7,0,0,7,,,93,123.5,126.5,108.0,,47,,RobiDe01
134,Adam Thielen,CAR,WR,34,10,10,0,0,0,0,0,0,0,,0,62,48,615,12.81,5,0,0,5,,,92,139.5,142.5,115.5,,49,,ThieAd00
135,Jaylen Waddle,MIA,WR,26,15,15,0,0,0,0,0,4,12,3.00,0,83,58,744,12.83,2,0,0,2,2,,92,149.6,152.6,120.6,,48,,WaddJa00
136,Travis Etienne,JAX,RB,25,15,15,0,0,0,0,0,150,558,3.72,2,52,39,254,6.51,0,1,1,2,,,91,130.2,137.2,110.7,,39,,EtieTr00
137,DeAndre Hopkins,2TM,WR,32,16,8,0,0,0,0,0,0,0,,0,80,56,610,10.89,5,1,0,5,,,91,147.0,150.0,119.0,,50,,HopkDe00
138,Marvin Mims*+,DEN,WR,22,17,2,0,0,0,0,0,13,42,3.23,0,52,39,503,12.90,6,1,0,6,,,91,129.5,132.5,110.0,,52,,MimsMa00
139,Rome Odunze,CHI,WR,22,17,12,0,0,0,0,0,3,15,5.00,0,101,54,734,13.59,3,2,1,3,,,91,144.9,148.9,117.9,,51,,OdunRo00
140,Wan'Dale Robinson,NYG,WR,23,17,7,0,0,0,0,0,3,18,6.00,0,140,93,699,7.52,3,0,0,3,,,90,182.7,185.7,136.2,,53,,RobiWa01
141,Tank Dell,HOU,WR,25,14,10,0,0,0,0,0,9,43,4.78,0,81,51,667,13.08,3,0,0,3,,,89,140.0,143.0,114.5,,54,,DellNa00
142,Allen Lazard,NYJ,WR,29,12,10,0,1,0,0,0,0,0,,0,60,37,530,14.32,6,0,0,6,,,89,126.0,129.0,107.5,,55,,LazaAl00
143,Chris Godwin,TAM,WR,28,7,7,0,0,0,0,0,1,2,2.00,0,62,50,576,11.52,5,1,0,5,,,88,137.8,140.8,112.8,,56,,GodwCh00
144,Romeo Doubs,GNB,WR,24,13,12,0,0,0,0,0,0,0,,0,72,46,601,13.07,4,0,0,4,1,,86,132.1,135.1,109.1,,57,,DoubRo00
145,Jaylen Warren,PIT,RB,26,15,0,0,0,0,0,0,120,511,4.26,1,47,38,310,8.16,0,2,1,1,,,86,124.1,131.1,105.1,,40,,WarrJa01
146,Ameer Abdullah,LVR,RB,31,16,3,0,0,0,0,0,66,311,4.71,2,47,40,261,6.53,3,2,1,5,,,85,125.2,132.2,105.2,,41,,AbduAm00
147,Justice Hill,BAL,RB,27,15,0,0,0,0,0,0,47,228,4.85,1,51,42,383,9.12,3,0,0,4,,,85,127.1,133.1,106.1,,42,,HillJu00
148,David Njoku,CLE,TE,28,11,11,0,0,0,0,0,0,0,,0,97,64,505,7.89,5,0,0,5,2,,85,148.5,151.5,116.5,,11,,NjokDa00
149,Emanuel Wilson,GNB,RB,25,17,0,0,0,0,0,0,103,502,4.87,4,14,11,48,4.36,1,0,0,5,,,85,96.0,99.0,90.5,,43,,WilsEm00
150,Andrei Iosivas,CIN,WR,25,17,8,0,0,0,0,0,0,0,,0,61,36,479,13.31,6,0,0,6,,,84,119.9,122.9,101.9,,58,,IosiAn00
151,Kyle Pitts,ATL,TE,24,17,15,0,0,0,0,0,0,0,,0,74,47,602,12.81,4,0,0,4,,,84,131.2,134.2,107.7,,12,,PittKy00
152,Tyjae Spears,TEN,RB,23,12,1,0,0,0,0,0,84,312,3.71,4,35,30,224,7.47,1,1,0,5,,,84,113.6,119.6,98.6,,44,,SpeaTy00
153,Calvin Austin III,PIT,WR,25,17,8,0,0,0,0,0,0,0,,0,58,36,548,15.22,4,1,1,5,,,83,118.8,122.8,100.8,,59,,AustCa00
154,Keon Coleman,BUF,WR,21,13,12,0,0,0,0,0,1,9,9.00,0,57,29,556,19.17,4,0,0,4,1,,83,111.5,114.5,97.0,,60,,ColeKe02
155,Demario Douglas,NWE,WR,24,17,7,0,0,0,0,0,3,16,5.33,0,87,66,621,9.41,3,1,0,3,,,82,147.7,150.7,114.7,,62,,DougDe00
156,Isaiah Likely,BAL,TE,24,16,9,0,0,0,0,0,0,0,,0,58,42,477,11.36,6,1,1,6,,,82,123.7,127.7,102.7,,13,,LikeIs00
157,Cade Otton,TAM,TE,25,14,14,0,0,0,0,0,1,-4,-4.00,0,87,59,600,10.17,4,2,1,4,,,82,140.6,144.6,111.1,,14,,OttoCa00
158,Tre Tucker,LVR,WR,23,17,14,0,0,0,0,0,9,44,4.89,1,81,47,539,11.47,3,0,0,4,,,82,129.3,132.3,105.8,,61,,TuckTr00
159,Antonio Gibson,NWE,RB,26,17,3,0,0,0,0,0,120,538,4.48,1,29,23,206,8.96,0,2,0,1,,,80,103.4,109.4,91.9,,45,,GibsAn00
160,Drew Lock,NYG,QB,28,8,5,107,181,1071,6,5,18,133,7.39,2,0,0,0,,0,5,2,2,,1,80,80.1,93.1,85.1,,39,,LockDr00
161,Cam Akers,2TM,RB,25,17,2,0,0,0,0,0,104,444,4.27,2,18,14,68,4.86,3,1,1,5,,,79,93.2,97.2,86.2,,46,,AkerCa00
162,Kayshon Boutte,NWE,WR,22,15,13,0,0,0,0,0,0,0,,0,68,43,589,13.70,3,0,0,3,1,,79,121.9,124.9,100.4,,63,,BoutKa00
163,Amari Cooper,2TM,WR,30,14,10,0,0,0,0,0,0,0,,0,85,44,547,12.43,4,0,0,4,,,79,122.7,125.7,100.7,,64,,CoopAm00
164,Isaac Guerendo,SFO,RB,24,16,3,0,0,0,0,0,84,420,5.00,4,16,15,152,10.13,0,3,1,4,,,79,94.2,101.2,86.7,,47,,GuerIs00
165,Hunter Henry,NWE,TE,30,16,16,0,0,0,0,0,0,0,,0,97,66,674,10.21,2,0,0,2,,,79,145.4,148.4,112.4,,15,,HenrHu00
166,Taysom Hill,NOR,TE,34,8,8,2,4,21,0,1,39,278,7.13,6,31,23,187,8.13,0,1,1,6,,,79,102.3,110.3,91.8,,16,,HillTa00
167,Ray-Ray McCloud,ATL,WR,28,17,13,0,0,0,0,0,10,79,7.90,0,87,62,686,11.06,1,4,2,1,,,79,140.5,145.5,109.5,,65,,McClRa00
168,Michael Wilson,ARI,WR,24,16,13,0,0,0,0,0,1,7,7.00,0,71,47,548,11.66,4,1,1,4,,,78,124.5,128.5,101.0,,66,,WilsMi02
169,Mike Gesicki,CIN,TE,29,17,3,0,0,0,0,0,0,0,,0,83,65,665,10.23,2,1,1,2,,,77,141.5,145.5,109.0,,17,,GesiMi00
170,Deshaun Watson,CLE,QB,29,7,7,137,216,1148,5,3,31,148,4.77,1,0,0,0,,0,5,3,1,,1,77,76.7,88.7,79.7,,40,,WatsDe00
171,Xavier Legette,CAR,WR,23,16,13,0,0,0,0,0,6,24,4.00,0,84,49,497,10.14,4,0,0,4,,,76,125.1,128.1,100.6,,68,,LegeXa00
172,Devin Singletary,NYG,RB,27,15,5,0,0,0,0,0,113,437,3.87,4,24,21,119,5.67,0,2,2,4,,,76,96.6,104.6,86.1,,48,,SingDe00
173,Christian Watson,GNB,WR,25,15,15,0,0,0,0,0,4,23,5.75,0,53,29,620,21.38,2,1,1,2,1,,76,105.3,109.3,90.8,,67,,WatsCh00
174,Stefon Diggs,HOU,WR,31,8,8,1,1,13,0,0,3,8,2.67,1,64,47,496,10.55,3,0,0,4,,,75,121.9,124.9,98.4,,70,,DiggSt00
175,Jalen Nailor,MIN,WR,25,17,7,0,0,0,0,0,3,-4,-1.33,0,42,28,414,14.79,6,1,1,6,,,75,103.0,107.0,89.0,,69,,NailJa00
176,Ty Johnson,BUF,RB,27,17,1,0,0,0,0,0,41,213,5.20,1,25,18,284,15.78,3,0,0,4,,,74,91.7,97.7,82.7,,49,,JohnTy02
177,Noah Gray,KAN,TE,25,17,10,0,0,0,0,0,1,-4,-4.00,0,49,40,437,10.93,5,0,0,5,,,73,113.3,116.3,93.3,,19,,GrayNo00
178,Juwan Johnson,NOR,TE,28,17,5,0,0,0,0,0,0,0,,0,66,50,548,10.96,3,2,0,3,,,73,122.8,125.8,97.8,,20,,JohnJu02
179,Cole Kmet,CHI,TE,25,17,16,0,0,0,0,0,0,0,,0,55,47,474,10.09,4,0,0,4,1,,73,120.4,123.4,96.9,,18,,KmetCo00
180,Jaleel McLaughlin,DEN,RB,24,16,5,0,0,0,0,0,113,496,4.39,1,27,24,76,3.17,2,1,1,3,,,73,97.2,101.2,85.2,,50,,McLaJa00
181,KaVontae Turpin*+,DAL,WR,28,17,2,0,0,0,0,0,16,92,5.75,0,52,31,420,13.55,2,3,1,4,,,73,104.2,108.2,88.7,,71,,TurpKa00
182,Tyler Lockett,SEA,WR,32,17,14,0,0,0,0,0,0,0,,0,74,49,600,12.24,2,0,0,2,,,72,121.0,124.0,96.5,,72,,LockTy00
183,Dontayvion Wicks,GNB,WR,23,17,5,0,0,0,0,0,0,0,,0,76,39,415,10.64,5,0,0,5,,,72,110.5,113.5,91.0,,73,,WickDo00
184,Tyler Conklin,NYJ,TE,29,16,15,0,0,0,0,0,1,0,0.00,0,72,51,449,8.80,4,0,0,4,1,,71,121.9,124.9,96.4,,22,,ConkTy00
185,Foster Moreau,NOR,TE,27,17,17,0,0,0,0,0,0,0,,0,43,32,413,12.91,5,0,0,5,,,71,103.3,106.3,87.3,,21,,MoreFo00
186,Darius Slayton,NYG,WR,27,16,13,0,0,0,0,0,2,17,8.50,0,71,39,573,14.69,2,1,0,2,,,71,110.0,113.0,90.5,,74,,SlayDa01
187,Mack Hollins,BUF,WR,31,17,13,0,0,0,0,0,0,0,,0,50,31,378,12.19,5,0,0,5,,,68,98.8,101.8,83.3,,76,,HollMa00
188,Josh Palmer,LAC,WR,25,15,7,0,0,0,0,0,0,0,,0,65,39,584,14.97,1,0,0,1,2,,68,107.4,110.4,87.9,,75,,PalmJo00
189,Spencer Rattler,NOR,QB,24,7,6,130,228,1317,4,5,18,146,8.11,0,0,0,0,,0,5,3,0,,,67,67.3,81.3,72.3,,41,,RattSp00
190,Olamide Zaccheaus,WAS,WR,27,17,6,0,0,0,0,0,1,8,8.00,0,64,45,506,11.24,3,3,1,3,,,67,112.4,116.4,89.9,,77,,ZaccOl01
191,Braelon Allen,NYJ,RB,20,17,2,0,0,0,0,0,92,334,3.63,2,27,19,148,7.79,1,0,0,3,,,66,85.2,91.2,75.7,,51,,AlleBr05
192,Marquez Valdes-Scantling,2TM,WR,30,14,8,0,0,0,0,0,1,4,4.00,0,44,19,411,21.63,4,0,0,4,,,66,84.5,87.5,75.0,,78,,ValdMa00
193,Devaughn Vele,DEN,WR,27,13,7,0,0,0,0,0,0,0,,0,55,41,475,11.59,3,0,0,3,,,66,106.5,109.5,86.0,,79,,VeleDe00
194,Dalton Schultz,HOU,TE,28,17,13,0,0,0,0,0,0,0,,0,85,53,532,10.04,2,0,0,2,,,65,118.2,121.2,91.7,,23,,SchuDa00
195,Parker Washington,JAX,WR,22,17,7,0,0,0,0,0,0,0,,0,51,32,390,12.19,3,2,0,4,1,,65,97.0,100.0,81.0,,80,,WashPa01
196,Austin Hooper,NWE,TE,30,17,8,0,0,0,0,0,0,0,,0,59,45,476,10.58,3,2,1,3,,,64,108.6,112.6,86.1,,24,,HoopAu00
197,Ricky Pearsall,SFO,WR,24,11,4,0,1,0,0,0,3,45,15.00,0,46,31,400,12.90,3,0,0,3,,,63,93.5,96.5,78.0,,81,,PearRi00
198,Dallas Goedert,PHI,TE,29,10,10,0,0,0,0,0,0,0,,0,52,42,496,11.81,2,2,0,2,,,62,103.6,106.6,82.6,,25,,GoedDa00
199,Chigoziem Okonkwo,TEN,TE,25,17,11,0,0,0,0,0,1,17,17.00,0,70,52,479,9.21,2,2,1,2,1,,62,113.6,117.6,87.6,,26,,OkonCh00
200,Jalen Coker,CAR,WR,23,11,4,1,1,19,0,0,0,0,,0,46,32,478,14.94,2,0,0,2,,,61,92.6,95.6,76.6,,82,,CokeJa01
201,Gus Edwards,LAC,RB,29,11,6,0,0,0,0,0,101,365,3.61,4,5,3,6,2.00,0,0,0,4,,,61,64.1,67.1,62.6,,53,,EdwaGu00
202,Tyler Huntley,MIA,QB,26,5,5,86,133,829,3,3,26,135,5.19,2,0,0,0,,0,6,2,2,,,61,60.7,71.7,63.7,,42,,HuntTy01
203,Roschon Johnson,CHI,RB,23,14,0,0,0,0,0,0,55,150,2.73,6,20,16,104,6.50,0,0,0,6,,,61,77.4,83.4,69.4,,52,,JohnRo07
204,Will Dissly,LAC,TE,28,15,8,0,0,0,0,0,0,0,,0,64,50,481,9.62,2,0,0,2,,,60,110.1,113.1,85.1,,27,,DissWi00
205,Elijah Moore,CLE,WR,24,17,13,0,0,0,0,0,1,1,1.00,0,102,61,538,8.82,1,0,0,1,,,60,120.9,123.9,90.4,,83,,MoorEl00
206,Rashid Shaheed,NOR,WR,26,6,5,0,0,0,0,0,6,29,4.83,0,41,20,349,17.45,3,1,1,4,,,60,79.8,83.8,69.8,,84,,ShahRa00
207,Sean Tucker,TAM,RB,23,17,0,0,0,0,0,0,50,308,6.16,2,12,9,109,12.11,1,1,0,3,,,60,68.7,74.7,64.2,,54,,TuckSe00
208,Andy Dalton,CAR,QB,37,6,5,106,160,989,7,6,11,34,3.09,0,0,0,0,,0,2,0,0,,,59,59.0,68.0,65.0,,43,,DaltAn00
209,Zack Moss,CIN,RB,27,8,6,0,0,0,0,0,74,242,3.27,2,27,23,187,8.13,1,2,1,3,,,59,81.9,88.9,70.4,,55,,MossZa00
210,Tim Patrick,DET,WR,31,16,9,0,0,0,0,0,0,0,,0,44,33,394,11.94,3,0,0,3,1,,59,92.4,95.4,75.9,,85,,PatrTi00
211,Nick Chubb,CLE,RB,29,8,8,0,0,0,0,0,102,332,3.25,3,11,5,31,6.20,1,1,1,4,,,58,63.3,67.3,60.8,,56,,ChubNi00
212,Tutu Atwell,LAR,WR,25,17,5,0,1,0,0,0,2,7,3.50,0,62,42,562,13.38,0,0,0,0,,,57,98.9,101.9,77.9,,86,,AtweTu00
213,Dalton Kincaid,BUF,TE,25,13,9,0,0,0,0,0,0,0,,0,75,44,448,10.18,2,1,0,2,,,57,100.8,103.8,78.8,,28,,KincDa00
214,Noah Fant,SEA,TE,27,14,9,0,0,0,0,0,0,0,,0,64,48,500,10.42,1,0,0,1,,,56,104.0,107.0,80.0,,29,,FantNo00
215,Diontae Johnson,3TM,WR,28,12,8,0,0,0,0,0,2,6,3.00,0,67,33,375,11.36,3,0,0,3,,,56,89.1,92.1,72.6,,87,,JohnDi01
216,Jeremy McNichols,WAS,RB,29,17,1,0,0,0,0,0,55,261,4.75,4,12,9,27,3.00,0,0,0,4,1,,55,63.8,66.8,59.3,,57,,McNiJe00
217,Greg Dortch,ARI,WR,26,17,4,0,0,0,0,0,5,31,6.20,0,50,37,342,9.24,3,3,1,3,,,53,90.3,94.3,71.8,,88,,DortGr01
218,David Moore,CAR,WR,29,17,5,0,0,0,0,0,1,0,0.00,0,57,32,351,10.97,3,0,0,3,,,53,85.1,88.1,69.1,,89,,MoorDa03
219,Samaje Perine,KAN,RB,29,17,0,0,0,0,0,0,20,92,4.60,1,35,28,322,11.50,1,0,0,2,,,53,81.4,84.4,67.4,,58,,PeriSa00
220,Miles Sanders,CAR,RB,27,11,2,0,0,0,0,0,55,205,3.73,2,30,24,148,6.17,1,1,0,3,,,53,77.3,83.3,65.3,,59,,SandMi01
221,Raheem Mostert,MIA,RB,32,13,1,0,0,0,0,0,85,278,3.27,2,23,19,161,8.47,0,2,2,2,,,52,70.9,78.9,61.4,,60,,MostRa00
222,Malik Willis,GNB,QB,25,7,2,40,54,550,3,0,20,138,6.90,1,0,0,0,,0,1,1,1,,,52,51.8,58.8,51.8,,44,,WillMa12
223,Jordan Akins,CLE,TE,32,17,6,0,0,0,0,0,0,0,,0,58,40,390,9.75,2,1,0,2,,,51,91.0,94.0,71.0,,31,,AkinJo00
224,Noah Brown,WAS,WR,28,11,9,0,0,0,0,0,0,0,,0,56,35,453,12.94,1,0,0,1,,,51,86.3,89.3,68.8,,91,,BrowNo00
225,Brenton Strange,JAX,TE,24,17,10,0,0,0,0,0,0,0,,0,53,40,411,10.28,2,1,1,2,,,51,91.1,95.1,71.1,,30,,StraBr00
226,Cedric Tillman,CLE,WR,24,11,6,0,0,0,0,0,1,-5,-5.00,0,49,29,339,11.69,3,1,1,3,1,,51,80.4,84.4,65.9,,90,,TillCe01
227,AJ Barner,SEA,TE,22,17,6,0,0,0,0,0,0,0,,0,38,30,245,8.17,4,0,0,4,,,49,78.5,81.5,63.5,,32,,BarnAJ00
228,Sterling Shepard,TAM,WR,31,14,5,0,0,0,0,0,8,69,8.63,0,51,32,334,10.44,1,0,0,1,1,,48,80.3,83.3,64.3,,92,,ShepSt00
229,Kenneth Gainwell,PHI,RB,25,17,1,0,0,0,0,0,75,290,3.87,1,22,16,116,7.25,0,0,0,1,,,47,62.6,68.6,54.6,,61,,GainKe00
230,Ezekiel Elliott,DAL,RB,29,15,2,0,0,0,0,0,74,226,3.05,3,15,12,69,5.75,0,1,1,3,,,46,57.5,61.5,51.5,,62,,ElliEz00
231,T.J. Hockenson,MIN,TE,27,10,9,0,0,0,0,0,0,0,,0,62,41,455,11.10,0,0,0,0,,,46,86.5,89.5,66.0,,33,,HockTJ00
232,Marcus Mariota,WAS,QB,31,3,0,34,44,364,4,0,18,92,5.11,1,0,0,0,,0,0,0,1,,,46,45.8,48.8,45.8,,45,,MariMa01
233,Jacoby Brissett,NWE,QB,32,8,5,95,161,826,2,1,15,62,4.13,0,0,0,0,,0,4,1,0,,1,45,45.2,50.2,46.2,,46,,BrisJa00
234,Jake Ferguson,DAL,TE,25,14,14,0,0,0,0,0,0,0,,0,86,59,494,8.37,0,4,2,0,,,45,104.4,109.4,74.9,,34,,FergJa00
235,Chris Olave,NOR,WR,24,8,8,0,0,0,0,0,1,7,7.00,0,44,32,400,12.50,1,1,1,1,,,45,76.7,80.7,60.7,,93,,OlavCh00
236,Isiah Pacheco,KAN,RB,25,7,6,0,0,0,0,0,83,310,3.73,1,16,12,79,6.58,0,0,0,1,,,45,56.9,59.9,50.9,,63,,PachIs00
237,Brandin Cooks,DAL,WR,31,10,9,0,0,0,0,0,3,-3,-1.00,0,54,26,259,9.96,3,0,0,3,,,44,69.6,72.6,56.6,,95,,CookBr00
238,Audric Estime,DEN,RB,21,13,1,0,0,0,0,0,76,310,4.08,2,5,5,27,5.40,0,2,1,2,,,44,48.7,52.7,46.2,,64,,EstiAu00
239,Christian Kirk,JAX,WR,28,8,7,0,0,0,0,0,0,0,,0,47,27,379,14.04,1,0,0,1,,,44,70.9,73.9,57.4,,94,,KirkCh01
240,Josh Oliver,MIN,TE,27,15,12,0,0,0,0,0,0,0,,0,28,22,258,11.73,3,0,0,3,,,44,65.8,68.8,54.8,,35,,OlivJo00
241,Michael Penix,ATL,QB,24,5,3,61,105,775,3,3,7,11,1.57,1,0,0,0,,0,2,0,1,,,44,44.1,50.1,47.1,,47,,PeniMi00
242,Evan Engram,JAX,TE,30,9,9,0,0,0,0,0,0,0,,0,64,47,365,7.77,1,1,1,1,1,,43,89.5,93.5,66.0,,36,,EngrEv00
243,Dameon Pierce,HOU,RB,24,11,0,0,0,0,0,0,40,293,7.33,2,4,2,2,1.00,0,1,0,2,,,42,43.5,46.5,42.5,,65,,PierDa01
244,Trey Benson,ARI,RB,21,13,1,0,0,0,0,0,63,291,4.62,1,6,6,59,9.83,0,1,0,1,,,41,47.0,50.0,44.0,,66,,BensTr01
245,Rashee Rice,KAN,WR,24,4,4,0,0,0,0,0,1,1,1.00,0,29,24,288,12.00,2,0,0,2,,,41,64.9,67.9,52.9,,96,,RiceRa01
246,Justin Watson,KAN,WR,28,17,7,0,0,0,0,0,0,0,,0,32,22,289,13.14,2,0,0,2,,,41,62.9,65.9,51.9,,97,,WatsJu01
247,Van Jefferson,PIT,WR,28,17,12,0,0,0,0,0,0,0,,0,40,24,276,11.50,2,0,0,2,,,40,63.6,66.6,51.6,,98,,JeffVa00
248,Kalif Raymond,DET,WR,30,12,2,0,0,0,0,0,2,0,0.00,0,22,17,215,12.65,2,0,0,3,,,40,56.5,59.5,48.0,,99,,RaymKa00
249,Ja'Tavion Sanders,CAR,TE,21,16,8,0,0,0,0,0,0,0,,0,43,33,342,10.36,1,1,0,1,,,40,73.2,76.2,56.7,,37,,SandJa01
250,Tyler Boyd,TEN,WR,30,16,8,0,1,0,0,0,1,3,3.00,0,57,39,390,10.00,0,0,0,0,,,39,78.3,81.3,58.8,,100,,BoydTy00
251,Emari Demercado,ARI,RB,25,13,0,0,0,0,0,0,24,223,9.29,1,20,16,104,6.50,0,0,0,1,,,39,54.7,60.7,46.7,,67,,DemeEm00
252,Troy Franklin,DEN,WR,21,16,6,0,0,0,0,0,2,8,4.00,0,53,28,263,9.39,2,0,0,2,,,39,67.1,70.1,53.1,,101,,FranTr00
253,Theo Johnson,NYG,TE,23,12,11,0,0,0,0,0,0,0,,0,43,29,331,11.41,1,0,0,1,,,39,68.1,71.1,53.6,,38,,JohnTh00
254,Kyle Juszczyk*,SFO,FB,33,17,15,0,0,0,0,0,5,26,5.20,1,31,19,200,10.53,2,1,1,3,,,39,57.6,61.6,48.1,,68,,JuszKy00
255,Trey Sermon,IND,RB,25,17,3,0,0,0,0,0,56,159,2.84,2,19,16,99,6.19,0,0,0,2,,,38,53.8,56.8,45.8,,69,,SermTr00
256,Brandon Aiyuk,SFO,WR,26,7,7,0,0,0,0,0,0,0,,0,47,25,374,14.96,0,0,0,0,,,37,62.4,65.4,49.9,,102,,AiyuBr00
257,Kendrick Bourne,NWE,WR,29,12,9,0,1,0,0,0,1,6,6.00,0,38,28,305,10.89,1,0,0,1,,,37,65.1,68.1,51.1,,104,,BourKe00
258,Dyami Brown,WAS,WR,25,16,3,0,1,0,0,0,3,26,8.67,0,40,30,308,10.27,1,1,1,1,,,37,67.4,71.4,52.4,,103,,BrowDy00
259,Isaiah Davis,NYJ,RB,22,17,0,0,0,0,0,0,30,174,5.80,1,12,9,75,8.33,1,0,0,2,,,37,45.9,48.9,41.4,,71,,DaviIs00
260,Dawson Knox,BUF,TE,28,16,13,0,0,0,0,0,0,0,,0,33,22,311,14.14,1,0,0,1,,,37,59.1,62.1,48.1,,39,,KnoxDa00
261,Dare Ogunbowale,HOU,RB,30,17,1,0,0,0,0,0,30,112,3.73,0,28,19,198,10.42,1,0,0,1,,,37,56.0,62.0,46.5,,70,,OgunDa00
262,Grant Calcaterra,PHI,TE,26,17,13,0,0,0,0,0,0,0,,0,30,24,298,12.42,1,0,0,1,,,36,59.8,62.8,47.8,,40,,CalcGr00
263,Mike Williams,2TM,WR,30,18,5,0,0,0,0,0,0,0,,0,34,21,298,14.19,1,0,0,1,,,36,56.8,59.8,46.3,,105,,WillMi07
264,Nelson Agholor,BAL,WR,31,14,7,0,0,0,0,0,0,0,,0,29,14,231,16.50,2,0,0,2,,,35,49.1,52.1,42.1,,106,,AghoNe00
265,Tyler Johnson,LAR,WR,26,15,2,0,0,0,0,0,0,0,,0,41,26,291,11.19,1,0,0,1,,,35,61.1,64.1,48.1,,107,,JohnTy00
266,Colby Parkinson,LAR,TE,25,17,9,0,0,0,0,0,0,0,,0,49,30,294,9.80,1,0,0,1,,,35,65.4,68.4,50.4,,41,,ParkCo02
267,JuJu Smith-Schuster,KAN,WR,28,14,8,0,0,0,0,0,0,0,,0,26,18,231,12.83,2,0,0,2,,,35,53.1,56.1,44.1,,108,,SmitJu00
268,Gabriel Davis,JAX,WR,25,10,9,0,0,0,0,0,0,0,,0,42,20,239,11.95,2,1,1,2,,,34,53.9,57.9,43.9,,109,,DaviGa01
269,Tyler Goodson,IND,RB,24,16,0,0,0,0,0,0,32,153,4.78,1,15,11,61,5.55,1,0,0,2,,,33,44.4,47.4,38.9,,72,,GoodTy00
270,Lil'Jordan Humphrey,DEN,WR,26,17,7,0,0,0,0,0,0,0,,0,45,31,293,9.45,1,2,1,1,,,33,64.3,68.3,48.8,,110,,HumpLi01
271,Christian McCaffrey,SFO,RB,28,4,4,0,0,0,0,0,50,202,4.04,0,19,15,146,9.73,0,1,1,0,,,33,47.8,54.8,40.3,,73,,McCaCh01
272,Curtis Samuel,BUF,WR,28,14,2,0,0,0,0,0,5,14,2.80,0,46,31,253,8.16,1,0,0,1,,,33,63.7,66.7,48.2,,111,,SamuCu00
273,Tommy Tremble,CAR,TE,24,12,11,0,0,0,0,0,0,0,,0,32,23,234,10.17,2,1,1,2,,,33,56.4,60.4,44.9,,42,,TremTo00
274,Josh Whyle,TEN,TE,25,17,4,0,0,0,0,0,0,0,,0,37,28,248,8.86,1,0,0,1,1,,33,60.8,63.8,46.8,,43,,WhylJo01
275,Nick Vannett,TEN,TE,31,17,10,0,0,0,0,0,0,0,,0,20,17,135,7.94,3,0,0,3,,,32,48.5,51.5,40.0,,44,,VannNi00
276,Chris Brooks,GNB,RB,24,15,0,0,0,0,0,0,36,183,5.08,1,13,11,69,6.27,0,0,0,1,,,31,42.2,45.2,36.7,,74,,BrooCh00
277,Joshua Dobbs,SFO,QB,29,2,1,32,47,361,2,2,9,24,2.67,2,0,0,0,,0,2,1,2,,,31,30.8,36.8,32.8,,48,,DobbJo00
278,John Metchie,HOU,WR,24,13,3,0,0,0,0,0,0,0,,0,37,24,254,10.58,1,1,0,1,,,31,55.4,58.4,43.4,,112,,MetcJo00
279,Adonai Mitchell,IND,WR,22,17,7,1,1,24,0,0,4,6,1.50,0,55,23,312,13.57,0,2,1,0,,,31,53.8,57.8,42.3,,114,,MitcAd00
280,Chris Rodriguez,WAS,RB,24,9,0,0,0,0,0,0,35,173,4.94,2,1,1,12,12.00,0,0,0,2,,,31,31.5,34.5,31.0,,75,,RodrCh00
281,Adam Trautman,DEN,TE,27,17,14,0,0,0,0,0,0,0,,0,22,13,188,14.46,2,0,0,2,,,31,43.8,46.8,37.3,,45,,TrauAd00
282,DJ Turner,LVR,WR,27,12,6,0,0,0,0,0,5,33,6.60,1,29,16,158,9.88,1,1,0,2,,,31,47.1,50.1,39.1,,113,,TurnDJ00
283,Jordan Whittington,LAR,WR,24,15,3,0,0,0,0,0,2,12,6.00,0,28,22,293,13.32,0,0,0,0,,,31,52.5,55.5,41.5,,115,,WhitJo04
284,Nate Adkins,DEN,TE,25,17,10,0,0,0,0,0,0,0,,0,15,14,115,8.21,3,0,0,3,,,30,43.5,46.5,36.5,,47,,AdkiNa00
285,Hassan Haskins,LAC,RB,25,17,0,0,0,0,0,0,34,89,2.62,2,3,3,49,16.33,1,1,1,3,,,30,32.8,33.8,31.3,,76,,HaskHa00
286,Luke Schoonmaker,DAL,TE,26,17,6,0,0,0,0,0,0,0,,0,36,27,241,8.93,1,0,0,1,,,30,57.1,60.1,43.6,,46,,SchoLu00
287,Cedrick Wilson Jr.,NOR,WR,29,15,4,1,1,21,1,0,0,0,,0,27,20,211,10.55,1,1,1,1,,,30,49.9,53.9,39.9,,116,,WilsCe01
288,Elijah Higgins,ARI,TE,24,17,6,0,0,0,0,0,0,0,,0,24,20,172,8.60,2,0,0,2,,,29,49.2,52.2,39.2,,48,,HiggEl00
289,Tanner McKee,PHI,QB,24,2,1,30,45,323,4,0,5,-1,-0.20,0,0,0,0,,0,0,0,0,,,29,28.8,31.8,28.8,,49,,McKeTa01
290,Malik Washington,MIA,WR,23,14,3,0,0,0,0,0,5,25,5.00,1,36,26,223,8.58,0,1,1,1,,,29,54.8,58.8,41.8,,117,,WashMa00
291,Kimani Vidal,LAC,RB,23,10,0,0,0,0,0,0,43,155,3.60,0,9,5,62,12.40,1,1,0,1,,,28,32.7,35.7,30.2,,78,,VidaKi00
292,Jamaal Williams,NOR,RB,29,14,1,0,0,0,0,0,48,164,3.42,1,11,9,57,6.33,0,0,0,1,,,28,37.1,40.1,32.6,,77,,WillJa06
293,Blake Corum,LAR,RB,24,17,1,0,0,0,0,0,58,207,3.57,0,8,7,58,8.29,0,0,0,0,,,27,33.5,36.5,30.0,,81,,CoruBl00
294,Derius Davis,LAC,WR,24,15,2,0,0,0,0,0,12,39,3.25,0,17,13,112,8.62,2,3,0,2,,,27,40.1,43.1,33.6,,118,,DaviDe02
295,D'Onta Foreman,CLE,RB,28,11,3,0,0,0,0,0,71,232,3.27,0,8,6,54,9.00,0,2,1,0,,,27,32.6,36.6,29.6,,80,,ForeDO00
296,Patrick Taylor,SFO,RB,26,13,1,0,0,0,0,0,39,183,4.69,1,11,3,25,8.33,0,0,0,1,,,27,29.8,32.8,28.3,,79,,TaylPa01
297,Johnny Mundt,MIN,TE,30,17,3,0,0,0,0,0,0,0,,0,27,19,142,7.47,2,0,0,2,,,26,45.2,48.2,35.7,,49,,MundJo00
298,Cordarrelle Patterson,PIT,RB,33,13,1,0,0,0,0,0,32,135,4.22,0,14,12,80,6.67,1,1,1,1,,,26,37.5,41.5,31.5,,82,,PattCo00
299,Darnell Washington,PIT,TE,23,17,9,0,0,0,0,0,0,0,,0,25,19,200,10.53,1,0,0,1,,,26,45.0,48.0,35.5,,50,,WashDa03
300,Michael Carter,ARI,RB,25,3,1,0,0,0,0,0,35,131,3.74,1,11,11,57,5.18,0,0,0,1,,,25,35.8,38.8,30.3,,83,,CartMi03
301,KhaDarel Hodge*,ATL,WR,29,17,2,0,0,0,0,0,0,0,,0,12,7,131,18.71,1,0,0,2,,,25,32.1,35.1,28.6,,121,,HodgKh00
302,Ryan Miller,TAM,WR,24,11,3,0,0,0,0,0,0,0,,0,20,12,128,10.67,2,0,0,2,,,25,36.8,39.8,30.8,,122,,MillRy01
303,Kenny Pickett,PHI,QB,26,5,1,25,42,291,2,1,9,15,1.67,1,0,0,0,,0,1,0,1,,,25,25.1,26.1,26.1,,50,,PickKe00
304,Josh Reynolds,2TM,WR,29,9,2,0,0,0,0,0,0,0,,0,24,13,194,14.92,1,0,0,1,,,25,38.4,41.4,31.9,,119,,ReynJo00
305,Tylan Wallace,BAL,WR,25,17,0,0,0,0,0,0,0,0,,0,12,11,193,17.55,1,1,0,1,,,25,36.3,39.3,30.8,,120,,WallTy00
306,Jalen Brooks,DAL,WR,24,14,1,0,0,0,0,0,0,0,,0,30,12,177,14.75,1,0,0,1,,,24,35.7,38.7,29.7,,123,,BrooJa03
307,Payne Durham,TAM,TE,24,16,6,0,0,0,0,0,0,0,,0,14,11,115,10.45,2,1,0,2,,,24,34.5,37.5,29.0,,51,,DurhPa00
308,D'Ernest Johnson,JAX,RB,28,14,1,0,0,0,0,0,32,143,4.47,0,19,12,96,8.00,0,0,0,0,,,24,35.9,38.9,29.9,,85,,JohnDE04
309,Kendre Miller,NOR,RB,22,6,2,0,0,0,0,0,39,148,3.79,1,8,5,33,6.60,0,0,0,1,,,24,29.1,32.1,26.6,,84,,MillKe01
310,Jaylen Wright,MIA,RB,21,15,1,0,0,0,0,0,68,249,3.66,0,6,3,8,2.67,0,1,1,0,,,24,26.7,30.7,25.2,,86,,WrigJa04
311,Jahan Dotson,PHI,WR,24,17,6,0,0,0,0,0,1,13,13.00,0,33,19,216,11.37,0,0,0,0,,,23,41.9,44.9,32.4,,125,,DotsJa00
312,Trey Palmer,TAM,WR,23,15,3,0,0,0,0,0,0,0,,0,22,12,172,14.33,1,1,0,1,,,23,35.2,38.2,29.2,,124,,PalmTr00
313,Zamir White,LVR,RB,25,8,5,0,0,0,0,0,65,183,2.82,1,8,6,30,5.00,0,2,2,1,,,23,29.3,34.3,26.3,,87,,WhitZa01
314,Ty Chandler,MIN,RB,26,17,0,0,0,0,0,0,56,182,3.25,0,6,6,42,7.00,0,0,0,0,,,22,28.4,31.4,25.4,,88,,ChanTy01
315,Malik Heath,GNB,WR,24,13,1,0,0,0,0,0,0,0,,0,13,10,97,9.70,2,0,0,2,,,22,31.7,31.7,26.7,,126,,HeatMa00
316,Khalil Herbert,2TM,RB,26,14,1,0,0,0,0,0,36,130,3.61,1,11,10,25,2.50,0,1,0,1,,,22,31.5,34.5,26.5,,89,,HerbKh00
317,Desmond Ridder,LVR,QB,25,6,1,52,85,458,2,2,9,36,4.00,0,0,0,0,,0,3,2,0,,,22,21.9,28.9,23.9,,51,,RiddDe00
318,Brock Wright,DET,TE,26,17,8,0,0,0,0,0,0,0,,0,16,13,100,7.69,2,0,0,2,,,22,35.0,38.0,28.5,,52,,WrigBr01
319,Mo Alie-Cox,IND,TE,31,17,13,0,0,0,0,0,0,0,,0,22,12,147,12.25,1,0,0,1,,,21,32.7,35.7,26.7,,53,,AlieMo00
320,Mecole Hardman,KAN,WR,26,12,0,0,0,0,0,0,5,62,12.40,1,14,12,90,7.50,0,0,0,1,,,21,33.2,33.2,27.2,,127,,HardMe00
321,Sincere McCormick,LVR,RB,24,5,2,0,0,0,0,0,39,183,4.69,0,7,6,29,4.83,0,0,0,0,,,21,27.2,30.2,24.2,,90,,McCoSi00
322,Ja'Lynn Polk,NWE,WR,22,15,7,0,0,0,0,0,1,0,0.00,0,33,12,87,7.25,2,0,0,2,,,21,32.7,32.7,26.7,,128,,PolkJa00
323,Pierre Strong,CLE,RB,26,14,0,0,0,0,0,0,26,108,4.15,0,22,14,104,7.43,0,0,0,0,,,21,35.2,41.2,28.2,,91,,StroPi00
324,Jimmy Garoppolo,LAR,QB,33,1,1,27,41,334,2,1,2,5,2.50,0,0,0,0,,0,0,0,0,,,20,19.9,23.9,20.9,,53,,GaroJi00
325,Tanner Hudson,CIN,TE,30,11,0,0,0,0,0,0,1,1,1.00,0,23,19,154,8.11,1,1,1,1,,,20,38.5,42.5,29.0,,54,,HudsTa00
326,Dante Pettis,NOR,WR,29,8,0,0,0,0,0,0,0,0,,0,28,12,120,10.00,1,0,0,1,1,,20,32.0,35.0,26.0,,129,,PettDa00
327,Tyrod Taylor,NYJ,QB,35,2,0,17,22,119,3,0,3,13,4.33,0,0,0,0,,0,1,0,0,,1,20,20.1,20.1,20.1,,52,,TaylTy00
328,Michael Burton,DEN,FB,32,17,2,0,0,0,0,0,7,8,1.14,1,10,10,65,6.50,1,0,0,2,,,19,29.3,29.3,24.3,,93,,BurtMi00
329,Jamycal Hasty,NWE,RB,28,15,0,0,0,0,0,0,20,69,3.45,0,12,10,59,5.90,1,0,0,1,,,19,28.8,28.8,23.8,,94,,HastJa02
330,Tyler Higbee,LAR,TE,31,3,3,0,0,0,0,0,0,0,,0,12,8,66,8.25,2,0,0,2,,,19,26.6,26.6,22.6,,58,,HigbTy00
331,Charlie Kolar,BAL,TE,25,13,3,0,0,0,0,0,1,2,2.00,0,11,9,131,14.56,1,0,0,1,,,19,28.3,31.3,23.8,,55,,KolaCh00
332,Kenny McIntosh,SEA,RB,24,17,0,0,0,0,0,0,31,172,5.55,0,4,3,22,7.33,0,0,0,0,,,19,22.4,25.4,20.9,,92,,McInKe00
333,Joe Milton,NWE,QB,24,1,0,22,29,241,1,0,10,16,1.60,1,0,0,0,,0,1,1,1,,,19,19.2,20.2,19.2,,54,,MiltJo00
334,Stone Smartt,LAC,TE,26,15,2,0,0,0,0,0,0,0,,0,19,16,208,13.00,0,1,1,0,,,19,34.8,38.8,26.8,,57,,SmarSt00
335,Cade Stover,HOU,TE,24,15,9,0,0,0,0,0,0,0,,0,22,15,133,8.87,1,0,0,1,,,19,34.3,37.3,26.8,,56,,StovCa00
336,DeeJay Dallas,ARI,RB,26,17,0,0,0,0,0,0,9,49,5.44,0,3,3,11,3.67,1,1,0,2,,,18,21.0,21.0,19.5,,95,,DallDe00
337,Kylen Granson,IND,TE,26,17,6,0,0,0,0,0,0,0,,0,31,14,182,13.00,0,0,0,0,,,18,32.2,35.2,25.2,,59,,GranKy00
338,Bub Means,NOR,WR,23,7,1,0,0,0,0,0,0,0,,0,15,9,118,13.11,1,0,0,1,,,18,26.8,29.8,22.3,,131,,MeanBu00
339,Craig Reynolds,DET,RB,28,17,0,0,0,0,0,0,31,139,4.48,0,5,3,40,13.33,0,1,0,0,,,18,20.9,23.9,19.4,,96,,ReynCr00
340,Robert Woods,HOU,WR,32,15,4,0,0,0,0,0,0,0,,0,30,20,203,10.15,0,3,1,0,,,18,38.3,42.3,28.3,,130,,WoodRo02
341,Jake Bobo,SEA,WR,26,17,3,0,0,0,0,0,0,0,,0,17,13,107,8.23,1,0,0,1,,,17,29.7,32.7,23.2,,135,,BoboJa00
342,Jamison Crowder,WAS,WR,31,6,1,0,0,0,0,0,0,0,,0,13,9,72,8.00,2,2,1,2,,,17,26.2,27.2,21.7,,132,,CrowJa00
343,Ashton Dulin,IND,WR,27,15,2,0,0,0,0,0,5,45,9.00,0,8,2,67,33.50,1,0,0,1,,,17,19.2,19.2,18.2,,133,,DuliAs00
344,Luke McCaffrey,WAS,WR,23,17,4,0,0,0,0,0,0,0,,0,24,18,168,9.33,0,0,0,0,,,17,34.8,37.8,25.8,,134,,McCaLu00
345,Andrew Ogletree,IND,TE,26,17,6,0,0,0,0,0,0,0,,0,14,9,109,12.11,1,0,0,1,,,17,25.9,28.9,21.4,,60,,OgleAn00
346,Drew Sample,CIN,TE,28,17,15,0,0,0,0,0,1,-4,-4.00,0,22,20,109,5.45,1,1,0,1,,,17,36.5,39.5,26.5,,61,,SampDr00
347,Carson Steele,KAN,RB,22,17,3,0,0,0,0,0,56,183,3.27,0,11,7,26,3.71,0,3,2,0,,,17,23.9,28.9,20.4,,97,,SteeCa00
348,Erick All,CIN,TE,24,9,6,0,0,0,0,0,0,0,,0,22,20,158,7.90,0,0,0,0,,,16,35.8,38.8,25.8,,62,,AllxEr00
349,Kevin Austin,NOR,WR,24,8,2,0,0,0,0,0,1,9,9.00,0,22,11,151,13.73,0,1,0,0,,,16,27.0,30.0,21.5,,136,,AustKe00
350,Michael Mayer,LVR,TE,23,11,8,0,0,0,0,0,0,0,,0,32,21,156,7.43,0,0,0,0,,,16,36.6,39.6,26.1,,64,,MayeMi00
351,Eric Saubert,SFO,TE,30,17,3,0,0,0,0,0,0,0,,0,14,11,97,8.82,1,1,0,1,,,16,26.7,26.7,21.2,,63,,SaubEr00
352,Dorian Thompson-Robinson,CLE,QB,25,7,2,61,118,440,0,6,21,122,5.81,0,0,0,0,,0,3,1,0,,,16,15.8,28.8,21.8,,55,,ThomDo02
353,Alec Ingold,MIA,FB,28,15,10,0,0,0,0,0,10,17,1.70,1,12,11,96,8.73,0,2,1,1,,,15,26.3,27.3,20.8,,98,,IngoAl01
354,Lucas Krull,DEN,TE,26,13,2,0,0,0,0,0,0,0,,0,23,19,152,8.00,0,0,0,0,,,15,34.2,37.2,24.7,,65,,KrulLu00
355,Hunter Luepke,DAL,RB,24,16,4,0,0,0,0,0,12,38,3.17,0,16,12,111,9.25,0,0,0,0,,,15,26.9,29.9,20.9,,99,,LuepHu00
356,Bo Melton,GNB,WR,25,17,0,0,0,0,0,0,8,54,6.75,0,17,8,91,11.38,0,0,0,0,,,15,22.5,22.5,18.5,,138,,MeltBo00
357,Jonathan Mingo,2TM,WR,23,17,6,0,0,0,0,0,2,5,2.50,0,42,17,167,9.82,0,1,1,0,,,15,32.2,36.2,23.7,,137,,MingJo00
358,Mitchell Trubisky,BUF,QB,30,9,0,19,26,179,2,0,17,1,0.06,0,0,0,0,,0,1,0,0,,,15,15.3,15.3,15.3,,56,,TrubMi00
359,Tim Boyle,2TM,QB,30,3,0,27,50,276,1,1,3,9,3.00,0,0,0,0,,0,0,0,0,,,14,13.9,14.9,14.9,,57,,BoylTi00
360,Jordan Mims,NOR,RB,25,11,0,0,0,0,0,0,20,70,3.50,0,18,12,71,5.92,0,0,0,0,,,14,26.1,26.1,20.1,,101,,MimsJo00
361,Patrick Ricard*+,BAL,FB,30,17,6,0,0,0,0,0,0,0,,0,5,3,22,7.33,1,0,0,2,,,14,17.2,17.2,15.7,,100,,RicaPa00
362,Trent Sherfield,MIN,WR,28,17,1,0,0,0,0,0,0,0,,0,9,8,83,10.38,1,0,0,1,,,14,22.3,22.3,18.3,,139,,SherTr00
363,Daniel Bellinger,NYG,TE,24,17,8,0,0,0,0,0,0,0,,0,17,14,125,8.93,0,0,0,0,,,13,26.5,29.5,19.5,,66,,BellDa00
364,Tommy DeVito,NYG,QB,26,3,2,31,44,257,0,0,8,32,4.00,0,0,0,0,,0,0,0,0,,,13,13.5,13.5,13.5,,58,,DeViTo00
365,Jake Haener,NOR,QB,25,8,1,18,39,226,1,1,11,22,2.00,0,0,0,0,,0,0,0,0,,,13,13.2,14.2,14.2,,59,,HaenJa00
366,Trey Lance,DAL,QB,24,4,1,25,41,266,0,1,11,41,3.73,0,0,0,0,,0,0,0,0,,,13,12.7,13.7,13.7,,60,,LancTr00
367,Ronnie Rivers,LAR,RB,25,17,0,0,0,0,0,0,22,99,4.50,0,6,5,34,6.80,0,0,0,0,,,13,18.3,18.3,15.8,,102,,RiveRo01
368,Tyrell Shavers,BUF,WR,25,3,0,0,0,0,0,0,0,0,,0,1,1,69,69.00,1,0,0,1,,,13,13.9,13.9,13.4,,140,,ShavTy00
369,Xavier Hutchinson,HOU,WR,24,16,3,0,0,0,0,0,0,0,,0,26,12,117,9.75,0,0,0,0,,,12,23.7,26.7,17.7,,142,,HutcXa00
370,Rakim Jarrett,TAM,WR,23,10,2,0,0,0,0,0,0,0,,0,11,9,124,13.78,0,0,0,0,,,12,21.4,24.4,16.9,,141,,JarrRa00
371,Tony Jones,ARI,RB,27,1,0,0,0,0,0,0,4,55,13.75,1,0,0,0,,0,0,0,1,,,12,11.5,11.5,11.5,,104,,JoneTo04
372,K.J. Osborn,2TM,WR,27,8,4,0,0,0,0,0,0,0,,0,18,7,57,8.14,1,0,0,1,,,12,18.7,18.7,15.2,,143,,OsboKJ00
373,Will Shipley,PHI,RB,22,16,1,0,0,0,0,0,30,82,2.73,0,4,4,35,8.75,0,0,0,0,,,12,15.7,15.7,13.7,,103,,ShipWi00
374,Jermaine Burton,CIN,WR,23,14,1,0,0,0,0,0,0,0,,0,14,4,107,26.75,0,0,0,0,,,11,14.7,17.7,12.7,,145,,BurtJe01
375,Julius Chestnut,TEN,RB,24,17,0,0,0,0,0,0,22,102,4.64,0,3,2,11,5.50,0,0,0,0,,,11,13.3,16.3,12.3,,105,,ChesJu00
376,Simi Fehoko,LAC,WR,27,8,2,0,0,0,0,0,0,0,,0,16,6,106,17.67,0,0,0,0,,,11,16.6,19.6,13.6,,147,,FehoSi00
377,Tay Martin,TEN,WR,27,1,0,0,0,0,0,0,0,0,,0,2,1,49,49.00,1,0,0,1,,,11,11.9,11.9,11.4,,144,,MartTa00
378,Jeremy Ruckert,NYJ,TE,24,17,9,0,0,0,0,0,0,0,,0,28,18,105,5.83,0,0,0,0,,,11,28.5,31.5,19.5,,69,,RuckJe00
379,Ainias Smith,PHI,WR,23,7,1,0,0,0,0,0,2,6,3.00,0,9,7,41,5.86,1,0,0,1,,,11,17.7,17.7,14.2,,146,,SmitAi00
380,Blake Whiteheart,CLE,TE,24,11,2,0,0,0,0,0,0,0,,0,9,6,51,8.50,1,0,0,1,,,11,17.1,17.1,14.1,,67,,WhitBl01
381,Kenny Yeboah,NYJ,TE,26,9,1,0,0,0,0,0,0,0,,0,8,5,47,9.40,1,0,0,1,,,11,15.7,15.7,13.2,,68,,YeboKe00
382,Connor Heyward,PIT,TE,25,17,5,0,0,0,0,0,0,0,,0,8,6,40,6.67,1,0,0,1,,,10,16.0,16.0,13.0,,70,,HeywCo00
383,Julian Hill,MIA,TE,24,16,11,0,0,0,0,0,0,0,,0,19,12,100,8.33,0,1,0,0,,,10,22.0,25.0,16.0,,71,,HillJu02
384,Davis Mills,HOU,QB,26,4,0,20,36,212,0,0,3,11,3.67,0,0,0,0,,0,0,0,0,,,10,9.6,9.6,9.6,,61,,MillDa02
385,Quintin Morris,BUF,TE,25,16,3,0,0,0,0,0,0,0,,0,8,5,36,7.20,1,0,0,1,,,10,14.6,14.6,12.1,,73,,MorrQu00
386,Bryce Oliver,TEN,WR,24,10,1,0,0,0,0,0,0,0,,0,9,6,95,15.83,0,0,0,0,,,10,15.5,15.5,12.5,,150,,OlivBr02
387,MyCole Pruitt,PIT,TE,32,12,5,0,0,0,0,0,0,0,,0,10,6,40,6.67,1,0,0,1,,,10,16.0,16.0,13.0,,72,,PruiMy00
388,Mason Tipton,NOR,WR,24,11,1,0,0,0,0,0,0,0,,0,26,14,99,7.07,0,0,0,0,,,10,23.9,23.9,16.9,,148,,TiptMa00
389,Johnny Wilson,PHI,WR,23,16,4,0,0,0,0,0,0,0,,0,15,5,38,7.60,1,0,0,1,,,10,14.8,14.8,12.3,,149,,WilsJo03
390,Marquise Brown,KAN,WR,27,2,1,0,0,0,0,0,0,0,,0,15,9,91,10.11,0,0,0,0,,,9,18.1,18.1,13.6,,151,,BrowMa04
391,Harrison Bryant,LVR,TE,26,13,3,0,0,0,0,0,0,0,,0,12,9,86,9.56,0,0,0,0,,,9,17.6,17.6,13.1,,78,,BryaHa00
392,Parris Campbell,PHI,WR,27,5,0,0,0,0,0,0,0,0,,0,8,6,30,5.00,1,0,0,1,,,9,15.0,15.0,12.0,,153,,CampPa00
393,DJ Chark,LAC,WR,28,7,0,0,0,0,0,0,0,0,,0,10,4,31,7.75,1,0,0,1,,,9,13.1,13.1,11.1,,152,,CharDJ00
394,Devin Culp,TAM,TE,24,5,0,0,0,0,0,0,0,0,,0,6,5,88,17.60,0,0,0,0,,,9,13.8,13.8,11.3,,75,,CulpDe00
395,C.J. Ham,MIN,FB,31,17,3,0,0,0,0,0,2,10,5.00,1,6,5,35,7.00,0,1,1,1,,,9,13.5,14.5,11.0,,107,,HamxC.00
396,Chris Manhertz,NYG,TE,32,17,11,0,0,0,0,0,0,0,,0,4,3,30,10.00,1,0,0,1,,,9,12.0,12.0,10.5,,74,,ManhCh00
397,Ben Sinnott,WAS,TE,22,17,2,0,0,0,0,0,0,0,,0,5,5,28,5.60,1,0,0,1,,,9,13.8,13.8,11.3,,76,,SinnBe00
398,Brevyn Spann-Ford,DAL,TE,25,17,0,0,0,0,0,0,0,0,,0,14,9,88,9.78,0,0,0,0,,,9,17.8,17.8,13.3,,77,,SpanBr00
399,Deuce Vaughn,DAL,RB,23,7,0,0,0,0,0,0,17,70,4.12,0,5,3,18,6.00,0,0,0,0,,,9,11.8,11.8,10.3,,106,,VaugDe00
400,Raheem Blackshear,CAR,RB,25,16,1,0,0,0,0,0,15,80,5.33,0,0,0,0,,0,2,0,0,,,8,8.0,8.0,8.0,,108,,BlacRa00
401,Chris Conley,SFO,WR,32,15,2,0,0,0,0,0,0,0,,0,12,6,76,12.67,0,0,0,0,,,8,13.6,13.6,10.6,,161,,ConlCh00
402,Devin Duvernay,JAX,WR,27,13,1,0,0,0,0,0,4,3,0.75,0,16,11,79,7.18,0,1,0,0,,,8,19.2,19.2,13.7,,156,,DuveDe00
403,Ryan Flournoy,DAL,WR,25,11,1,0,0,0,0,0,0,0,,0,14,10,102,10.20,0,1,1,0,,,8,18.2,22.2,13.2,,157,,FlouRy00
404,Xavier Gipson,NYJ,WR,23,17,0,0,0,0,0,0,1,5,5.00,0,10,6,39,6.50,1,4,1,1,,,8,14.4,15.4,11.4,,154,,GipsXa00
405,Zay Jones,ARI,WR,29,11,2,0,0,0,0,0,0,0,,0,11,8,84,10.50,0,0,0,0,,,8,16.4,16.4,12.4,,155,,JoneZa00
406,Jalen Reagor,LAC,WR,25,8,2,0,0,0,0,0,3,-3,-1.00,0,12,7,100,14.29,0,1,1,0,,,8,14.7,18.7,11.2,,160,,ReagJa00
407,Skylar Thompson,MIA,QB,27,3,1,21,33,187,0,0,1,4,4.00,0,0,0,0,,0,2,0,0,,,8,7.9,7.9,7.9,,62,,ThomSk00
408,Devontez Walker,BAL,WR,23,9,0,0,0,0,0,0,0,0,,0,3,1,21,21.00,1,0,0,1,,,8,9.1,9.1,8.6,,158,,WalkDe01
409,Kristian Wilkerson,LVR,WR,27,3,0,0,0,0,0,0,0,0,,0,3,2,18,9.00,1,0,0,1,,,8,9.8,9.8,8.8,,159,,WilkKr00
410,Jeff Wilson,MIA,RB,29,9,0,0,0,0,0,0,16,57,3.56,0,3,3,19,6.33,0,0,0,0,,,8,10.6,10.6,9.1,,109,,WilsJe01
411,Jacob Cowing,SFO,WR,23,15,0,0,0,0,0,0,1,7,7.00,0,6,4,80,20.00,0,2,1,0,,,7,10.7,11.7,8.7,,165,,CowiJa00
412,River Cracraft,MIA,WR,30,8,0,0,0,0,0,0,0,0,,0,9,7,66,9.43,0,0,0,0,,,7,13.6,13.6,10.1,,166,,CracRi00
413,Clyde Edwards-Helaire,NOR,RB,25,2,0,0,0,0,0,0,13,46,3.54,0,5,3,24,8.00,0,0,0,0,,,7,10.0,10.0,8.5,,111,,EdwaCl00
414,Luke Farrell,JAX,TE,27,17,8,0,0,0,0,0,0,0,,0,17,12,67,5.58,0,0,0,0,,,7,18.7,18.7,12.7,,80,,FarrLu00
415,Eric Gray,NYG,RB,25,17,0,0,0,0,0,0,14,31,2.21,0,11,10,82,8.20,0,3,2,0,,,7,17.3,19.3,12.3,,110,,GrayEr01
416,Hayden Hurst,LAC,TE,31,9,2,0,0,0,0,0,0,0,,0,13,8,73,9.13,0,0,0,0,,,7,15.3,15.3,11.3,,79,,HursHa00
417,E.J. Jenkins,PHI,TE,26,8,0,0,0,0,0,0,0,0,,0,2,1,7,7.00,1,0,0,1,,,7,7.7,7.7,7.2,,81,,JenkEJ00
418,Scott Miller,PIT,WR,27,13,1,0,0,0,0,0,0,0,,0,9,5,69,13.80,0,0,0,0,,,7,11.9,11.9,9.4,,163,,MillSc01
419,Brandon Powell,MIN,WR,29,17,1,0,0,0,0,0,0,0,,0,10,7,71,10.14,0,1,0,0,,,7,14.1,14.1,10.6,,162,,PoweBr00
420,Ben Skowronek,PIT,WR,27,10,1,0,0,0,0,0,0,0,,0,5,5,69,13.80,0,0,0,0,,,7,11.9,11.9,9.4,,164,,SkowBe00
421,Michael Woods II,CLE,WR,24,5,2,0,0,0,0,0,0,0,,0,17,7,65,9.29,0,0,0,0,,,7,13.5,13.5,10.0,,167,,WoodMi00
422,Bailey Zappe,CLE,QB,25,1,1,16,31,170,1,2,2,2,1.00,0,0,0,0,,0,0,0,0,,,7,7.0,9.0,9.0,,63,,ZappBa00
423,Brandon Allen,SFO,QB,32,3,1,17,30,199,1,2,3,4,1.33,0,0,0,0,,0,2,1,0,,,6,6.4,9.4,8.4,,64,,AlleBr00
424,Tyler Badie,DEN,RB,24,3,0,0,0,0,0,0,11,86,7.82,0,3,3,-2,-0.67,0,1,1,0,,,6,9.4,10.4,7.9,,112,,BadiTy00
425,John Bates,WAS,TE,27,17,6,0,0,0,0,0,0,0,,0,13,8,84,10.50,0,1,1,0,,,6,14.4,15.4,10.4,,82,,BateJo00
426,Odell Beckham Jr.,MIA,WR,32,9,0,0,0,0,0,0,0,0,,0,18,9,55,6.11,0,0,0,0,,,6,14.5,14.5,10.0,,171,,BeckOd00
427,Jalin Hyatt,NYG,WR,23,16,3,0,0,0,0,0,0,0,,0,19,8,62,7.75,0,0,0,0,,,6,14.2,14.2,10.2,,168,,HyatJa00
428,Hunter Long,LAR,TE,26,17,2,0,0,0,0,0,0,0,,0,9,7,60,8.57,0,0,0,0,,,6,13.0,13.0,9.5,,83,,LongHu00
429,Keaton Mitchell,BAL,RB,22,5,0,0,0,0,0,0,15,30,2.00,0,1,1,28,28.00,0,0,0,0,,,6,6.8,6.8,6.3,,114,,MitcKe01
430,Kene Nwangwu,NYJ,RB,26,2,0,0,0,0,0,0,0,0,,0,0,0,0,,0,0,0,1,,,6,6.0,6.0,6.0,,113,,NwanKe00
431,Laviska Shenault Jr.,2TM,WR,26,12,2,0,0,0,0,0,1,1,1.00,0,5,5,36,7.20,0,2,2,1,,,6,10.7,12.7,8.2,,170,,ShenLa00
432,Ihmir Smith-Marsette,NYG,WR,25,15,0,0,0,0,0,0,0,0,,0,0,0,0,,0,1,0,1,,,6,6.0,6.0,6.0,,169,,SmitIh00
433,Mike Boone,CAR,RB,29,6,0,0,0,0,0,0,13,51,3.92,0,3,1,-2,-2.00,0,0,0,0,,,5,5.9,5.9,5.4,,116,,BoonMi00
434,Jonathon Brooks,CAR,RB,21,3,1,0,0,0,0,0,9,22,2.44,0,3,3,23,7.67,0,0,0,0,,,5,7.5,7.5,6.0,,117,,BrooJo02
435,Pharaoh Brown,SEA,TE,30,15,7,0,0,0,0,0,0,0,,0,12,8,65,8.13,0,1,1,0,,,5,12.5,13.5,8.5,,87,,BrowPh01
436,DeAndre Carter,CHI,WR,31,13,0,0,0,0,0,0,0,0,,0,14,9,72,8.00,0,1,1,0,,,5,14.2,15.2,9.7,,172,,CartDe02
437,Peyton Hendershot,KAN,TE,25,7,1,0,0,0,0,0,0,0,,0,5,5,51,10.20,0,0,0,0,,,5,10.1,10.1,7.6,,85,,HendPe01
438,Charlie Jones,CIN,WR,26,8,0,0,0,0,0,0,0,0,,0,1,1,5,5.00,0,2,1,1,,,5,5.5,6.5,5.0,,175,,JoneCh11
439,Luke Musgrave,GNB,TE,24,7,3,0,0,0,0,0,0,0,,0,10,7,45,6.43,0,0,0,0,,,5,11.5,11.5,8.0,,88,,MusgLu00
440,Nikko Remigio,KAN,WR,25,5,1,0,0,0,0,0,0,0,,0,6,2,48,24.00,0,1,0,0,,,5,6.8,6.8,5.8,,173,,RemiNi00
441,Durham Smythe,MIA,TE,29,17,4,0,0,0,0,0,0,0,,0,17,9,53,5.89,0,0,0,0,,,5,14.3,14.3,9.8,,84,,SmytDu00
442,Tyquan Thornton,NWE,WR,24,6,1,0,0,0,0,0,0,0,,0,8,4,47,11.75,0,0,0,0,,,5,8.7,8.7,6.7,,174,,ThorTy00
443,Sione Vaki,DET,RB,23,16,0,0,0,0,0,0,6,14,2.33,0,3,3,37,12.33,0,0,0,0,,,5,8.1,8.1,6.6,,115,,VakiSi00
444,Carson Wentz,KAN,QB,32,3,1,12,19,118,0,0,3,0,0.00,0,0,0,0,,0,0,0,0,,,5,4.7,4.7,4.7,,65,,WentCa00
445,Charlie Woerner,ATL,TE,27,16,5,0,0,0,0,0,0,0,,0,12,7,46,6.57,0,0,0,0,,,5,11.6,11.6,8.1,,86,,WoerCh00
446,Davis Allen,LAR,TE,23,15,5,0,0,0,0,0,0,0,,0,13,6,39,6.50,0,0,0,0,,,4,9.9,9.9,6.9,,90,,AlleDa02
447,Treylon Burks,TEN,WR,24,5,2,0,0,0,0,0,2,1,0.50,0,8,4,34,8.50,0,0,0,0,,,4,7.5,7.5,5.5,,182,,BurkTr00
448,Dan Chisena,CAR,WR,27,6,0,0,0,0,0,0,0,0,,0,4,3,37,12.33,0,0,0,0,,,4,6.7,6.7,5.2,,181,,ChisDa00
449,D'Wayne Eskridge,MIA,WR,27,6,0,0,0,0,0,0,0,0,,0,3,3,44,14.67,0,0,0,0,,,4,7.4,7.4,5.9,,176,,EskrDW00
450,Gerald Everett,CHI,TE,30,17,4,0,0,0,0,0,0,0,,0,13,8,36,4.50,0,0,0,0,,,4,11.6,11.6,7.6,,93,,EverGe00
451,Tucker Fisk,LAC,TE,25,9,5,0,0,0,0,0,0,0,,0,8,7,39,5.57,0,0,0,0,,,4,10.9,10.9,7.4,,91,,FiskTu00
452,Tim Jones,JAX,WR,26,17,0,0,0,0,0,0,0,0,,0,5,3,41,13.67,0,0,0,0,,,4,7.1,7.1,5.6,,179,,JoneTi00
453,Jacob Kibodi,CLE,RB,26,1,0,0,0,0,0,0,5,24,4.80,0,3,1,15,15.00,0,0,0,0,,,4,4.9,4.9,4.4,,119,,KiboJa00
454,Terrace Marshall Jr.,LVR,WR,24,7,1,0,0,0,0,0,0,0,,0,6,3,41,13.67,0,0,0,0,,,4,7.1,7.1,5.6,,180,,MarsTe00
455,Tip Reiman,ARI,TE,23,17,9,0,0,0,0,0,0,0,,0,7,6,37,6.17,0,0,0,0,,,4,9.7,9.7,6.7,,92,,ReimTi00
456,Ben Sims,GNB,TE,24,17,5,0,0,0,0,0,0,0,,0,5,4,42,10.50,0,0,0,0,,,4,8.2,8.2,6.2,,89,,SimsBe00
457,Xavier Smith,LAR,WR,27,15,0,0,0,0,0,0,4,36,9.00,0,2,2,6,3.00,0,0,0,0,,,4,6.2,6.2,5.2,,178,,SmitXa00
458,J.J. Taylor,HOU,RB,26,5,0,0,0,0,0,0,10,44,4.40,0,3,2,0,0.00,0,0,0,0,,,4,6.4,6.4,5.4,,118,,TaylJJ01
459,Cody White,SEA,WR,26,4,0,0,0,0,0,0,0,0,,0,3,2,44,22.00,0,0,0,0,,,4,6.4,6.4,5.4,,177,,WhitCo05
460,Rasheen Ali,BAL,RB,23,6,0,0,0,0,0,0,10,31,3.10,0,2,0,0,,0,0,0,0,,,3,3.1,3.1,3.1,,124,,AlixRa00
461,Alex Bachman,LVR,WR,28,6,1,0,0,0,0,0,0,0,,0,3,3,31,10.33,0,0,0,0,,,3,6.1,6.1,4.6,,184,,BachAl00
462,David Bell,CLE,WR,24,1,0,0,0,0,0,0,0,0,,0,3,3,27,9.00,0,0,0,0,,,3,5.7,5.7,4.2,,186,,BellDa02
463,Dalvin Cook,DAL,RB,29,2,0,0,0,0,0,0,8,20,2.50,0,1,1,10,10.00,0,0,0,0,,,3,4.0,4.0,3.5,,125,,CookDa01
464,Britain Covey,PHI,WR,27,5,1,0,0,0,0,0,0,0,,0,8,7,34,4.86,0,0,0,0,,,3,10.4,10.4,6.9,,183,,CoveBr00
465,Greg Dulcich,2TM,TE,24,9,3,0,0,0,0,0,0,0,,0,12,5,28,5.60,0,0,0,0,,,3,7.8,7.8,5.3,,95,,DulcGr00
466,Cam Grandy,CIN,TE,24,8,6,0,0,0,0,0,0,0,,0,5,5,28,5.60,0,0,0,0,,,3,7.8,7.8,5.3,,96,,GranCa00
467,Taylor Heinicke,LAC,QB,31,4,0,3,5,28,0,0,2,20,10.00,0,0,0,0,,0,0,0,0,,,3,3.1,3.1,3.1,,66,,HeinTa00
468,Travis Homer,CHI,RB,26,10,0,0,0,0,0,0,6,23,3.83,0,3,3,11,3.67,0,0,0,0,,,3,6.4,6.4,4.9,,120,,HomeTr00
469,Hendon Hooker,DET,QB,26,3,0,6,9,62,0,0,5,2,0.40,0,0,0,0,,0,0,0,0,,,3,2.7,2.7,2.7,,67,,HookHe00
470,Jermar Jefferson,DET,RB,24,2,0,0,0,0,0,0,6,22,3.67,0,1,1,10,10.00,0,0,0,0,,,3,4.2,4.2,3.7,,122,,JeffJe00
471,Terrell Jennings,NWE,RB,23,3,0,0,0,0,0,0,13,33,2.54,0,1,0,0,,0,0,0,0,,,3,3.3,3.3,3.3,,121,,JennTe00
472,Will Mallory,IND,TE,25,10,0,0,0,0,0,0,0,0,,0,8,4,29,7.25,0,0,0,0,,,3,6.9,6.9,4.9,,94,,MallWi00
473,Jase McClellan,ATL,RB,22,2,0,0,0,0,0,0,13,32,2.46,0,0,0,0,,0,0,0,0,,,3,3.2,3.2,3.2,,123,,McClJa05
474,Allen Robinson,DET,WR,31,12,0,0,0,0,0,0,0,0,,0,7,3,30,10.00,0,0,0,0,,,3,6.0,6.0,4.5,,185,,RobiAl02
475,Deven Thompkins,CAR,WR,25,7,0,0,0,0,0,0,2,7,3.50,0,4,4,20,5.00,0,0,0,0,,,3,6.7,6.7,4.7,,187,,ThomDe07
476,Jaheim Bell,NWE,TE,23,15,0,0,0,0,0,0,0,0,,0,3,2,20,10.00,0,0,0,0,,,2,4.0,4.0,3.0,,99,,BellJa00
477,Ronnie Bell,SFO,WR,24,9,0,0,0,0,0,0,0,0,,0,6,2,22,11.00,0,0,0,0,,,2,4.2,4.2,3.2,,189,,BellRo01
478,Chris Blair,ATL,WR,27,4,0,0,0,0,0,0,0,0,,0,2,1,17,17.00,0,0,0,0,,,2,2.7,2.7,2.2,,193,,BlaiCh00
479,Tanner Conner,MIA,TE,26,8,1,0,0,0,0,0,0,0,,0,4,3,16,5.33,0,0,0,0,,,2,4.6,4.6,3.1,,100,,ConnTa00
480,Malachi Corley,NYJ,WR,22,9,1,0,0,0,0,0,2,26,13.00,0,6,3,16,5.33,0,1,1,0,,,2,5.2,6.2,3.7,,190,,CorlMa00
481,Anthony Gould,IND,WR,23,8,0,0,0,0,0,0,0,0,,0,1,1,23,23.00,0,0,0,0,,,2,3.3,3.3,2.8,,188,,GoulAn00
482,Dallin Holker,NOR,TE,24,12,2,0,0,0,0,0,0,0,,0,4,3,21,7.00,0,0,0,0,,,2,5.1,5.1,3.6,,98,,HolkDa00
483,Trenton Irwin,CIN,WR,29,7,2,0,0,0,0,0,0,0,,0,10,3,15,5.00,0,0,0,0,,,2,4.5,4.5,3.0,,196,,IrwiTr00
484,Mason Kinsey,TEN,WR,26,6,0,0,0,0,0,0,0,0,,0,2,2,17,8.50,0,0,0,0,,,2,3.7,3.7,2.7,,194,,KinsMa00
485,MarShawn Lloyd,GNB,RB,23,1,0,0,0,0,0,0,6,15,2.50,0,1,1,3,3.00,0,0,0,0,,,2,2.8,2.8,2.3,,128,,LloyMa00
486,Anthony Miller,BAL,WR,30,2,0,0,0,0,0,0,0,0,,0,1,1,16,16.00,0,0,0,0,,,2,2.6,2.6,2.1,,195,,MillAn02
487,Aaron Shampklin,PIT,RB,25,3,0,0,0,0,0,0,6,17,2.83,0,0,0,0,,0,0,0,0,,,2,1.7,1.7,1.7,,129,,ShamAa00
488,Jamari Thrash,CLE,WR,24,9,0,0,0,0,0,0,0,0,,0,7,3,22,7.33,0,0,0,0,,,2,5.2,5.2,3.7,,191,,ThraJa01
489,Austin Trammell,JAX,WR,26,1,0,0,0,0,0,0,0,0,,0,3,2,40,20.00,0,1,1,0,,,2,4.0,5.0,3.0,,192,,TramAu00
490,Jonathan Ward,PIT,RB,27,4,0,0,0,0,0,0,5,22,4.40,0,0,0,0,,0,0,0,0,,,2,2.2,2.2,2.2,,127,,WardJo00
491,Blake Watson,DEN,RB,25,2,0,0,0,0,0,0,4,10,2.50,0,2,1,13,13.00,0,0,0,0,,,2,3.3,3.3,2.8,,126,,WatsBl00
492,Shane Zylstra,DET,TE,28,12,1,0,0,0,0,0,0,0,,0,1,1,22,22.00,0,0,0,0,,,2,3.2,3.2,2.7,,97,,ZylsSh00
493,Kyle Allen,PIT,QB,28,1,0,1,1,19,0,0,0,0,,0,0,0,0,,0,0,0,0,,,1,0.8,0.8,0.8,,71,,AlleKy00
494,Robbie Chosen,MIA,WR,31,2,0,0,0,0,0,0,0,0,,0,4,1,5,5.00,0,0,0,0,,,1,1.5,1.5,1.0,,211,,AndeRo04
495,Javon Baker,NWE,WR,22,11,1,0,0,0,0,0,0,0,,0,4,1,12,12.00,0,0,0,0,,,1,2.2,2.2,1.7,,198,,BakeJa00
496,Chris Collier,2TM,RB,24,8,0,0,0,0,0,0,5,12,2.40,0,2,1,-4,-4.00,0,0,0,0,,,1,1.8,1.8,1.3,,133,,CollCh01
497,Jaelon Darden,2TM,WR,25,12,1,0,0,0,0,0,0,0,,0,1,1,6,6.00,0,0,0,0,,,1,1.6,1.6,1.1,,207,,DardJa00
498,Tyrion Davis-Price,PHI,RB,24,1,0,0,0,0,0,0,3,7,2.33,0,0,0,0,,0,0,0,0,,,1,0.7,0.7,0.7,,134,,DaviTy03
499,Zach Davidson,BUF,TE,26,2,0,0,0,0,0,0,0,0,,0,2,1,5,5.00,0,0,0,0,,,1,1.5,1.5,1.0,,111,,DaviZa00
500,Josiah Deguara,JAX,TE,27,15,0,0,0,0,0,0,0,0,,0,3,3,14,4.67,0,0,0,0,,,1,4.4,4.4,2.9,,101,,DeguJo00
501,Grant Dubose,MIA,WR,23,3,0,0,0,0,0,0,0,0,,0,4,2,11,5.50,0,0,0,0,,,1,3.1,3.1,2.1,,200,,DuboGr00
502,Ross Dwelley,ATL,TE,29,17,0,0,0,0,0,0,0,0,,0,1,1,5,5.00,0,0,0,0,,,1,1.5,1.5,1.0,,112,,DwelRo00
503,Jody Fortson,KAN,TE,29,3,0,0,0,0,0,0,0,0,,0,3,1,5,5.00,0,0,0,0,,,1,1.5,1.5,1.0,,113,,FortJo01
504,Feleipe Franks,CAR,TE,27,16,0,0,0,0,0,0,0,0,,0,3,1,12,12.00,0,0,0,0,,,1,2.2,2.2,1.7,,102,,FranFe00
505,Myles Gaskin,MIN,RB,27,5,0,0,0,0,0,0,3,-1,-0.33,0,1,1,11,11.00,0,0,0,0,,,1,2.0,2.0,1.5,,130,,GaskMy00
506,Reggie Gilliam,BUF,FB,27,15,0,0,0,0,0,0,3,7,2.33,0,0,0,0,,0,0,0,0,,,1,0.7,0.7,0.7,,135,,GillRe00
507,Isaiah Hodgins,NYG,WR,26,3,0,0,0,0,0,0,0,0,,0,2,2,12,6.00,0,0,0,0,,,1,3.2,3.2,2.2,,199,,HodgIs00
508,George Holani,SEA,RB,25,5,0,0,0,0,0,0,3,10,3.33,0,1,1,-1,-1.00,0,0,0,0,,,1,1.9,1.9,1.4,,131,,HolaGe00
509,Brandon Johnson,PIT,WR,26,3,0,0,0,0,0,0,0,0,,0,1,1,9,9.00,0,0,0,0,,,1,1.9,1.9,1.4,,204,,JohnBr23
510,Collin Johnson,CHI,WR,27,9,0,0,0,0,0,0,0,0,,0,2,1,6,6.00,0,0,0,0,,,1,1.6,1.6,1.1,,208,,JohnCo01
511,Josh Johnson,BAL,QB,38,6,0,2,3,17,0,0,4,1,0.25,0,0,0,0,,0,0,0,0,,,1,0.8,0.8,0.8,,70,,JohnJo05
512,Kameron Johnson,TAM,WR,22,5,0,0,0,0,0,0,2,11,5.50,0,1,0,0,,0,0,0,0,,,1,1.1,1.1,1.1,,201,,JohnKa01
513,Brevin Jordan,HOU,TE,24,2,1,0,0,0,0,0,0,0,,0,3,2,7,3.50,0,0,0,0,,,1,2.7,2.7,1.7,,105,,JordBr00
514,Ramel Keyton,LVR,WR,24,8,0,0,0,0,0,0,0,0,,0,3,1,7,7.00,0,0,0,0,,,1,1.7,1.7,1.2,,206,,KeytRa00
515,David Martin-Robinson,TEN,TE,25,5,2,0,0,0,0,0,0,0,,0,2,1,6,6.00,0,0,0,0,,,1,1.6,1.6,1.1,,110,,MartDa01
516,Tyreik McAllister,LVR,WR,26,3,0,0,0,0,0,0,2,11,5.50,0,0,0,0,,0,0,0,0,,,1,1.1,1.1,1.1,,202,,McAlTy00
517,Nick Mullens,MIN,QB,29,4,0,2,2,38,0,0,3,-2,-0.67,0,0,0,0,,0,0,0,0,,,1,1.3,1.3,1.3,,68,,MullNi00
518,Chris Oladokun,KAN,QB,27,1,0,0,0,0,0,0,1,5,5.00,0,0,0,0,,0,1,0,0,,,1,0.5,0.5,0.5,,72,,OladCh00
519,Kendric Pryor,CIN,WR,26,1,0,0,0,0,0,0,0,0,,0,1,1,9,9.00,0,0,0,0,,,1,1.9,1.9,1.4,,205,,PryoKe00
520,John Ross,PHI,WR,29,1,0,0,0,0,0,0,0,0,,0,2,1,6,6.00,0,0,0,0,,,1,1.6,1.6,1.1,,209,,RossJo00
521,Cody Schrader,LAR,RB,25,1,0,0,0,0,0,0,1,3,3.00,0,1,1,6,6.00,0,0,0,0,,,1,1.9,1.9,1.4,,132,,SchrCo00
522,Tyler Scott,CHI,WR,23,11,0,0,0,0,0,0,0,0,,0,1,1,5,5.00,0,0,0,0,,,1,1.5,1.5,1.0,,212,,ScotTy00
523,John Samuel Shenker,LVR,TE,26,8,0,0,0,0,0,0,0,0,,0,1,1,7,7.00,0,0,0,0,,,1,1.7,1.7,1.2,,106,,ShenJo00
524,Jarrett Stidham,DEN,QB,28,3,0,0,0,0,0,0,4,5,1.25,0,0,0,0,,0,0,0,0,,,1,0.5,0.5,0.5,,73,,StidJa00
525,Jack Stoll,2TM,TE,26,11,2,0,0,0,0,0,0,0,,0,3,2,10,5.00,0,0,0,0,,,1,3.0,3.0,2.0,,103,,StolJa00
526,Geoff Swaim,CLE,TE,31,8,2,0,0,0,0,0,0,0,,0,1,1,7,7.00,0,0,0,0,,,1,1.7,1.7,1.2,,107,,SwaiGe00
527,Trent Taylor,SFO,WR,30,2,0,0,0,0,0,0,0,0,,0,1,1,11,11.00,0,0,0,0,,,1,2.1,2.1,1.6,,203,,TaylTr02
528,Ian Thomas,CAR,TE,28,5,2,0,0,0,0,0,0,0,,0,6,3,7,2.33,0,0,0,0,,,1,3.7,3.7,2.2,,108,,ThomIa00
529,Eric Tomlinson,LAC,TE,32,9,1,0,0,0,0,0,0,0,,0,4,2,9,4.50,0,0,0,0,,,1,2.9,2.9,1.9,,104,,TomlEr01
530,Casey Washington,ATL,WR,23,8,0,0,0,0,0,0,0,0,,0,2,1,14,14.00,0,0,0,0,,,1,2.4,2.4,1.9,,197,,WashCa01
531,Mike White,BUF,QB,29,1,0,3,11,28,0,0,0,0,,0,0,0,0,,0,0,0,0,,,1,1.1,1.1,1.1,,69,,WhitMi01
532,Jared Wiley,KAN,TE,24,7,2,0,0,0,0,0,0,0,,0,1,1,7,7.00,0,0,0,0,,,1,1.7,1.7,1.2,,109,,WileJa00
533,Isaiah Williams,2TM,WR,23,8,0,0,0,0,0,0,0,0,,0,3,2,6,3.00,0,0,0,0,,,1,2.6,2.6,1.6,,210,,WillIs03
534,Maurice Alexander,DET,WR,27,3,0,0,0,0,0,0,0,0,,0,0,0,0,,0,1,0,0,,,,,,,,214,,AlexMa02
535,Tyson Bagent,CHI,QB,24,4,0,2,2,11,0,0,6,-7,-1.17,0,0,0,0,,0,0,0,0,,,,-0.3,-0.3,-0.3,,77,,BageTy00
536,Brenden Bates,2TM,TE,25,7,0,0,0,0,0,0,0,0,,0,1,0,0,,0,0,0,0,,,,,,,,116,,BateBr00
537,Andrew Beck,2TM,TE,28,4,0,0,0,0,0,0,0,0,,0,2,0,0,,0,0,0,0,,,,,,,,117,,BeckAn01
538,Braxton Berrios,MIA,WR,29,6,0,0,0,0,0,0,0,0,,0,4,0,0,,0,0,0,0,,,,,,,,215,,BerrBr00
539,Khari Blasingame,2TM,RB,28,5,0,0,0,0,0,0,0,0,,0,0,0,0,,0,0,0,0,,,,,,,,140,,BlasKh00
540,Gary Brightwell,CLE,RB,25,2,0,0,0,0,0,0,0,0,,0,0,0,0,,0,0,0,0,,,,,,,,141,,BrigGa00
541,British Brooks,HOU,RB,25,5,0,0,0,0,0,0,1,2,2.00,0,0,0,0,,0,0,0,0,,,,0.2,0.2,0.2,,138,,BrooBr01
542,Jake Browning,CIN,QB,28,3,0,0,0,0,0,0,2,-2,-1.00,0,0,0,0,,0,0,0,0,,,,-0.2,-0.2,-0.2,,76,,BrowJa08
543,Marquez Callaway,TAM,WR,26,2,0,0,0,0,0,0,0,0,,0,0,0,0,,0,0,0,0,,,,,,,,216,,CallMa01
544,Joshua Cephus,JAX,WR,23,1,0,0,0,0,0,0,0,0,,0,0,0,0,,0,0,0,0,,,,,,,,217,,CephJo00
545,Irvin Charles,NYJ,WR,27,13,0,0,0,0,0,0,0,0,,0,1,0,0,,0,0,0,0,,,,,,,,218,,CharIr00
546,Elijah Cooks,JAX,WR,26,2,0,0,0,0,0,0,0,0,,0,0,0,0,,0,0,0,0,,,,,,,,219,,CookEl00
547,Baylor Cupp,KAN,TE,24,1,0,0,0,0,0,0,0,0,,0,1,0,0,,0,0,0,0,,,,,,,,118,,CuppBa00
548,Kaden Davis,CLE,WR,26,1,0,0,0,0,0,0,0,0,,0,0,0,0,,0,0,0,0,,,,,,,,220,,DaviKa02
549,Jeff Driskel,WAS,QB,31,1,0,0,0,0,0,0,0,0,,0,0,0,0,,0,0,0,0,,,,,,,,74,,DrisJe00
550,Alex Erickson,NWE,WR,32,3,0,0,0,0,0,0,0,0,,0,0,0,0,,0,0,0,0,,,,,,,,221,,EricAl01
551,Darrynton Evans,CHI,RB,26,5,0,0,0,0,0,0,3,3,1.00,0,0,0,0,,0,0,0,0,,,,0.3,0.3,0.3,,137,,EvanDa02
552,Erik Ezukanma,MIA,WR,24,2,0,0,0,0,0,0,0,0,,0,2,0,0,,0,0,0,0,,,,,,,,222,,EzukEr00
553,Princeton Fant,DAL,TE,25,8,0,0,0,0,0,0,0,0,,0,0,0,0,,0,0,0,0,,,,,,,,119,,FantPr00
554,Anthony Firkser,2TM,TE,29,7,0,0,0,0,0,0,0,0,,0,0,0,0,,0,0,0,0,,,,,,,,120,,FirkAn00
555,Dez Fitzpatrick,LAC,WR,27,1,0,0,0,0,0,0,0,0,,0,0,0,0,,0,0,0,0,,,,,,,,223,,FitzDe00
556,John FitzPatrick,GNB,TE,24,9,0,0,0,0,0,0,0,0,,0,1,1,2,2.00,0,0,0,0,,,,1.2,1.2,0.7,,114,,FitzJo00
557,Bryce Ford-Wheaton,NYG,WR,24,14,0,0,0,0,0,0,0,0,,0,0,0,0,,0,0,0,0,,,,,,,,224,,FordBr00
558,Troy Hairston,HOU,FB,26,2,0,0,0,0,0,0,0,0,,0,0,0,0,,0,0,0,0,,,,,,,,142,,HairTr00
559,Deonte Harty,BAL,WR,27,5,0,0,0,0,0,0,0,0,,0,0,0,0,,0,0,0,0,,,,,,,,225,,HarrDe07
560,Parker Hesse,DET,TE,29,5,1,0,0,0,0,0,0,0,,0,0,0,0,,0,0,0,0,,,,,,,,121,,HessPa00
561,Evan Hull,IND,RB,24,1,0,0,0,0,0,0,0,0,,0,0,0,0,,0,0,0,0,,,,,,,,143,,HullEv00
562,Keaontay Ingram,KAN,RB,25,1,0,0,0,0,0,0,0,0,,0,0,0,0,,0,0,0,0,,,,,,,,144,,IngrKe01
563,Jermaine Jackson,NOR,WR,24,4,0,0,0,0,0,0,1,-1,-1.00,0,0,0,0,,0,0,0,0,,,,-0.1,-0.1,-0.1,,245,,JackJe01
564,Trishton Jackson,MIN,WR,26,2,0,0,0,0,0,0,0,0,,0,0,0,0,,0,0,0,0,,,,,,,,226,,JackTr02
565,Jaylen Johnson,LAC,WR,24,1,0,0,0,0,0,0,0,0,,0,0,0,0,,0,0,0,0,,,,,,,,227,,JohnJa07
566,Jakob Johnson,NYG,FB,30,3,1,0,0,0,0,0,0,0,,0,0,0,0,,0,0,0,0,,,,,,,,145,,JohnJa12
567,Velus Jones Jr.,2TM,WR,27,3,0,0,0,0,0,0,3,11,3.67,0,1,1,8,8.00,0,1,1,0,,,,0.9,1.9,0.4,,246,,JoneVe00
568,Nikola Kalinic,LAR,TE,27,2,0,0,0,0,0,0,0,0,,0,0,0,0,,0,0,0,0,,,,,,,,122,,KaliNi00
569,John Kelly,BAL,RB,28,2,0,0,0,0,0,0,0,0,,0,0,0,0,,0,0,0,0,,,,,,,,146,,KellJo00
570,Joshua Kelley,TEN,RB,27,3,0,0,0,0,0,0,1,2,2.00,0,0,0,0,,0,0,0,0,,,,0.2,0.2,0.2,,139,,KellJo01
571,Tom Kennedy,DET,WR,28,4,0,0,0,0,0,0,0,0,,0,1,0,0,,0,0,0,0,,,,,,,,228,,KennTo01
572,Ko Kieft,TAM,TE,26,17,1,0,0,0,0,0,0,0,,0,0,0,0,,0,0,0,0,,,,,,,,123,,KiefKo00
573,Zack Kuntz,NYJ,TE,25,1,0,0,0,0,0,0,0,0,,0,0,0,0,,0,0,0,0,,,,,,,,124,,KuntZa00
574,Marcedes Lewis,CHI,TE,40,17,4,0,0,0,0,0,0,0,,0,2,1,2,2.00,0,0,0,0,,,,1.2,1.2,0.7,,115,,LewiMa00
575,Tyler Mabry,SEA,TE,28,2,0,0,0,0,0,0,0,0,,0,0,0,0,,0,0,0,0,,,,,,,,125,,MabrTy00
576,Jordan Matthews,CAR,TE,32,4,1,0,0,0,0,0,0,0,,0,1,0,0,,0,0,0,0,,,,,,,,126,,MattJo00
577,Tanner McLachlan,CIN,TE,25,2,0,0,0,0,0,0,0,0,,0,0,0,0,,0,0,0,0,,,,,,,,127,,McLaTa00
578,Dante Miller,NYG,RB,25,2,0,0,0,0,0,0,0,0,,0,0,0,0,,0,0,0,0,,,,,,,,147,,MillDa04
579,Kendall Milton,CIN,RB,22,2,0,0,0,0,0,0,0,0,,0,0,0,0,,0,0,0,0,,,,,,,,148,,MiltKe01
580,James Mitchell,DET,TE,25,1,0,0,0,0,0,0,0,0,,0,0,0,0,,0,0,0,0,,,,,,,,128,,MitcJa00
581,Chris Moore,ARI,WR,31,5,0,0,0,0,0,0,0,0,,0,0,0,0,,0,0,0,0,,,,,,,,229,,MoorCh00
582,Chris Moore,WAS,WR,31,0,0,,,,,,,,,,,,,,,,,0,,,,,,,,229,,MoorCh00
583,Skyy Moore,KAN,WR,24,6,0,0,0,0,0,0,0,0,,0,3,0,0,,0,0,0,0,,,,,,,,230,,MoorSk01
584,Jalen Moreno-Cropper,DAL,WR,23,1,0,0,0,0,0,0,0,0,,0,0,0,0,,0,0,0,0,,,,,,,,231,,MoreJa01
585,Nick Muse,MIN,TE,26,4,0,0,0,0,0,0,0,0,,0,0,0,0,,0,0,0,0,,,,,,,,129,,MuseNi00
586,Thomas Odukoya,TEN,TE,27,2,0,0,0,0,0,0,0,0,,0,0,0,0,,0,0,0,0,,,,,,,,130,,OdukTh00
587,Zach Pascal,ARI,WR,30,17,0,0,0,0,0,0,0,0,,0,0,0,0,,0,0,0,0,,,,,,,,232,,PascZa00
588,Jaret Patterson,LAC,RB,25,1,0,0,0,0,0,0,0,0,,0,0,0,0,,0,0,0,0,,,,,,,,149,,PattJa01
589,Adam Prentice,NOR,FB,27,17,7,0,0,0,0,0,0,0,,0,4,0,0,,0,0,0,0,,,,,,,,150,,PrenAd00
590,James Proche,CLE,WR,28,9,0,0,0,0,0,0,0,0,,0,3,3,21,7.00,0,1,1,0,,,,3.1,4.1,1.6,,213,,ProcJa00
591,Teagan Quitoriano,HOU,TE,24,7,4,0,0,0,0,0,0,0,,0,0,0,0,,0,0,0,0,,,,,,,,131,,QuitTe00
592,Brenden Rice,LAC,WR,22,3,0,0,0,0,0,0,0,0,,0,0,0,0,,0,0,0,0,,,,,,,,233,,RiceBr00
593,Keilan Robinson,JAX,RB,24,6,0,0,0,0,0,0,0,0,,0,0,0,0,,0,0,0,0,,,,,,,,151,,RobiKe03
594,Justyn Ross,KAN,WR,25,2,0,0,0,0,0,0,0,0,,0,1,0,0,,0,0,0,0,,,,,,,,234,,RossJu00
595,Brady Russell,SEA,TE,26,11,0,0,0,0,0,0,0,0,,0,0,0,0,,0,0,0,0,,,,,,,,132,,RussBr00
596,Justin Shorter,LVR,TE,24,10,0,0,0,0,0,0,0,0,,0,0,0,0,,0,0,0,0,,,,,,,,133,,ShorJu00
597,Brandon Smith,NYJ,WR,26,1,0,0,0,0,0,0,0,0,,0,0,0,0,,0,0,0,0,,,,,,,,235,,SmitBr07
598,Irv Smith Jr.,HOU,TE,26,5,1,0,0,0,0,0,0,0,,0,0,0,0,,0,0,0,0,,,,,,,,134,,SmitIr01
599,Equanimeous St. Brown,NOR,WR,28,2,0,0,0,0,0,0,0,0,,0,0,0,0,,0,0,0,0,,,,,,,,236,,St.BEq00
600,Stephen Sullivan,CAR,TE,28,1,0,0,0,0,0,0,0,0,,0,1,0,0,,0,0,0,0,,,,,,,,135,,SullSt00
601,Cody Thompson,TAM,WR,28,1,0,0,0,0,0,0,0,0,,0,0,0,0,,0,0,0,0,,,,,,,,237,,ThomCo04
602,Jake Tonges,SFO,TE,25,16,0,0,0,0,0,0,0,0,,0,0,0,0,,0,0,0,0,,,,,,,,136,,TongJa00
603,Robert Tonyan,MIN,TE,30,5,0,0,0,0,0,0,0,0,,0,0,0,0,,0,0,0,0,,,,,,,,137,,TonyRo00
604,Kyle Trask,TAM,QB,26,4,0,1,1,5,0,0,5,-4,-0.80,0,0,0,0,,0,0,0,0,,,,-0.2,-0.2,-0.2,,75,,TrasKy00
605,Laquon Treadwell,IND,WR,29,2,0,0,0,0,0,0,0,0,,0,0,0,0,,0,0,0,0,,,,,,,,238,,TreaLa00
606,Brycen Tremayne,WAS,WR,25,2,0,0,0,0,0,0,0,0,,0,1,1,-2,-2.00,0,0,0,0,,,,0.8,0.8,0.3,,247,,TremBr00
607,C.J. Uzomah,PHI,TE,31,7,3,0,0,0,0,0,0,0,,0,0,0,0,,0,0,0,0,,,,,,,,138,,UzomC.00
608,Ke'Shawn Vaughn,SFO,RB,27,3,0,0,0,0,0,0,2,4,2.00,0,0,0,0,,0,0,0,0,,,,0.4,0.4,0.4,,136,,VaugKe00
609,Jalen Virgil,BUF,WR,26,7,0,0,0,0,0,0,0,0,,0,0,0,0,,0,0,0,0,,,,,,,,239,,VirgJa00
610,Travis Vokolek,ARI,TE,26,1,0,0,0,0,0,0,0,0,,0,0,0,0,,0,0,0,0,,,,,,,,139,,VokoTr00
611,Carlos Washington,ATL,RB,26,1,0,0,0,0,0,0,0,0,,0,0,0,0,,0,0,0,0,,,,,,,,152,,WashCa00
612,Montrell Washington,KAN,WR,25,1,0,0,0,0,0,0,0,0,,0,0,0,0,,0,0,0,0,,,,,,,,240,,WashMo00
613,Jared Wayne,HOU,WR,24,3,0,0,0,0,0,0,0,0,,0,0,0,0,,0,0,0,0,,,,,,,,241,,WaynJa01
614,Xavier Weaver,ARI,WR,24,2,0,0,0,0,0,0,0,0,,0,2,0,0,,0,0,0,0,,,,,,,,242,,WeavXa00
615,Jack Westover,NWE,TE,25,3,0,0,0,0,0,0,0,0,,0,0,0,0,,0,0,0,0,,,,,,,,140,,WestJa01
616,Mitchell Wilcox,NWE,TE,28,2,0,0,0,0,0,0,0,0,,0,0,0,0,,0,0,0,0,,,,,,,,141,,WilcMi01
617,Avery Williams,ATL,RB,26,17,0,0,0,0,0,0,0,0,,0,0,0,0,,0,0,0,0,,,,,,,,153,,WillAv02
618,Brayden Willis,SFO,TE,25,10,0,0,0,0,0,0,0,0,,0,2,0,0,,0,0,0,0,,,,,,,,142,,WillBr06
619,D.J. Williams,TAM,RB,24,1,0,0,0,0,0,0,0,0,,0,0,0,0,,0,0,0,0,,,,,,,,154,,WillDJ00
620,Rodney Williams,PIT,TE,26,6,0,0,0,0,0,0,0,0,,0,0,0,0,,0,0,0,0,,,,,,,,143,,WillRo08
621,Trayveon Williams,CIN,RB,27,17,0,0,0,0,0,0,0,0,,0,0,0,0,,0,0,0,0,,,,,,,,155,,WillTr06
622,Roman Wilson,PIT,WR,23,1,0,0,0,0,0,0,0,0,,0,0,0,0,,0,0,0,0,,,,,,,,243,,WilsRo02
623,Colson Yankoff,WAS,TE,24,6,0,0,0,0,0,0,0,0,,0,0,0,0,,0,0,0,0,,,,,,,,144,,YankCo00
624,Dareke Young,SEA,WR,25,14,0,0,0,0,0,0,0,0,,0,1,0,0,,0,0,0,0,,,,,,,,244,,YounDa02
625,Sam Howell,SEA,QB,24,2,0,5,14,24,0,1,1,2,2.00,0,0,0,0,,0,0,0,0,,,-1,-0.8,0.2,0.2,,78,,HoweSa00
626,Dylan Laube,LVR,RB,25,10,0,0,0,0,0,0,1,0,0.00,0,0,0,0,,0,1,1,0,,,-2,-2.0,-1.0,-2.0,,156,,LaubDy00
627,Steven Sims,2TM,WR,27,9,0,0,0,0,0,0,1,0,0.00,0,0,0,0,,0,2,1,0,,,-2,-2.0,-1.0,-2.0,,248,,SimsSt00
628,Kadarius Toney,CLE,WR,25,3,0,0,0,0,0,0,2,-4,-2.00,0,1,0,0,,0,1,1,0,,,-2,-2.4,-1.4,-2.4,,249,,ToneKa00
629,Clayton Tune,ARI,QB,25,6,0,2,2,8,0,0,7,-4,-0.57,0,0,0,0,,0,1,1,0,,,-2,-2.1,-1.1,-2.1,,79,,TuneCl00
630,Jha'Quan Jackson,TEN,WR,24,12,0,0,0,0,0,0,1,-5,-5.00,0,3,1,8,8.00,0,5,2,0,,,-4,-2.7,-0.7,-3.2,,250,,JackJh00