player,player_id,position,team_name,player_game_count,base_dropbacks,blitz_accuracy_percent,blitz_aimed_passes,blitz_attempts,blitz_avg_depth_of_target,blitz_avg_time_to_throw,blitz_bats,blitz_big_time_throws,blitz_btt_rate,blitz_completion_percent,blitz_completions,blitz_def_gen_pressures,blitz_drop_rate,blitz_dropbacks,blitz_dropbacks_percent,blitz_drops,blitz_first_downs,blitz_grades_coverage_defense,blitz_grades_defense,blitz_grades_defense_penalty,blitz_grades_hands_drop,blitz_grades_hands_fumble,blitz_grades_offense,blitz_grades_offense_penalty,blitz_grades_pass,blitz_grades_pass_route,blitz_grades_pass_rush_defense,blitz_grades_run,blitz_hit_as_threw,blitz_interceptions,blitz_passing_snaps,blitz_pressure_to_sack_rate,blitz_qb_rating,blitz_sack_percent,blitz_sacks,blitz_scrambles,blitz_spikes,blitz_thrown_aways,blitz_touchdowns,blitz_turnover_worthy_plays,blitz_twp_rate,blitz_yards,blitz_ypa,declined_penalties,franchise_id,grades_hands_fumble,grades_offense,grades_pass,grades_run,no_blitz_accuracy_percent,no_blitz_aimed_passes,no_blitz_attempts,no_blitz_avg_depth_of_target,no_blitz_avg_time_to_throw,no_blitz_bats,no_blitz_big_time_throws,no_blitz_btt_rate,no_blitz_completion_percent,no_blitz_completions,no_blitz_def_gen_pressures,no_blitz_drop_rate,no_blitz_dropbacks,no_blitz_dropbacks_percent,no_blitz_drops,no_blitz_first_downs,no_blitz_grades_coverage_defense,no_blitz_grades_defense,no_blitz_grades_defense_penalty,no_blitz_grades_hands_drop,no_blitz_grades_hands_fumble,no_blitz_grades_offense,no_blitz_grades_offense_penalty,no_blitz_grades_pass,no_blitz_grades_pass_route,no_blitz_grades_pass_rush_defense,no_blitz_grades_run,no_blitz_hit_as_threw,no_blitz_interceptions,no_blitz_passing_snaps,no_blitz_pressure_to_sack_rate,no_blitz_qb_rating,no_blitz_sack_percent,no_blitz_sacks,no_blitz_scrambles,no_blitz_spikes,no_blitz_thrown_aways,no_blitz_touchdowns,no_blitz_turnover_worthy_plays,no_blitz_twp_rate,no_blitz_yards,no_blitz_ypa,no_pressure_accuracy_percent,no_pressure_aimed_passes,no_pressure_attempts,no_pressure_avg_depth_of_target,no_pressure_avg_time_to_throw,no_pressure_bats,no_pressure_big_time_throws,no_pressure_btt_rate,no_pressure_completion_percent,no_pressure_completions,no_pressure_def_gen_pressures,no_pressure_drop_rate,no_pressure_dropbacks,no_pressure_dropbacks_percent,no_pressure_drops,no_pressure_first_downs,no_pressure_grades_coverage_defense,no_pressure_grades_defense,no_pressure_grades_defense_penalty,no_pressure_grades_hands_drop,no_pressure_grades_hands_fumble,no_pressure_grades_offense,no_pressure_grades_offense_penalty,no_pressure_grades_pass,no_pressure_grades_pass_route,no_pressure_grades_pass_rush_defense,no_pressure_grades_run,no_pressure_hit_as_threw,no_pressure_interceptions,no_pressure_passing_snaps,no_pressure_pressure_to_sack_rate,no_pressure_qb_rating,no_pressure_sack_percent,no_pressure_sacks,no_pressure_scrambles,no_pressure_spikes,no_pressure_thrown_aways,no_pressure_touchdowns,no_pressure_turnover_worthy_plays,no_pressure_twp_rate,no_pressure_yards,no_pressure_ypa,penalties,pressure_accuracy_percent,pressure_aimed_passes,pressure_attempts,pressure_avg_depth_of_target,pressure_avg_time_to_throw,pressure_bats,pressure_big_time_throws,pressure_btt_rate,pressure_completion_percent,pressure_completions,pressure_def_gen_pressures,pressure_drop_rate,pressure_dropbacks,pressure_dropbacks_percent,pressure_drops,pressure_first_downs,pressure_grades_coverage_defense,pressure_grades_defense,pressure_grades_defense_penalty,pressure_grades_hands_drop,pressure_grades_hands_fumble,pressure_grades_offense,pressure_grades_offense_penalty,pressure_grades_pass,pressure_grades_pass_route,pressure_grades_pass_rush_defense,pressure_grades_run,pressure_hit_as_threw,pressure_interceptions,pressure_passing_snaps,pressure_pressure_to_sack_rate,pressure_qb_rating,pressure_sack_percent,pressure_sacks,pressure_scrambles,pressure_spikes,pressure_thrown_aways,pressure_touchdowns,pressure_turnover_worthy_plays,pressure_twp_rate,pressure_yards,pressure_ypa
Justin Herbert,28237,QB,LAC,17,764,73.5,196,222,7.6,2.54,8,4,1.7,62.6,139,100,3.5,237,31,5,79,,,,,90.3,65.9,84,64.5,60,,71.4,6,3,245,12,88,5.1,12,2,0,12,8,3,1.2,1459,6.6,1,27,72,78.6,77.5,60.2,81.4,441,477,6.7,2.83,11,20,4,70.9,338,172,5.8,527,69,21,156,,,,,72.7,81.7,87.2,81.1,,,54.2,10,7,546,15.1,95.5,4.9,26,21,2,13,17,10,1.8,3280,6.9,81.8,455,477,6.3,2.49,14,15,3.1,73.8,352,0,5.4,492,64.4,20,175,,,,,89.1,87.2,86.9,85.3,60,,61.2,0,4,503,,103.7,0,0,11,2,6,20,7,1.4,3396,7.1,2,72,182,222,8.6,3.2,5,9,3.8,56.3,125,272,4.6,272,35.6,6,60,,,,,64.6,57.8,84.6,58,,,56.7,16,6,288,14,70.5,14,38,12,0,19,5,6,2.1,1343,6
Tom Brady,698,QB,TB,17,761,71.8,174,188,8.3,2.2,0,8,4,63.3,119,47,4.8,196,25.8,6,67,,,,,55.2,77.4,39.8,76.6,,,58.3,0,0,209,12.8,94.8,3.1,6,1,0,14,7,5,2.4,1242,6.6,0,30,78.8,79.7,79.3,44,77,513,545,7,2.33,9,26,4.5,68.1,371,101,6.1,565,74.2,24,171,,,,,91.9,77.7,69.7,76.8,59.9,,49.6,2,9,599,15.8,89.4,2.8,16,3,3,18,18,15,2.5,3461,6.4,77.9,587,609,6.9,2.13,8,29,4.6,71.4,435,0,4.8,613,80.6,22,212,,,,,92.1,88.4,87.8,86.4,,,46.1,0,4,641,,100.2,0,0,2,3,11,23,12,1.9,4203,6.9,3,63,100,124,9.9,2.99,1,5,3.5,44.4,55,148,12.7,148,19.4,8,26,,,,,46.9,48.3,0,50.1,59.9,,59.2,2,5,167,14.9,44.4,14.9,22,2,0,21,2,8,4.8,500,4
Patrick Mahomes,11765,QB,KC,17,722,73.4,177,189,7.8,2.48,1,10,5.1,65.1,123,84,5.4,203,28.1,7,88,,,,,90,71.1,83.4,69.2,,,70.5,3,5,209,10.7,107.4,4.4,9,4,0,8,17,7,3.3,1459,7.7,0,16,78.8,91.1,89.2,80.3,79.7,414,458,7.7,3,6,23,4.6,67.9,311,157,5.8,519,71.9,19,209,,,,,82.4,93.2,87.3,91.2,,,89.5,6,7,559,10.8,104.3,3.3,17,42,0,32,24,11,2,3792,8.3,81.8,445,455,6.6,2.37,5,19,4,75.6,344,0,5.5,481,66.6,20,220,,,,,91.6,94.3,86.9,92.6,,,85.2,0,5,503,,118.2,0,0,24,0,5,29,8,1.6,3982,8.8,1,65.8,146,192,11.2,3.81,2,14,6.5,46.9,90,241,6.3,241,33.4,6,77,,,,,62.7,69,84.3,64.2,,,82.2,9,7,265,10.8,74.3,10.8,26,22,0,35,12,10,3.8,1269,6.6
Kirk Cousins,7102,QB,MIN,17,701,67.1,164,185,8.5,2.52,7,7,3.5,58.4,108,91,1.8,200,28.5,2,65,,,,,73.7,68.5,83.5,67.9,60,,58.5,4,2,216,13.2,90.6,6,12,3,0,10,10,6,2.8,1169,6.3,0,18,69.1,77.3,76.1,71.1,79.5,420,458,7.8,2.77,5,23,4.8,69,316,161,5.4,501,71.5,18,171,,,,,72,80,87.1,77,55.3,,82.5,7,12,528,21.1,93.2,6.8,34,9,3,23,19,17,3.2,3378,7.4,79.2,427,445,6.9,2.48,9,15,3.2,72.4,322,0,4.7,449,64.1,16,164,,,,,91.5,83.8,86.7,82,56.6,,58.3,0,10,478,,96.5,0,0,4,3,6,20,12,2.5,3042,6.8,8,67.5,157,198,10.9,3.07,3,15,7.1,51.5,102,252,3.8,252,35.9,4,72,,,,,33.2,63.4,84.3,60.5,55.3,,84.2,11,4,266,18.3,83.4,18.3,46,8,0,27,9,11,4.1,1505,7.6
Joe Burrow,28022,QB,CIN,16,676,75.4,142,151,7.8,2.42,2,8,5,65.6,99,55,7.5,173,25.6,8,64,,,,,30.6,83.9,82.8,81.2,,,70.8,1,3,183,27.3,107.1,8.7,15,7,0,6,12,8,4.4,1167,7.7,0,7,69.8,90.8,89.4,76.8,78.3,419,455,7.5,2.51,18,23,4.7,69.2,315,124,4,503,74.4,13,165,,,,,81.3,90.4,87.2,87.5,56.2,,77.9,4,9,539,21,98.7,5.2,26,20,1,13,23,8,1.5,3308,7.3,78.8,466,489,7.2,2.22,18,21,4.1,71.6,350,0,4.6,497,73.5,17,187,,,,,91.7,93.5,87,92.5,60,,57.2,0,9,524,,104.3,0,0,6,1,4,27,6,1.1,3739,7.6,5,71.6,95,117,9.4,3.23,2,10,7.8,54.7,64,179,5.9,179,26.5,4,42,,,,,24.8,63.5,83.2,57,57.7,,84.3,5,3,198,22.9,86,22.9,41,21,0,15,8,10,5.1,736,6.3
Josh Allen,46601,QB,BUF,16,659,71.3,174,191,9,2.66,6,13,6.6,57.6,110,87,11.3,216,32.8,14,80,,,,,90.2,80.7,40,73.9,,,91.8,1,4,224,10.3,83.7,4.2,9,15,0,10,9,6,2.7,1223,6.4,0,4,49.6,91.6,85.1,92.7,76.6,351,376,10.1,2.99,7,31,7.8,66.2,249,137,7.4,443,67.2,20,166,,,,,48.9,91.7,86.6,86,,,93,1,10,472,17.5,103.1,5.4,24,42,1,16,26,22,4.7,3060,8.1,77.4,393,410,8.4,2.46,10,25,5.9,67.6,277,0,8.9,435,66,27,164,,,,,87.2,90.4,86.4,87,,,80.9,0,10,451,,96.6,0,0,23,1,6,22,14,3.1,2998,7.3,2,67.4,132,157,13.7,3.71,3,19,11,52.2,82,224,7.9,224,34,7,82,,,,,29.7,87.3,43.5,72,,,95,2,4,245,14.7,96.7,14.7,33,34,0,20,13,14,5.7,1285,8.2
Geno Smith,7820,QB,SEA,17,652,78.4,176,191,7.6,2.69,4,11,5.4,68.1,130,84,5.8,216,33.1,8,76,,,,,90.2,66.3,43.5,62,,,90.5,2,5,230,17.9,94,6.9,15,10,0,9,8,12,5.2,1472,7.7,0,29,81.5,79.8,76.1,82.8,77.5,355,381,8.5,2.83,4,23,5.7,70.6,269,138,2.2,436,66.9,6,144,,,,,77.6,84.2,86.5,80.6,59,,79.9,4,6,463,22.5,104.3,7.1,31,23,1,17,22,17,3.7,2810,7.4,79.2,403,412,7.9,2.44,6,24,5.6,74.5,307,0,3.8,430,66,12,162,,,,,87.1,87.6,86.4,83.9,59,,80.5,0,6,449,,109.3,0.2,1,16,1,2,23,17,3.8,3225,7.8,8,73.4,128,160,9,3.45,2,10,5.6,57.5,92,222,2.1,222,34,2,58,,,,,75.5,60.4,45.7,55.3,,,87.6,6,5,244,20.3,79.1,20.3,45,17,0,24,7,12,4.9,1057,6.6
Trevor Lawrence,77632,QB,JAX,17,637,81.7,169,186,6.6,2.37,5,9,4.5,69.4,129,67,6.5,199,31.2,9,76,,,,,90.1,73.9,83.4,72.5,,,62.5,2,4,212,11.9,95,4,8,5,0,10,8,6,2.8,1326,7.1,0,15,38.5,77.3,73.1,80.1,75.9,373,398,8.3,2.58,10,19,4.6,64.8,258,118,8.8,438,68.8,25,140,,,,,27.3,73.9,86.5,70.6,60,,81.1,1,4,460,16.1,95.3,4.3,19,19,2,12,17,14,3,2787,7,82.3,417,439,6.7,2.23,15,21,4.5,71.8,315,0,8.2,452,71,28,166,,,,,91.5,91.4,86.7,90.1,60,,77,0,3,476,,105.9,0,0,11,2,5,21,5,1.1,3263,7.4,5,62.4,125,145,11.6,3.22,0,7,4.6,49.7,72,185,7.7,185,29,6,50,,,,,19,35.1,83.1,32.9,,,72.8,3,5,196,14.6,62.7,14.6,27,13,0,17,4,15,7.7,850,5.9
Jared Goff,10635,QB,DET,17,626,77.2,206,223,7.2,2.5,5,9,3.8,68.2,152,79,4.4,240,38.3,7,92,,,,,76.4,73.7,84.1,73.2,,,54,3,4,252,13.9,104.4,4.6,11,5,0,9,13,7,2.8,1797,8.1,0,11,64.3,72.4,71.6,53,78.2,325,364,7.9,2.81,10,9,2.3,63.2,230,108,9.4,386,61.7,24,138,,,,,63.7,68.2,86,67.7,58.4,,57.5,5,3,411,11.1,96.2,3.1,12,10,1,23,16,17,4.1,2641,7.3,82,410,432,7.2,2.44,14,15,3.4,73.4,317,0,5.7,439,70.1,19,183,,,,,91.4,86.2,86.4,84.6,58.4,,53.9,0,3,453,,113.6,0,0,6,1,7,24,13,2.9,3600,8.3,1,63.6,121,155,9.2,3.28,1,3,1.7,41.9,65,187,15.6,187,29.9,12,47,,,,,27.9,41.2,83.4,41.8,,,57.6,8,4,210,12.3,59.6,12.3,23,9,0,25,5,11,5.2,838,5.4
Aaron Rodgers,2241,QB,GB,17,588,75.5,147,161,9.1,2.5,4,10,5.9,65.8,106,50,4.5,174,29.6,5,63,,,,,69.8,80.9,82.9,78.4,,,70.1,0,3,185,20,97.1,5.7,10,3,0,10,8,3,1.6,1213,7.5,0,12,85.6,77.7,75.9,65.3,76,354,381,8.2,2.75,3,23,5.7,64,244,107,9.3,414,70.4,25,120,,,,,86.6,72.7,86.3,71.2,,,65.1,3,9,439,20.6,88.5,5.3,22,10,2,19,18,15,3.4,2482,6.5,78.3,411,425,7.4,2.23,7,21,4.7,69.4,295,0,8.4,431,73.3,27,146,,,,,91.4,84.6,86.4,82.3,,,65,0,8,450,,98.9,0,0,5,2,5,22,9,2,3015,7.1,7,64.4,90,117,13.4,3.89,0,12,9.2,47,55,157,5.2,157,26.7,3,37,,,,,47.7,56,82.6,54.4,,,68.5,3,4,174,20.4,62.6,20.4,32,8,0,24,4,9,5.2,680,5.8
Daniel Jones,39395,QB,NYG,16,571,83.9,143,157,6,2.82,2,3,1.8,68.2,107,96,10.8,189,33.1,13,73,,,,,53.4,80.8,83.2,74.1,60,,89.1,3,2,201,14.6,99.4,7.4,14,18,0,9,7,5,2.5,1167,7.4,0,21,51.1,75.7,70.6,81.8,79.7,281,315,6.7,3.07,8,4,1.2,66.7,210,146,6.3,382,66.9,14,113,,,,,64,70.5,86,66.2,58.9,,79.4,3,3,411,19.9,89.1,7.6,29,38,5,18,8,14,3.4,2039,6.5,83.7,289,303,5.9,2.57,7,2,0.6,73.6,223,0,7.9,329,57.6,19,121,,,,,90.9,86.6,85.4,81.4,,,86.2,0,4,348,,97.4,0,0,26,5,2,9,9,2.6,2151,7.1,8,75.6,135,169,7.7,3.56,3,5,2.7,55.6,94,242,7.8,242,42.4,8,65,,,,,27.6,57.6,84.3,52,57.7,,79.9,6,1,264,17.8,83.8,17.8,43,30,0,25,6,10,3.8,1055,6.2
Russell Wilson,7077,QB,DEN,15,569,73.1,119,137,9.8,2.77,9,7,4.6,59.1,81,77,6.9,172,30.2,6,50,,,,,89.6,71.2,83,71.2,,,54,2,4,189,33.8,86.6,15.1,26,7,0,7,6,3,1.6,1078,7.9,0,10,85.5,66.2,64.5,67.2,74.4,313,347,9.4,3.02,9,16,4.3,61.1,212,127,9,397,69.8,21,104,,,,,75.4,61.9,86.2,60,,,70.5,1,7,424,22.8,83.7,7.3,29,21,1,23,10,13,3.1,2460,7.1,77.3,326,346,8.3,2.53,14,14,3.8,67.3,233,0,7.5,365,64.1,19,115,,,,,91.1,73.6,85.7,71.8,,,67.5,0,8,383,,92.9,0,0,17,1,5,13,8,2.1,2642,7.6,4,64.2,106,138,13.3,3.68,4,9,5.7,43.5,60,204,11.8,204,35.9,8,39,,,,,57.7,51.6,83.7,51,,,62.1,3,3,230,27,63.6,27,55,11,0,25,3,8,3.5,896,6.5
Derek Carr,8671,QB,LV,15,544,68.2,129,149,8.8,2.65,6,6,3.9,55,82,74,6.8,161,29.6,6,52,,,,,67.8,69,82.5,67.7,,,64.2,3,3,168,13.5,88.5,6.2,10,2,0,11,10,4,2.4,949,6.4,0,23,67.1,66.8,65.4,68.1,71.8,326,353,10,2.92,2,15,4,63.2,223,122,4.7,383,70.4,11,116,,,,,74.7,64.9,86,63.1,57.7,,73,7,11,407,13.9,85.3,4.4,17,12,0,18,14,14,3.4,2573,7.3,72.3,328,343,9.3,2.6,7,13,3.6,65.3,224,0,5.5,348,64,13,121,,,,,91.1,71.7,85.6,69.4,60,,80.9,0,10,369,,92.1,0,0,5,0,8,18,11,3,2488,7.3,6,66.9,127,159,10.6,3.27,1,8,4.8,50.9,81,196,4.7,196,36,4,47,,,,,36.5,56.9,83.3,56.5,58.9,,62.1,10,4,206,13.8,73.7,13.8,27,9,0,21,6,7,3.4,1034,6.5
Jalen Hurts,40291,QB,PHI,15,542,74.1,166,186,7.6,2.67,4,4,2.1,61.3,114,80,7.3,211,38.9,9,73,,,,,73.3,74.3,83.5,71.1,,,78.1,1,2,217,20,93.5,7.6,16,9,0,15,8,2,0.9,1359,7.3,0,24,74.8,85.9,80.6,84.4,80.6,252,274,9.2,2.98,8,16,5.4,70.1,192,83,5.4,331,61.1,11,111,,,,,82.9,85.9,85.5,82.2,,,76.7,1,4,356,24.1,107,6,20,35,0,13,14,9,2.5,2342,8.5,81.4,339,352,8.3,2.46,10,18,4.8,73.3,258,0,6.5,379,69.9,18,143,,,,,91.2,92.1,85.9,91.3,,,67.4,0,4,400,,112.2,0.3,1,25,0,3,18,6,1.5,3104,8.8,4,63.3,79,108,9.8,3.8,2,2,1.7,44.4,48,163,4,163,30.1,2,41,,,,,47.5,52.2,82.6,44,,,87.3,2,2,173,21.5,66.8,21.5,35,19,0,25,4,5,2.9,597,5.5
Davis Mills,52269,QB,HST,15,529,71.5,130,141,7.8,2.35,5,3,2,61.7,87,63,6.5,155,29.3,6,44,,,,,67.4,65,82.5,63.5,,,65.6,1,1,167,19,92.2,7.7,12,0,0,5,5,1,0.6,1009,7.2,0,13,60.6,61.9,63.6,43.2,69.3,309,338,8.7,2.79,6,18,5,60.7,205,150,4.2,374,70.7,9,98,,,,,73.5,62.1,85.9,62.8,57.1,,50.8,10,14,395,12.7,73.2,5.1,19,17,1,12,12,14,3.5,2109,6.2,75.6,295,307,7.4,2.32,8,13,4,69.1,212,0,4.9,316,59.7,11,100,,,,,82,78.3,85.3,76.5,57.1,,66.6,0,8,337,,89.3,0,0,7,1,3,10,6,1.8,2187,7.1,4,58.3,144,172,10.6,3.17,3,8,4.4,46.5,80,213,4.8,213,40.3,4,42,,,,,56.6,41.1,83.7,43.2,,,46.7,11,7,225,14.6,60,14.6,31,10,0,14,7,9,4,931,5.4
Matt Ryan,4317,QB,IND,12,509,78,127,146,6.3,2.44,4,2,1.3,64.4,94,79,5.1,168,33,5,55,,,,,29.7,51.5,32.7,51.8,,,65.8,3,4,177,24.1,86.2,11.3,19,3,0,12,7,8,4.5,906,6.2,0,14,26.9,63.8,63,60.3,78.9,289,315,6.6,2.65,5,4,1.2,68.3,215,92,5.7,341,67,13,105,,,,,28.6,69.7,85.5,68.7,,,61.6,2,9,358,20.7,82.9,5.6,19,7,1,18,7,15,4.2,2151,6.8,82.3,316,333,6,2.35,5,5,1.4,74.2,247,0,5,338,66.4,13,121,,,,,82.8,84.5,85.4,81.4,,,77.3,0,5,353,,98.1,0,0,5,1,11,10,8,2.3,2436,7.3,3,67,100,128,8.2,3.04,4,1,0.7,48.4,62,171,7.5,171,33.6,5,39,,,,,18.6,28.8,34,29.9,,,49.4,5,8,182,22.2,47,22.2,38,5,0,19,4,15,8.2,621,4.9
Mac Jones,60323,QB,NE,14,496,62.3,106,115,9.9,2.52,2,6,4.9,53.9,62,47,6.1,129,26,4,32,,,,,87.1,64.6,20.1,64.2,,,66,0,4,137,25.5,72,9.3,12,2,0,7,5,5,3.6,690,6,0,19,90.1,67.7,68.9,56.2,78.4,306,327,7.7,2.75,5,16,4.7,69.1,226,98,5.8,367,74,14,102,,,,,84.4,69.2,85.8,69.4,,,54,1,7,386,22.4,89.3,6,22,18,2,13,9,9,2.3,2307,7.1,79.3,329,343,7.5,2.32,7,20,5.6,71.7,246,0,5.7,351,70.8,15,107,,,,,91,90.7,85.6,89.3,,,66.2,0,3,365,,99.2,0,0,8,2,5,11,3,0.8,2492,7.3,8,54.2,83,99,11.1,3.59,0,2,1.8,42.4,42,145,6.7,145,29.2,3,27,,,,,66,26.4,27.4,27.2,,,50.7,1,8,158,23.4,35.1,23.4,34,12,0,15,3,11,7,505,5.1
Justin Fields,82118,QB,CHI,15,444,66.3,89,99,9.6,3.28,4,3,2.8,55.6,55,70,6.8,139,31.3,4,39,,,,,42.4,55.7,82.1,43.5,57.7,,91.3,2,3,151,27.1,97.5,13.7,19,21,0,4,10,7,4.6,666,6.7,3,6,28.8,70.2,54.4,91.5,74.1,197,219,9.4,3.53,7,10,4.3,62.6,137,133,6.2,305,68.7,9,89,,,,,29.3,72.9,54.9,61.6,58.4,,92,3,8,323,27.1,79.6,11.8,36,49,0,12,7,14,4.3,1576,7.2,76.6,209,218,7.7,2.7,7,7,3.1,68.8,150,0,6.3,241,54.3,10,75,,,,,90.3,83.6,84.1,74.5,58.4,,92.9,0,5,249,,96.2,0.4,1,22,0,2,11,7,2.8,1542,7.1,7,58.4,77,100,14.3,4.34,4,6,5.2,42,42,203,6.7,203,45.7,3,53,,,,,21.7,47.1,42.9,29.4,57.7,,90.9,5,6,225,26.6,61.2,26.6,54,48,0,14,6,14,6.2,700,7
Kenny Pickett,60515,QB,PIT,13,444,73.9,92,99,7.2,2.66,3,4,3.6,61.6,61,43,10.3,112,25.2,7,42,,,,,86.5,72.1,81.4,69.9,60,,71.5,1,0,126,23.3,89.1,8.9,10,3,0,3,3,1,0.8,608,6.1,1,25,80.5,75.5,73,77.5,73.1,268,290,8.3,3.1,5,14,4.6,63.4,184,97,6.1,332,74.8,12,92,,,,,82.7,74.5,55.6,71.9,59,,75.1,1,9,351,17.5,72.4,5.1,17,25,1,15,4,10,2.8,1796,6.2,75.5,278,290,7.9,2.62,6,12,3.9,67.9,197,0,6.2,304,68.5,13,101,,,,,90.8,74.3,85.1,72.2,59,,70.7,0,7,323,,81.5,0,0,14,1,5,5,8,2.5,1890,6.5,5,65.9,82,99,8.7,3.8,2,6,5.5,48.5,48,140,11.1,140,31.5,6,33,,,,,65.6,72.4,23,69.2,60,,76.6,2,2,154,19.3,62.4,19.3,27,14,0,13,2,3,1.9,514,5.2
Kyler Murray,38334,QB,ARZ,11,443,73.7,99,109,7.6,2.54,2,2,1.8,63.3,69,42,5.5,124,28,4,40,,,,,61.3,57.2,81.5,55.1,,,73.5,0,2,129,21.4,95.3,7.3,9,4,0,8,8,6,4.7,618,5.7,0,1,47.9,67.2,63.4,72.2,78.3,258,281,7,2.63,7,7,2.3,67.6,190,78,5.9,319,72,12,88,,,,,48.9,69.2,85.3,66.8,,,71.5,2,5,344,20.5,84,5,16,21,3,11,6,12,3.5,1745,6.2,81.8,297,311,6.2,2.2,7,9,2.7,73,227,0,6.6,323,72.9,16,108,,,,,73.5,83.2,85.3,81.7,,,59.7,0,2,340,,100.8,0,0,10,3,4,12,6,1.8,2065,6.6,1,53.3,60,79,12.1,3.72,2,0,0,40.5,32,120,0,120,27.1,0,20,,,,,26.8,29,81.6,26,,,80,2,5,133,20.8,33.6,20.8,25,15,0,15,2,12,9,298,3.8
Tua Tagovailoa,60326,QB,MIA,13,432,72,93,98,9.7,2.44,1,5,5,65.3,64,35,4.5,110,25.5,3,40,,,,,85.8,76,81,73.8,,,68.1,0,1,113,25.7,116.1,8.2,9,3,0,4,7,1,0.9,941,9.6,1,17,45.9,81.9,81.4,52,74.9,283,302,10.2,2.55,4,13,4.1,64.6,195,76,8,322,74.5,17,125,,,,,49.2,81.9,85.3,80.7,58.9,,55.6,2,7,342,15.8,102.1,3.7,12,7,1,12,18,18,5.3,2607,8.6,74.8,305,313,10.3,2.32,5,16,4.8,68.1,213,0,6.6,321,74.3,15,134,,,,,90.9,90.4,85.2,88.8,,,59.3,0,7,338,,109.4,0,0,7,1,2,20,11,3.3,2898,9.3,4,71.8,71,87,9,3.11,0,2,2.2,52.9,46,111,9.8,111,25.7,5,31,,,,,23.5,52.3,81.2,52.1,58.9,,61.6,2,1,117,18.9,91.6,18.9,21,3,0,14,5,8,6.8,650,7.5
Dak Prescott,10769,QB,DAL,12,430,75.5,106,111,8.1,2.5,0,1,0.8,66.7,74,49,7.5,121,28.1,6,44,,,,,86.8,75.3,81.7,72.9,,,65.9,2,3,132,18.4,89.4,7.4,9,1,0,3,4,2,1.5,826,7.4,0,9,79.4,72,68.6,72,74,269,283,8.9,2.77,3,17,5.8,66.1,187,86,6,309,71.9,12,102,,,,,81.1,64.9,85.1,64.7,60,,57.7,3,12,321,12.8,91.8,3.6,11,15,0,8,19,16,5,2034,7.2,77.7,282,287,7.8,2.43,3,14,4.7,72.1,207,0,5.5,295,68.6,12,109,,,,,90.7,77.5,84.9,76.7,,,53.6,0,9,307,,99.8,0,0,8,0,2,16,11,3.6,2214,7.7,3,64.5,93,107,11.4,3.27,0,4,3.4,50.5,54,135,10,135,31.4,6,37,,,,,64.1,51.5,82,50.1,60,,69,5,6,146,14.8,67.7,14.8,20,8,0,9,7,7,4.8,646,6
Jacoby Brissett,10725,QB,CLV,12,416,72.1,111,118,10.1,2.84,2,6,4.7,64.4,76,59,5,136,32.7,4,45,,,,,42.1,77.9,82,73.2,,,86.9,1,2,148,22,93.5,9.6,13,5,0,4,4,5,3.4,950,8.1,1,8,59.6,82.6,75.2,91.5,75.9,228,251,9.2,2.93,3,12,4.5,63.7,160,78,7.5,280,67.3,13,95,,,,,66.1,77.1,84.8,72.9,,,81.3,3,4,300,14.1,86.7,3.9,11,18,3,14,8,9,3,1658,6.6,78.1,260,269,9,2.55,3,13,4.6,70.6,190,0,6.4,279,67.1,13,102,,,,,79.5,88.5,84.7,85.6,,,70.5,0,1,295,,102.2,0.4,1,9,3,3,10,5,1.7,1961,7.3,4,63.3,79,100,11,3.61,2,5,4.4,46,46,137,8,137,32.9,4,38,,,,,28.3,57.7,82.2,48.9,,,90.3,4,5,153,16.8,53.2,16.8,23,14,0,15,2,9,5.9,647,6.5
Andy Dalton,6187,QB,NO,14,415,78.3,106,114,8,2.35,4,4,3.4,67.5,77,39,7.2,122,29.4,6,45,,,,,86.5,79.4,81.4,78.1,60,,58.3,2,2,125,15.4,111.4,4.9,6,1,0,2,8,1,0.8,1010,8.9,0,20,67.2,82.1,81,64.4,76.1,243,264,8.6,2.69,3,12,4.4,66.3,175,79,5.4,293,70.6,10,91,,,,,53.1,79.1,84.9,78.1,59,,59.1,3,7,306,24.1,88.3,6.5,19,10,0,15,10,9,2.9,1863,7.1,80.1,277,290,7.4,2.35,7,11,3.7,72.8,211,0,5,297,71.6,11,111,,,,,90.7,88.9,84.9,86.5,59,,64.9,0,7,307,,100.2,0,0,6,0,6,13,6,2,2270,7.8,3,63.9,72,88,12.4,3.19,0,5,5.4,46.6,41,118,10.9,118,28.4,5,25,,,,,26.1,58.7,81.4,59.9,60,,52.5,5,2,124,21.2,78.9,21.2,25,5,0,11,5,4,3.2,603,6.9
Baker Mayfield,46518,QB,LA,12,389,70,100,115,6.9,2.8,5,4,3.3,59.1,68,49,2.9,134,34.4,2,33,,,,,63.2,56.9,81.8,58,,,50.2,1,1,140,28.6,84,10.4,14,3,0,9,3,4,2.9,760,6.6,0,26,54.5,50.6,52.2,44,68.8,205,220,7.2,2.89,7,4,1.7,60.5,133,68,5.7,255,65.6,8,65,,,,,77.7,51.1,84.4,50.4,,,64.8,1,7,271,32.4,76.4,8.6,22,12,1,6,7,8,3,1403,6.4,70.8,250,264,6.6,2.41,12,6,2.2,64,169,0,4.5,272,69.9,8,79,,,,,78.8,64.4,84.6,63.5,,,63.4,0,5,284,,83.4,0,0,5,1,1,7,6,2.1,1714,6.5,2,61.8,55,71,9.7,3.92,0,2,2.5,45.1,32,117,5.9,117,30.1,2,19,,,,,60.3,30.5,81.4,30.8,,,57.1,2,3,127,30.8,62.5,30.8,36,10,0,14,3,6,4.7,449,6.3
Lamar Jackson,46416,QB,BLT,12,378,76.7,120,134,8,2.85,5,5,3.5,62.7,84,56,8.7,148,39.2,8,53,,,,,44.5,66.4,82.3,63.7,,,75.2,2,3,158,14.3,99.6,5.4,8,6,0,7,10,4,2.5,955,7.1,1,3,56.6,85.2,72.3,92.6,73.2,179,192,10,3.29,3,12,6,62,119,73,9.2,230,60.8,12,63,,,,,80.6,81,83.9,75.6,,,85.1,1,4,241,26,85.1,8.3,19,19,1,8,7,5,2.1,1287,6.7,79.9,229,238,8,2.52,5,12,4.8,70.2,167,0,8.7,249,65.9,16,91,,,,,90.4,88.6,84.2,85.3,,,74.2,0,5,261,,102.3,0,0,11,1,3,13,5,1.9,1843,7.7,7,57.1,70,88,13.4,4.26,3,5,5.4,40.9,36,129,10,129,34.1,4,25,,,,,28.5,51.9,81.8,44,,,87.3,3,2,138,20.9,60.7,20.9,27,14,0,12,4,4,2.9,399,4.5
Ryan Tannehill,7014,QB,TEN,12,374,74.5,94,100,9.1,2.49,2,5,4.7,63,63,44,10,113,30.2,7,43,,,,,86.2,80.3,81.3,77.9,58,,65.6,1,0,120,25,114.2,9.7,11,1,1,2,6,0,0,951,9.5,0,31,76.1,74.9,71.9,77.2,76.6,209,225,7.7,2.75,5,6,2.5,66.2,149,91,6.9,261,69.8,11,81,,,,,64.5,68.7,84.5,65.8,,,76.9,5,6,277,24.2,85.9,8.4,22,12,0,6,7,10,3.6,1585,7,75.8,223,231,7.7,2.44,7,7,2.9,69.7,161,0,4.7,239,63.9,8,88,,,,,90.4,82.7,84.1,80,58,,73.9,0,5,252,,97.4,0,0,5,1,0,8,5,2,1926,8.3,3,76.3,80,94,9.6,3.09,0,4,3.9,54.3,51,135,16.4,135,36.1,10,36,,,,,42.1,56.3,81.9,53.2,,,75.7,6,1,145,24.4,87.6,24.4,33,8,0,8,5,5,3.4,610,6.5
Marcus Mariota,9435,QB,ATL,13,354,64.1,117,123,9.7,2.74,2,2,1.5,58.5,72,60,4,145,41,3,48,,,,,65.3,59.1,82.1,57.4,,,72.6,1,5,152,28.3,84.5,11.7,17,5,1,2,9,5,3.3,773,6.3,0,2,46.8,66.1,62.7,69.1,69.5,167,177,11.1,3.17,1,6,3.2,63.3,112,61,3.4,209,59,4,68,,,,,39.5,64.8,83.6,66,,,52.5,0,4,221,18,90.7,5.3,11,21,3,6,6,10,4.5,1446,8.2,72,211,218,9,2.54,2,7,3.1,67,146,0,3.9,233,65.8,6,82,,,,,90.3,72.7,83.9,72,,,59.7,0,5,243,,97.2,0,0,15,4,1,11,6,2.5,1675,7.7,1,53.4,73,82,15.1,3.87,1,1,1.1,46.3,38,121,2.6,121,34.2,1,34,,,,,23.3,45.1,81.5,45.5,,,57.8,1,4,130,23.1,64.3,23.1,28,11,0,7,4,9,6.9,544,6.6
Matthew Stafford,4924,QB,LA,9,338,72.4,76,81,7.9,2.55,0,5,6.1,65.4,53,36,3.6,92,27.2,2,31,,,,,28.4,69.2,0,69.3,,,,0,1,94,30.6,100.1,12,11,0,0,5,4,2,2.1,626,7.7,0,26,47.6,67,67.6,52.1,75.5,212,222,6.6,2.6,3,10,4.4,68.9,153,71,4.4,246,72.8,7,77,,,,,76.8,66.1,84.1,65.2,58.9,,62.4,0,7,253,25.4,82.8,7.3,18,5,0,7,6,10,4,1461,6.6,77.5,222,228,6.4,2.29,3,10,4.3,72.4,165,0,4.1,231,68.3,7,86,,,,,90.2,79.4,83.8,77.2,,,67.9,0,6,235,,93.3,0,0,2,0,3,8,6,2.6,1651,7.2,4,65.2,66,75,8.8,3.23,0,5,6.3,54.7,41,107,4.7,107,31.7,2,22,,,,,25.4,44.5,8.9,46.7,58.9,,55.5,0,2,112,27.1,69.6,27.1,29,3,0,9,2,6,5.4,436,5.8
Jimmy Garoppolo,8697,QB,SF,11,329,75.8,99,108,6.1,2.38,6,3,2.6,66.7,72,37,4,116,35.3,3,44,,,,,86.3,59.7,81.3,60.3,,,55.3,2,3,122,18.9,97.8,6,7,1,0,1,6,3,2.5,860,8,0,28,64.7,71.4,69.5,67.4,75.3,190,200,7.9,2.6,6,10,4.8,67.5,135,59,5.6,213,64.7,8,70,,,,,62.7,75.5,83.7,73,60,,75,1,1,226,18.6,105.8,5.2,11,2,0,3,10,6,2.7,1577,7.9,78.8,217,231,6.9,2.35,12,10,4.2,70.6,163,0,4.7,233,70.8,8,98,,,,,90.3,81.4,83.9,79.8,60,,57,0,1,241,,111.5,0,0,2,0,2,11,5,2.1,2024,8.8,2,65.3,72,77,8.4,2.96,0,3,3.6,57.1,44,96,6.4,96,29.2,3,16,,,,,36.3,47.5,80.8,45.8,,,73,3,3,107,18.8,77.5,18.8,18,1,0,2,5,4,3.7,413,5.4
Carson Wentz,10636,QB,WAS,8,314,70.4,71,79,7.2,2.47,1,5,5.9,59.5,47,45,6,90,28.7,3,28,,,,,84.7,66.5,80.4,65,,,66.4,2,1,97,20,88.1,10,9,2,0,5,4,1,1,470,5.9,0,32,70.5,60.6,58.9,62.6,74.6,185,197,8.2,2.62,6,8,3.8,63.5,125,60,9.4,224,71.3,13,60,,,,,75.2,58,83.9,56.1,,,72.3,1,8,240,28.3,77.1,7.6,17,10,0,5,7,13,5.4,1285,6.5,75.4,199,204,7.5,2.32,4,10,4.6,67.2,137,0,8.7,209,66.6,13,68,,,,,90.1,64.1,83.6,63.9,,,56.2,0,8,222,,81.7,0,0,5,0,1,7,11,5,1399,6.9,5,66.7,57,72,9.2,3.09,3,3,3.8,48.6,35,105,7.9,105,33.4,3,20,,,,,57.8,54.8,81.1,49.9,,,82.4,3,1,115,24.8,75.9,24.8,26,7,0,9,4,3,2.6,356,4.9
Taylor Heinicke,9896,QB,WAS,9,292,77.3,66,75,8.7,2.62,4,5,6.2,68,51,43,0,86,29.5,0,31,,,,,84.3,71.9,80.3,70.1,,,66.3,3,0,93,16.3,109.8,8.1,7,4,0,2,4,1,1.1,599,8,0,32,30,49.8,48.9,56.1,68.5,165,184,9.4,3.01,2,4,2.1,59.8,110,78,2.7,206,70.5,3,64,,,,,28,38.1,83.4,40.2,,,48.5,2,6,211,15.4,81.3,5.8,12,9,2,13,8,18,8.5,1260,6.8,77.4,155,165,8.9,2.52,5,5,2.9,72.1,119,0,0.8,171,58.6,1,68,,,,,89,71.6,82.7,70.2,,,64,0,2,176,,107.5,0,0,5,2,3,8,6,3.4,1356,8.2,3,57.9,76,94,9.6,3.42,1,4,4.1,44.7,42,121,4.5,121,41.4,2,27,,,,,23.2,26.5,81.5,27.4,,,49.3,5,4,128,15.7,58.1,15.7,19,8,0,12,4,13,10.2,503,5.4
Zach Wilson,82096,QB,NYJ,9,279,67.9,84,99,8.9,3.01,2,1,1,52.5,52,53,8.8,116,41.6,5,35,,,,64.7,86.2,40.3,81.2,39.1,90.6,,61.5,2,4,119,22.6,69.5,10.3,12,4,0,11,4,6,5,643,6.5,0,22,80.6,46.6,43.3,65.5,64.6,127,143,10.1,3.11,5,7,4.7,55.9,80,58,2.4,163,58.4,2,43,,,,,68,52.6,82.6,50.8,,,71.1,2,3,170,19,75.1,6.7,11,9,0,9,2,11,6.5,1045,7.3,74.3,152,159,8,2.5,5,4,2.4,67.3,107,0,5.3,168,60.2,6,61,,,,64.7,89,73.8,82.6,71,90.6,,66.4,0,1,173,,101.1,0,0,8,0,2,5,4,2.3,1339,8.4,1,44.1,59,83,13.8,3.93,2,4,4.7,30.1,25,111,3.8,111,39.8,1,17,,,,,58.5,23.2,81.1,23.5,,,68.3,4,6,116,20.7,18.6,20.7,23,5,0,18,1,13,11.2,349,4.2
Deshaun Watson,11767,QB,CLV,6,204,82.9,35,38,6.5,2.96,0,0,0,71.1,27,21,6.9,49,24,2,22,,,,,80.6,75.5,78.1,69.3,,,81.5,1,0,52,33.3,133.7,14.3,7,4,0,2,4,0,0,340,8.9,0,8,60.9,54.7,51,69.6,69.9,113,132,8.3,3.42,4,2,1.5,54.5,72,52,8.9,155,76,7,36,,,,,67.5,45.5,82.5,45,,,63,2,5,166,25,63.4,8.4,13,8,2,11,3,9,5.4,762,5.8,76.3,118,126,7.2,2.65,3,0,0,65.1,82,0,8.9,131,64.2,8,44,,,,,87.1,65,81.7,60.3,,,89,0,3,136,,89.2,0,0,5,2,3,5,5,3.7,893,7.1,1,60,30,44,10.6,4.5,1,2,4.2,38.6,17,73,5.6,73,35.8,1,14,,,,,48.4,36.9,79.8,37.8,,,54,3,2,82,27.4,50.3,27.4,20,7,0,10,2,4,4.9,209,4.8
Joe Flacco,4332,QB,NYJ,5,202,72.5,51,61,6.9,2.31,3,0,0,55.7,34,33,8.1,66,32.7,3,21,,,,,43.6,55.1,79.3,55.2,,,,3,1,71,15.2,68.1,7.6,5,0,0,4,1,2,2.8,307,5,0,22,28.2,53.3,52.8,61.5,71.3,115,130,9,2.72,3,3,2.2,58.5,76,44,7.3,136,67.3,6,36,,,,,27.4,53.3,81.8,53,,,63.3,5,2,141,11.4,78.5,3.7,5,1,0,7,4,5,3.5,744,5.7,78,118,125,7.6,2.29,4,1,0.8,67.2,84,0,8.7,125,61.9,8,44,,,,,86.8,67.9,81.5,67,,,,0,3,130,,83.7,0,0,0,0,3,4,3,2.3,748,6,2,56.3,48,66,10.4,3.06,2,2,2.9,39.4,26,77,3.7,77,38.1,1,13,,,,,19.5,32.3,79.8,32.9,,,63.3,8,0,82,13,59.1,13,10,1,0,8,1,4,4.9,303,4.6
Mitch Trubisky,11757,QB,PIT,7,195,74.4,43,47,10.2,2.53,2,3,6.3,66,31,22,3.1,52,26.7,1,22,,,,,80.8,88,78.2,85,,,63.3,2,0,53,18.2,99,7.7,4,1,0,0,1,0,0,393,8.4,0,25,90.2,76.6,74,73.7,70.3,128,133,9.9,2.78,1,8,5.6,64.7,86,35,4.4,143,73.3,4,44,,,,,88,65.8,82.2,66.1,,,51.3,0,5,154,20,74.7,4.9,7,3,1,3,3,8,5.2,859,6.5,75.6,131,136,9.5,2.42,2,5,3.5,69.9,95,0,4,138,70.8,4,51,,,,,87.6,71.2,82,71,,,51.1,0,5,146,,83.1,0,0,2,1,2,3,7,4.8,1004,7.4,1,57.5,40,44,11.4,3.41,1,6,12.8,50,22,57,4.3,57,29.2,1,15,,,,,81.6,75.4,78.7,73.9,,,63.3,2,0,61,19.3,74.8,19.3,11,2,0,1,1,1,1.6,248,5.6
Brock Purdy,77672,QB,SF,7,188,72.1,61,66,6.4,2.43,2,1,1.4,63.6,42,30,4.5,72,38.3,2,24,,,,,83.2,62.1,79.6,61.7,,,,0,1,77,16.7,92.8,6.9,5,0,0,3,3,1,1.3,457,6.9,0,28,90.2,76.6,74.2,68,81.3,96,104,7.4,2.91,4,2,1.8,69.2,72,31,7.7,116,61.7,6,45,,,,,86.5,80.3,81.4,79.2,,,61.7,2,3,125,19.4,116.5,5.2,6,6,0,2,10,6,4.8,917,8.8,81.5,119,125,7.1,2.38,5,2,1.5,72.8,91,0,6.2,127,67.6,6,53,,,,,87,85.6,81.6,82.6,,,65.6,0,3,133,,116.4,0,0,1,0,1,10,5,3.8,1110,8.9,0,65.8,38,45,6.8,3.44,1,1,2,51.1,23,61,8,61,32.4,2,16,,,,,82.4,50.9,79.2,51.8,,,55.7,2,1,69,18,82.1,18,11,5,0,4,3,2,2.9,264,5.9
Mike White,46453,QB,NYJ,4,186,78.9,38,44,9,2.4,1,3,6.8,63.6,28,16,6.7,45,24.2,2,19,,,,,79.6,72.5,77.6,71.3,,,,2,2,45,6.3,82.2,2.2,1,0,0,3,1,1,2.2,406,9.2,0,22,71.6,61.3,59.6,69.2,66.7,120,131,7.8,2.68,4,5,3.7,57.3,75,35,6.3,141,75.8,5,37,,,,,64.7,53.5,81.9,54.4,58.4,,55.3,3,2,144,22.9,73.5,5.7,8,1,0,4,2,6,4.2,786,6,71.9,128,134,7,2.44,4,3,2.2,64.2,86,0,6.5,135,72.6,6,40,,,,,87.2,66.3,81.8,65.7,58.4,,,0,2,137,,82.6,0,0,0,0,2,2,4,2.9,909,6.8,0,60,30,41,12.4,3.05,1,5,11.9,41.5,17,51,5.6,51,27.4,1,16,,,,,32.5,44.7,78.1,47,,,55.3,5,2,52,17.6,53.2,17.6,9,1,0,5,1,3,5.8,283,6.9
Cooper Rush,12324,QB,DAL,8,172,82.1,56,61,8.2,2.25,1,1,1.5,72.1,44,24,4.3,65,37.8,2,26,,,,,43.6,67.5,79.2,66.7,,,,1,0,70,16.7,111,6.2,4,0,1,2,3,4,5.7,474,7.8,0,9,71.3,56.5,55.9,54.8,61.4,88,101,9.3,2.53,6,2,1.9,49.5,50,31,7.4,107,62.2,4,26,,,,,85.7,47.7,81,49,,,54.2,2,3,112,9.7,61.4,2.8,3,2,0,5,2,4,3.6,577,5.7,71.4,105,114,7.9,2.35,4,2,1.7,61.4,70,0,6.7,117,68,5,34,,,,,86.4,58.7,81.3,59.2,,,54.2,0,1,124,,84.7,0,0,2,1,4,3,5,4,721,6.3,1,64.1,39,48,11.5,2.59,3,1,2,50,24,55,4,55,32,1,18,,,,,36.8,51.4,78.5,51.8,,,,3,2,58,12.7,68.9,12.7,7,0,0,3,2,3,5.2,330,6.9
Sam Darnold,29048,QB,CAR,6,162,68.9,45,51,9.7,2.86,0,6,10.9,60.8,31,25,0,62,38.3,0,21,,,,,41,65.4,79.2,62.5,,,71.2,0,2,67,24,81.2,9.7,6,4,0,6,2,3,4.5,388,7.6,0,5,27.3,63,66.3,45.3,74.3,70,89,8.9,3.35,2,4,4.2,57.3,51,36,1.9,100,61.7,1,40,,,,,85.3,70.3,80.8,67.3,,,74,1,1,106,11.1,99.2,4,4,5,3,13,5,2,1.9,755,8.5,73.8,84,94,8.7,2.57,1,7,7.1,66,62,0,0,101,62.3,0,47,,,,,85.3,80.6,80.8,76,,,81.4,0,2,105,,101.1,0,0,4,3,6,4,2,1.9,874,9.3,3,67.7,31,46,10.5,4.14,1,3,5.8,43.5,20,61,4.8,61,37.7,1,14,,,,,41.6,50.4,79.1,49.1,,,64.6,1,1,68,16.4,75.4,16.4,10,5,0,13,3,3,4.4,269,5.8
Colt McCoy,5609,QB,ARZ,4,154,71.4,35,35,6.7,2.42,0,0,0,65.7,23,9,8,40,26,2,12,,,,,79.5,63.2,77.4,62.9,,,59.7,0,1,43,33.3,67.2,7.5,3,2,0,0,0,1,2.3,187,5.3,0,1,48.1,61.9,66.7,33.2,77.4,93,97,6.3,2.53,1,5,4.9,69.1,67,39,6.9,114,74,5,25,,,,,86.2,67,81.2,67.1,,,56.8,0,2,120,25.6,80,8.8,10,6,0,3,1,1,0.8,593,6.1,78.4,102,103,6,2.12,1,4,3.6,71.8,74,0,7.5,106,68.8,6,30,,,,,85.8,73.8,81,72.5,,,62,0,1,114,,87,0,0,2,0,0,1,1,0.9,638,6.2,1,65.4,26,29,8.2,3.34,0,1,3.3,55.2,16,48,5.9,48,31.2,1,7,,,,,80.3,49.6,77.9,50.7,,,55.2,0,2,49,27.1,39.7,27.1,13,6,0,3,0,1,2,142,4.9
Desmond Ridder,55086,QB,ATL,4,136,70.2,47,51,8.1,2.79,1,1,1.9,64.7,33,25,0,60,44.1,0,21,,,,,81.8,60.7,78.9,60.3,,,60.4,2,0,64,16,80.6,6.7,4,5,0,1,0,1,1.6,301,5.9,0,2,43.5,55.9,60.1,36.2,67.2,61,64,8.7,3.16,0,2,2.9,62.5,40,18,2.4,76,55.9,1,19,,,,,83.4,57.3,79.7,59.9,,,47.2,0,0,80,27.8,91.1,6.6,5,6,0,3,2,1,1.3,407,6.4,65.5,84,87,8.6,2.59,1,1,1.1,63.2,55,0,0,93,68.4,0,28,,,,,84.5,49.7,80.3,51.4,,,51.3,0,0,95,,86.1,1.1,1,4,0,2,2,2,2.1,495,5.7,2,79.2,24,28,7.8,3.88,0,2,6.3,64.3,18,43,5.3,43,31.6,1,12,,,,,80.3,74.5,77.9,76.7,,,55.3,2,0,49,18.6,87.4,18.6,8,7,0,2,0,0,0,213,7.6
Tyler Huntley,46448,QB,BLT,5,134,76.5,34,37,6.4,2.91,1,0,0,70.3,26,19,0,43,32.1,0,9,,,,,80,60.2,77.7,60.3,,,58.6,0,1,47,15.8,71.5,7,3,3,0,2,0,2,4.3,196,5.3,0,3,69.2,58.7,57.8,59,71.4,70,75,8.1,2.95,0,2,2.6,65.3,49,26,2,91,67.9,1,25,,,,,84.5,58.4,80.3,56.9,57.6,,64.1,0,2,94,15.4,80,4.4,4,12,2,3,2,3,3.2,462,6.2,75,80,85,6.7,2.29,1,1,1.1,69.4,59,0,1.7,89,66.4,1,27,,,,,84.3,62.3,80.2,61.2,57.6,,65,0,2,91,,81.5,0,0,4,2,2,2,4,4.4,481,5.7,1,66.7,24,27,10.3,4.22,0,1,3.2,59.3,16,45,0,45,33.6,0,7,,,,,80.4,54.2,78,52.8,,,60.6,0,1,50,15.6,63.3,15.6,7,11,0,3,0,1,2,177,6.6
Jameis Winston,9434,QB,NO,3,129,74.4,43,48,9.6,2.59,2,2,3.8,64.6,31,26,3.1,56,43.4,1,14,,,,,81.5,72,78.6,72.2,,,55.7,0,1,60,26.9,88.6,12.5,7,1,0,3,2,2,3.3,317,6.6,0,20,39.6,65.3,66.9,37.5,69.8,63,67,13.7,2.68,0,5,7,62.7,42,16,4.5,73,56.6,2,21,,,,,46.3,61.8,79.6,60.8,,,64.2,1,4,77,25,73,5.5,4,2,2,1,2,5,6.5,541,8.1,72.3,83,87,11.5,2.35,1,4,4.3,67.8,59,0,1.7,87,67.4,1,28,,,,,84.3,68.6,80.2,67.7,,,,0,4,92,,81.2,0,0,0,2,1,3,5,5.4,631,7.3,1,69.6,23,28,13.7,3.23,1,3,9.7,50,14,42,12.5,42,32.6,2,7,,,,,29.2,62,77.6,62.3,,,58.1,1,1,45,26.2,74.6,26.2,11,3,0,3,1,2,4.4,227,8.1
Sam Ehlinger,60555,QB,IND,4,126,70.4,27,27,8.7,3.09,0,1,3.6,63,17,20,10.5,34,27,2,9,,,,,78.3,56.7,76.7,55.4,,,64.1,0,1,35,25,76,14.7,5,2,0,0,1,2,5.7,159,5.9,0,14,63.5,57.2,56.6,58,71.4,70,74,7.5,3,2,2,2.6,63.5,47,28,6,92,73,3,22,,,,,53.5,59.9,80.4,58,,,65.7,0,2,97,32.1,76.1,9.8,9,9,0,2,2,2,2.1,414,5.6,72.9,70,73,6.8,2.62,2,3,4,65.8,48,0,5.9,78,61.9,3,20,,,,,83.5,67.3,79.7,66.4,,,62.5,0,1,81,,83.8,0,0,5,0,1,2,1,1.2,412,5.6,0,66.7,27,28,10.4,3.69,0,0,0,57.1,16,48,11.1,48,38.1,2,11,,,,,31.2,46.2,78,42.2,,,67.8,0,2,51,29.2,55.8,29.2,14,6,0,1,1,3,5.9,161,5.8
P.J. Walker,12134,QB,CAR,6,119,59,39,41,6.2,2.15,1,4,9.5,53.7,22,14,4.3,51,42.9,1,10,,,,,80.6,53.7,78.1,51.8,,,65.9,0,2,52,42.9,47.8,11.8,6,1,0,1,0,3,5.8,210,5.1,0,5,86.8,64.4,60.3,76.6,70.3,64,65,9.7,2.35,1,5,7.4,63.1,41,8,8.9,68,57.1,4,21,,,,,82.7,66.8,79.3,66.4,,,59.5,0,1,72,0,97,0,0,2,0,0,3,3,4.2,521,8,70,90,91,7,2.05,1,7,7.7,64.8,59,0,6.3,97,81.5,4,28,,,,,84.7,58.3,80.4,57.3,,,66.5,0,3,97,,78.3,0,0,2,0,0,2,5,5.2,624,6.9,1,38.5,13,15,17.8,3.21,1,2,10.5,26.7,4,22,20,22,18.5,1,3,,,,,76.8,69.4,75.8,68.3,,,62.1,0,0,27,27.3,79,27.3,6,1,0,1,1,1,3.7,107,7.1
Skylar Thompson,60417,QB,MIA,7,116,70,10,15,4.3,2.78,1,0,0,46.7,7,13,0,17,14.7,0,4,,,,,74.8,61.4,74.5,58.5,,,63.9,1,0,19,7.7,53.5,5.9,1,1,0,3,0,0,0,38,2.5,0,17,40,58.6,63.3,46.8,69.4,85,90,8.2,3.03,0,2,2.1,58.9,53,50,10.2,99,85.3,6,23,,,,,56.6,64.4,80.9,64.1,60,,60,1,3,108,10,63.9,5.1,5,4,0,4,1,4,3.7,496,5.5,76.9,52,53,7.4,2.37,1,2,3.4,67.9,36,0,10,53,45.7,4,15,,,,,81.3,71.8,78.6,70.9,60,,,0,2,58,,73.3,0,0,0,0,0,1,2,3.4,306,5.8,3,60.5,43,52,8.2,3.51,0,0,0,46.2,24,63,7.7,63,54.3,2,12,,,,,42.6,56,79.2,54.5,,,63.8,2,1,69,9.5,50.8,9.5,6,5,0,7,0,2,2.9,228,4.4
Jarrett Stidham,13725,QB,LV,3,101,68.4,19,21,8.4,2.76,0,1,4.8,57.1,12,11,7.7,25,24.8,1,12,,,,,76.3,72.9,75.5,65.4,,,78.8,1,0,25,9.1,79.3,4,1,3,0,1,0,0,0,149,7.1,0,23,25.3,62.2,62.8,58.9,75.4,57,62,10.9,3.14,1,1,1.5,66.1,41,36,4.7,76,75.2,2,25,,,,,27,61.9,79.8,61,,,62.3,1,3,82,16.7,92.6,7.9,6,8,0,3,4,4,4.9,507,8.2,84,50,50,8.6,2.58,0,1,1.9,80,40,0,4.8,54,53.5,2,26,,,,,81.2,87.1,78.5,84.6,,,66.6,0,2,57,,103.5,0,0,4,0,0,2,1,1.8,482,9.6,2,53.8,26,33,13.5,3.58,1,1,2.8,39.4,13,47,7.1,47,46.5,1,11,,,,,22.8,39.2,78,34.1,,,70.7,2,1,50,14.9,64.5,14.9,7,7,0,4,2,3,6,174,5.3
Bailey Zappe,60396,QB,NE,4,99,80,35,38,8.9,2.89,0,1,2.5,71.1,27,14,3.6,41,41.4,1,18,,,,,79.6,78.1,77.5,76.5,,,,0,1,44,21.4,122,7.3,3,0,0,3,3,1,2.3,414,10.9,0,19,26.1,67.1,74,29.9,80,50,54,6.3,2.69,3,0,0,70.4,38,12,5,58,58.6,2,19,,,,,41,68.1,0,67.6,,,66.4,0,2,65,25,86,5.2,3,1,0,1,2,1,1.5,367,6.8,83.1,71,73,7.7,2.5,2,1,1.3,76.7,56,0,5.1,73,73.7,3,31,,,,,83.3,80.5,79.7,78.7,,,,0,3,79,,110.9,0,0,0,0,0,5,1,1.3,687,9.4,3,64.3,14,19,5.9,3.54,1,0,0,47.4,9,26,0,26,26.3,0,6,,,,,26,55.2,0,55.3,,,66.4,0,0,30,23.1,62.2,23.1,6,1,0,4,0,1,3.3,94,4.9
Brett Rypien,46487,QB,DEN,4,97,79.2,24,24,7,2.42,0,0,0,79.2,19,9,0,27,27.8,0,9,,,,,77,60.4,75.9,62.4,,,55.7,0,0,28,22.2,116.3,7.4,2,1,0,0,1,0,0,206,8.6,0,10,29.3,46.4,46.9,52,61.7,60,64,9.9,2.69,1,2,3.1,53.1,34,23,8.1,70,72.2,3,15,,,,,43.1,41,79.3,42.2,,,,1,4,71,26.1,43.6,8.6,6,0,0,2,1,5,7,277,4.3,71.4,63,64,8.3,2.36,1,2,3.1,65.6,42,0,6.7,65,67,3,19,,,,,41,55,79,56.2,,,55.7,0,2,66,,77.1,0,0,1,0,0,2,4,6.1,352,5.5,0,52.4,21,24,11.6,3.14,0,0,0,45.8,11,32,0,32,33,0,5,,,,,77.7,34.7,76.5,36.4,,,,1,2,33,25,28.3,25,8,0,0,2,0,1,3,131,5.5
Trace McSorley,32819,QB,ARZ,5,91,64.5,31,38,6.7,2.39,1,1,2.6,47.4,18,12,10,41,45.1,2,7,,,,,28.9,29.6,77.3,29.6,,,62.5,0,0,42,8.3,60.3,2.4,1,2,0,6,0,4,9.5,171,4.5,0,1,57.5,36.4,37.1,50.3,67.4,43,45,9.5,2.67,0,2,4.2,60,27,13,6.9,50,54.9,2,12,,,,,80.9,48.7,78.3,50,,,54.9,1,5,54,15.4,34.8,4,2,3,1,0,0,4,7.4,241,5.4,67.7,62,64,7.7,2.23,1,3,4.4,60.9,39,0,7.1,66,72.5,3,15,,,,,82.5,45,79.2,46.5,,,54.6,0,3,70,,57,0,0,2,1,0,0,6,8.6,363,5.7,1,58.3,12,19,11.5,3.37,0,0,0,31.6,6,25,14.3,25,27.5,1,4,,,,,25.2,29.1,75.6,27.8,,,61.7,1,2,26,12,1.3,12,3,3,0,6,0,2,7.7,49,2.6
Teddy Bridgewater,8667,QB,MIA,5,90,50,8,9,13,2.31,0,0,0,44.4,4,5,0,12,13.3,0,4,,,,,72.4,56,72.9,56.2,,,,0,1,12,40,35.2,16.7,2,0,0,1,0,1,8.3,77,8.6,0,17,84.3,70.1,69.8,68.8,73.4,64,70,9.5,3.18,1,0,0,64.3,45,37,4.3,78,86.7,2,30,,,,,83.4,74.6,79.7,72.2,,,68.8,3,3,80,13.5,92.9,6.4,5,3,0,2,4,4,5,606,8.7,72.3,47,47,9.6,2.49,0,0,0,70.2,33,0,2.9,48,53.3,1,22,,,,,80.4,70.8,78,69.7,,,,0,4,50,,73.4,0,0,0,0,0,1,3,6,465,9.9,4,68,25,32,10.3,3.71,1,0,0,50,16,42,5.9,42,46.7,1,12,,,,,79.3,69.1,77.3,66.2,,,68.8,3,0,42,16.7,103.4,16.7,7,3,0,3,3,2,4.8,218,6.8
Kyle Allen,26152,QB,HST,2,84,65,20,21,5.4,2.53,1,0,0,61.9,13,12,0,26,31,0,8,,,,,76.6,42.7,75.8,44.3,,,58.3,0,1,27,33.3,90.6,15.4,4,1,0,0,2,1,3.7,126,6,0,13,23.7,27,29.1,29.3,67.9,53,56,8,2.62,1,1,1.7,57.1,32,14,11.1,58,69,4,11,,,,,38.8,27.9,78.8,28.8,,,57.9,0,3,62,7.1,49,1.7,1,1,0,2,0,6,9.7,290,5.2,75,56,58,6.1,2.35,2,1,1.7,65.5,38,0,9.5,58,69,4,17,,,,,81.4,35.1,78.6,36.7,,,,0,1,59,,84.8,0,0,0,0,0,2,4,6.8,331,5.7,0,41.2,17,19,11.4,3.15,0,0,0,36.8,7,26,0,26,31,0,2,,,,,25.7,27.9,76.1,28.9,,,54.2,0,3,30,19.2,11.8,19.2,5,2,0,2,0,3,10,85,4.5
Gardner Minshew,41401,QB,PHI,4,84,75,16,16,10.3,2.31,0,0,0,75,12,7,0,17,20.2,0,11,,,,,74.2,84.9,74.1,82.7,,,,0,0,17,14.3,127.3,5.9,1,0,0,0,1,0,0,161,10.1,0,24,51.8,56.1,56.5,53.3,60.4,53,60,10.2,2.84,1,0,0,53.3,32,28,0,67,79.8,0,19,,,,,42.6,43.5,79.2,45.8,,,51.1,0,3,70,17.9,71.7,7.5,5,2,1,5,2,5,7.1,502,8.4,62.5,48,49,10,2.35,0,0,0,61.2,30,0,0,49,58.3,0,20,,,,,80.6,52.8,78.1,53.2,,,,0,3,52,,80.4,0,0,0,1,0,2,4,7.7,461,9.4,0,66.7,21,27,10.8,3.27,1,0,0,51.9,14,35,0,35,41.7,0,10,,,,,26.9,60.8,76.7,63.3,,,51.1,0,0,35,17.1,88.8,17.1,6,2,0,5,1,1,2.9,202,7.5
Malik Willis,60341,QB,TEN,6,79,66.7,15,17,11.2,3.4,0,3,16.7,52.9,9,9,10,21,26.6,1,6,,,,,75.6,67.4,75,64.6,,,66.5,0,1,22,22.2,40.8,9.5,2,2,0,2,0,1,4.5,78,4.6,1,31,25.3,51.9,39.8,75.6,67.6,37,44,6.9,3.57,1,0,0,50,22,29,12,58,73.4,3,8,,,,,39.9,36.4,78.8,30,,,74.8,1,2,62,27.6,43.6,13.8,8,6,0,5,0,2,3.2,198,4.5,76.5,34,35,7.7,2.69,1,2,5.4,62.9,22,0,15.4,41,51.9,4,9,,,,,79.6,65.8,77.5,62.5,,,68.4,0,1,44,,64.7,0,0,6,0,0,0,0,0,186,5.3,1,50,18,26,9,4.42,0,1,3.6,34.6,9,38,0,38,48.1,0,5,,,,,28.5,28.8,77.2,27.4,,,76,1,2,40,26.3,13.3,26.3,10,2,0,7,0,3,7.5,90,3.5
Joshua Dobbs,11890,QB,TEN,2,77,63.2,19,22,5.4,2.95,0,0,0,54.5,12,13,0,26,33.8,0,10,,,,,76.6,54.1,75.9,49.2,59.9,,70.6,2,0,27,15.4,88.4,7.7,2,2,0,1,1,0,0,136,6.2,0,31,27.1,62.3,57.7,73.5,76.9,39,46,9.1,3.03,2,2,4.3,60.9,28,24,6.7,51,66.2,2,16,,,,,22.8,64.9,78,62.9,,,64.4,1,2,51,16.7,66.8,7.8,4,1,0,4,1,4,7.8,275,6,80.6,36,38,5.6,2.56,2,0,0,71.1,27,0,6.9,40,51.9,2,17,,,,,79,64.9,77.2,63.4,,,64.1,0,0,40,,97.6,0,0,2,0,0,1,1,2.5,251,6.6,0,59.1,22,30,11.6,3.49,0,2,6.7,43.3,13,37,0,37,48.1,0,9,,,,,20.3,56.5,77.1,52.3,59.9,,74,3,2,38,16.2,43.8,16.2,6,1,0,5,1,3,7.9,160,5.3
John Wolford,46454,QB,LA,2,74,72.7,22,22,6.1,2.88,0,1,4.3,72.7,16,16,0,25,33.8,0,8,,,,,76.3,54.5,75.6,54.8,,,,0,0,26,18.8,108.7,12,3,0,0,0,1,1,3.8,163,7.4,0,26,46.7,40,40,55.4,59.5,37,40,9.9,3.11,2,1,2.4,55,22,17,0,49,66.2,0,12,,,,,30.4,34.3,78,36.3,,,52.5,0,3,50,23.5,40.3,8.2,4,5,0,1,0,3,6,227,5.7,66.7,36,37,8.4,2.91,1,1,2.6,64.9,24,0,0,41,55.4,0,12,,,,,79.5,45.4,77.4,46.2,,,57.1,0,2,43,,62.1,0,0,4,0,0,0,2,4.7,253,6.8,0,60.9,23,25,8.6,3.19,1,1,4,56,14,33,0,33,44.6,0,8,,,,,26.5,37,76.5,39.9,,,55.7,0,1,33,21.2,68.3,21.2,7,1,0,1,1,2,6.1,137,5.5
David Blough,46508,QB,ARZ,2,65,66.7,18,18,8.6,2.61,0,0,0,66.7,12,11,0,21,32.3,0,4,,,,,75.9,58,75.2,59,,,58.3,0,0,23,18.2,102.1,9.5,2,1,0,0,1,0,0,112,6.2,0,1,45.4,50.3,51.9,49.1,73.7,38,40,7.8,2.72,0,0,0,65,26,11,7.1,44,67.7,2,14,,,,,29.9,48.1,77.8,49.7,,,54.6,0,2,47,27.3,74,6.8,3,1,0,2,1,3,6.4,290,7.3,72.1,43,43,7.7,2.28,0,0,0,67.4,29,0,6.5,43,66.2,2,13,,,,,80,51.6,77.7,52.6,,,58.3,0,2,47,,68.3,0,0,0,0,0,1,2,4.3,223,5.2,0,69.2,13,15,9.2,3.48,0,0,0,60,9,22,0,22,33.8,0,5,,,,,24.3,52.2,75.2,54.5,,,54.6,0,0,23,22.7,124,22.7,5,2,0,2,1,1,4.3,179,11.9
Anthony Brown,40316,QB,BLT,2,54,52.9,17,18,7.5,2.36,1,0,0,44.4,8,8,11.1,21,38.9,1,5,,,,,75.6,40.9,75,42.2,,,,0,1,22,37.5,34.3,14.3,3,0,0,0,0,1,4.5,79,4.4,0,3,38.8,36.2,36,60.5,66.7,27,31,10.6,2.52,2,0,0,45.2,14,9,22.2,33,61.1,4,8,,,,,27.2,37.2,76.6,38.8,,,,0,1,34,22.2,56.3,6.1,2,0,2,0,0,2,5.9,223,7.2,65.6,32,37,9.3,1.95,3,0,0,51.4,19,0,9.5,37,68.5,2,11,,,,,78.6,43.8,76.9,45,,,,0,0,37,,76.1,0,0,0,2,0,0,1,2.7,277,7.5,0,50,12,12,9.7,3.56,0,0,0,25,3,17,50,17,31.5,3,2,,,,,23,29.8,74.5,31.5,,,,0,2,19,29.4,0,29.4,5,0,0,0,0,2,10.5,25,2.1
Nick Foles,7089,QB,IND,2,51,63.6,11,12,11.9,2.92,0,0,0,58.3,7,8,0,15,29.4,0,3,,,,,73.5,38.6,73.7,40.1,,,,0,1,15,37.5,42,20,3,0,0,1,0,1,6.7,75,6.3,0,14,80.9,34,35.3,53.6,66.7,30,30,7.1,2.68,0,0,0,60,18,10,10,36,70.6,2,6,,,,,78.7,37.3,77,39.2,,,58.3,0,3,38,50,33.2,13.9,5,1,0,0,0,4,10.5,149,5,71.9,32,32,6.8,2.29,0,0,0,68.8,22,0,4.3,33,64.7,1,9,,,,,78.3,46.3,76.7,47.7,,,58.3,0,2,35,,60.2,0,0,1,0,0,0,3,8.6,206,6.4,0,44.4,9,10,14.3,3.58,0,0,0,30,3,18,25,18,35.3,1,0,,,,,74.5,27.5,74.3,28.5,,,,0,2,18,44.4,0,44.4,8,0,0,1,0,2,11.1,18,1.8
Bryce Perkins,35299,QB,LA,4,47,57.1,7,8,3.9,3.12,1,0,0,50,4,5,0,11,23.4,0,4,,,,,71.9,59.5,72.6,56.7,,,62.6,0,0,11,40,97.4,18.2,2,1,0,0,1,0,0,27,3.4,0,26,82,60,60.4,63.6,69.6,23,26,7.3,3.58,1,1,3.8,57.7,15,18,6.3,36,76.6,1,10,,,,,78.4,65.1,76.8,62.2,,,66.6,1,2,36,22.2,39.6,11.1,4,6,1,0,0,1,2.8,134,5.2,84.2,19,22,5.7,2.86,2,0,0,68.2,15,0,6.3,24,51.1,1,9,,,,,76.1,75.4,75.3,70.6,,,70.8,0,0,24,,96.2,0,0,2,1,0,1,0,0,117,5.3,2,36.4,11,12,7.8,4.11,0,1,8.3,33.3,4,23,0,23,48.9,0,5,,,,,75.9,50.7,75.2,48.2,,,61.8,1,2,23,26.1,5.6,26.1,6,5,0,0,0,1,4.3,44,3.7
Davis Webb,11842,QB,NYG,1,42,77.8,9,9,3.4,2.03,0,0,0,77.8,7,1,0,9,21.4,0,3,,,,,71.4,28.8,72.6,29.4,58.9,,,0,0,10,0,92.1,0,0,0,0,0,0,2,20,55,6.1,0,21,80.2,33.8,33.8,64.6,59.3,27,31,7.6,3.09,2,0,0,51.6,16,18,0,33,78.6,0,8,,,,,77.9,40.7,76.5,42.8,,,54.6,0,0,33,0,71,0,0,2,0,2,1,1,3,113,3.6,76.2,21,21,6.3,2.43,0,0,0,76.2,16,0,0,23,54.8,0,8,,,,,76.1,37.1,75.3,39.4,,,54.6,0,0,24,,105.1,0,0,2,0,0,1,2,8.3,119,5.7,3,46.7,15,19,6.9,3.39,2,0,0,36.8,7,19,0,19,45.2,0,3,,,,,74.8,36.6,74.7,38.2,58.9,,,0,0,19,0,45.3,0,0,0,0,2,0,1,5.3,49,2.6
Trey Lance,91399,QB,SF,2,38,100,4,5,6,2.56,0,0,0,80,4,2,0,5,13.2,0,3,,,,,68,77.9,69.9,76.3,,,,1,0,5,0,106.7,0,0,0,0,0,0,0,0,48,9.6,0,28,34.8,53.1,52.4,56.7,58.3,24,26,8.1,3.24,1,2,7.4,42.3,11,13,21.4,33,86.8,3,5,,,,,78.1,43.4,76.6,46.3,,,50.8,0,1,34,15.4,44.7,6.1,2,4,0,1,0,1,2.9,146,5.6,75,20,21,9.1,2.7,1,2,9.1,61.9,13,0,13.3,23,60.5,2,7,,,,,76.1,64,75.3,65.7,,,56.3,0,1,24,,71.7,0,0,1,0,0,0,1,4.2,191,9.1,0,37.5,8,10,4.8,3.83,0,0,0,20,2,15,33.3,15,39.5,1,1,,,,,73.5,31.9,73.7,32,,,55.3,1,0,15,13.3,39.6,13.3,2,3,0,1,0,0,0,3,0.3
Trevor Siemian,9683,QB,CHI,2,29,33.3,3,3,6.3,3.03,0,0,0,33.3,1,2,0,4,13.8,0,1,,,,,66.9,43.5,69.2,44.8,,,,0,0,4,50,75.7,25,1,0,0,0,0,0,0,33,11,0,6,78,33.9,33.5,56.1,63.6,22,23,7.3,2.57,0,0,0,60.9,14,9,0,25,86.2,0,6,,,,,76.3,32.4,75.5,35.8,,,55.7,0,1,25,11.1,76.5,4,1,1,0,1,1,2,8,151,6.6,61.1,18,18,7.4,2.24,0,0,0,61.1,11,0,0,18,62.1,0,5,,,,,74.5,36.7,74.3,38.5,,,,0,1,18,,75.7,0,0,0,0,0,1,2,11.1,118,6.6,0,57.1,7,8,6.7,3.28,0,0,0,50,4,11,0,11,37.9,0,2,,,,,71.9,34.5,72.6,38.9,,,55.7,0,0,11,18.2,78.1,18.2,2,1,0,1,0,0,0,66,8.3
Nathan Peterman,11926,QB,CHI,3,28,100,3,3,12,2.65,0,1,33.3,100,3,1,0,4,14.3,0,2,,,,,66.9,90.3,69.2,88.1,,,,0,0,4,100,118.8,25,1,0,0,0,0,0,0,38,12.7,1,6,77,66.7,68,54.5,60,20,22,10.3,2.81,0,0,0,50,11,2,8.3,24,85.7,1,7,,,,,76.1,56.2,75.3,58.3,,,54.5,1,1,24,0,59.1,0,0,2,1,0,1,0,0,101,4.6,68.2,22,23,10,2.69,0,1,4.3,60.9,14,0,6.7,25,89.3,1,9,,,,,76.3,71.4,75.5,73.1,,,54.5,0,1,25,,74.4,0,0,2,1,0,1,0,0,139,6,1,0,1,2,23,3.57,0,0,0,0,0,3,,3,10.7,0,0,,,,,65.5,44,68.2,45.4,,,,1,0,3,33.3,39.6,33.3,1,0,0,0,0,0,0,0,0
Nick Mullens,12282,QB,MIN,4,27,100,3,3,3,2.63,0,0,0,100,3,1,0,4,14.8,0,2,,,,,66.9,59.2,69.2,62.5,,,58.3,0,0,4,0,105.6,0,0,1,0,0,0,0,0,28,9.3,0,18,77.3,69,69.9,57.1,85.7,21,22,7.8,2.51,0,1,4.5,81.8,18,6,0,23,85.2,0,9,,,,,75.9,69.5,75.2,69.9,,,58.3,1,1,23,0,100,0,0,1,0,0,1,2,8.7,196,8.9,94.4,18,18,5.3,2.49,0,1,5.6,94.4,17,0,0,20,74.1,0,9,,,,,75.1,79.2,74.7,81.4,,,54.6,0,1,20,,106,0,0,2,0,0,1,1,5,190,10.6,0,66.7,6,7,12.8,2.64,0,0,0,57.1,4,7,0,7,25.9,0,2,,,,,69.6,45.2,71.1,46.4,,,,1,0,7,0,69.9,0,0,0,0,0,0,1,14.3,34,4.9
Sam Howell,97599,QB,WAS,1,25,66.7,3,3,20,2.5,0,1,25,33.3,1,2,50,4,16,1,2,,,,,68,78.6,69.9,82.9,,,56.8,0,0,5,0,81.9,0,0,1,0,0,0,0,0,52,17.3,0,32,77.5,68.5,61.5,75.6,71.4,14,16,7.5,2.92,1,0,0,62.5,10,10,0,21,84,0,7,,,,,75.9,55,75.2,50.7,,,69.8,0,1,23,30,79.2,14.3,3,2,0,1,1,1,4.3,116,7.3,81.8,11,11,11.5,2.3,0,1,7.7,81.8,9,0,0,13,52,0,7,,,,,73.5,90.7,73.7,90.9,,,59.9,0,0,15,,149.1,0,0,2,0,0,1,0,0,151,13.7,0,50,6,8,6.3,3.46,1,0,0,25,2,12,33.3,12,48,1,2,,,,,72.8,29.9,73.2,29,,,63.3,0,1,13,25,0,25,3,1,0,1,0,1,7.7,17,2.1
Jeff Driskel,10841,QB,HST,6,24,80,5,7,5.2,2.64,2,0,0,57.1,4,3,0,9,37.5,0,3,,,,,70.9,64.1,71.9,54.9,,,70.8,0,0,9,0,110.7,0,0,2,0,0,1,0,0,36,5.1,0,13,80.7,68,62,69.9,100,11,13,1.3,2.58,1,0,0,76.9,10,4,9.1,15,62.5,1,4,,,,64.7,73.8,64.3,74.9,66,57.3,,,0,0,15,50,89.3,13.3,2,0,0,1,0,0,0,72,5.5,92.9,14,17,1.1,2.05,3,0,0,70.6,12,0,7.7,17,70.8,1,4,,,,64.7,74.5,67.5,74.8,68.5,57.9,,,0,0,17,,79.5,0,0,0,0,0,0,0,0,76,4.5,0,100,2,3,12,3.96,0,0,0,66.7,2,7,0,7,29.2,0,3,,,,,69.6,58.7,72.1,47.3,58.9,,70.8,0,0,7,28.6,141.7,28.6,2,2,0,1,1,0,0,32,10.7
Jordan Love,40306,QB,GB,4,21,100,2,2,5,1.55,0,0,0,100,2,0,0,2,9.5,0,1,,,,,63.6,73.2,66.9,71.9,,,,0,0,2,,158.3,0,0,0,0,0,1,0,0,67,33.5,0,12,75.7,78.7,77.1,60,83.3,18,19,8.1,2.24,0,1,5.3,63.2,12,4,20,19,90.5,3,8,,,,,74.8,76.1,74.5,74.6,,,,0,0,19,0,82.8,0,0,0,1,0,0,0,0,128,6.7,93.8,16,17,6.1,1.78,0,1,5.9,70.6,12,0,20,17,81,3,7,,,,,74.2,89.5,74.1,86.9,,,,0,0,17,,121.7,0,0,0,1,0,1,0,0,168,9.9,0,50,4,4,14.5,3.85,0,0,0,50,2,4,0,4,19,0,2,,,,,66.9,43.6,69.2,45,,,,0,0,4,0,71.9,0,0,0,0,0,0,0,0,27,6.8
Taysom Hill,12112,TE,NO,12,21,55.6,9,10,13,2.44,0,0,0,50,5,3,0,10,47.6,0,4,,,,28.8,72.3,53.5,78.9,63.1,48,,,0,0,11,0,79.2,0,0,0,0,1,0,0,0,85,8.5,0,20,49.1,75.6,84.7,82.9,88.9,9,9,15.2,2.83,0,3,30,88.9,8,4,0,11,52.4,0,7,,60,60,54.5,74.8,67.4,85,91.2,55.7,60,,0,0,12,50,158.3,18.2,2,0,0,0,2,0,0,155,17.2,78.6,14,14,12.8,2.31,0,2,14.3,78.6,11,0,0,14,66.7,0,9,,60,60,29.7,74.9,57.9,85,85.2,47.7,60,,0,0,14,,158.3,0,0,0,0,0,2,0,0,186,13.3,1,50,4,5,18.8,3.3,0,1,16.7,40,2,7,0,7,33.3,0,2,,,,70.5,72.2,72.7,79,72.1,66.9,,,0,0,9,28.6,80.4,28.6,2,0,0,1,0,0,0,54,10.8
Chris Streveler,46440,QB,NYJ,1,19,40,5,6,10.4,2.47,0,0,0,33.3,2,3,0,6,31.6,0,2,,,,,68.9,26.5,70.6,27.6,,,,1,0,6,0,42.4,0,0,0,0,0,0,1,16.7,11,1.8,0,22,25.2,41,41.9,52,100,9,9,8.4,3.75,0,0,0,88.9,8,3,11.1,13,68.4,1,3,,,,,20.7,50.9,73.5,63.6,,,40.4,0,0,14,0,103.2,0,0,4,0,0,0,1,7.1,79,8.8,80,10,10,10.9,3.19,0,0,0,70,7,0,12.5,13,68.4,1,3,,,,,20.3,41.1,73.2,51.1,,,41.1,0,0,13,,89.6,0,0,3,0,0,0,1,7.7,70,7,0,75,4,5,4.8,3.68,0,0,0,60,3,6,0,6,31.6,0,2,,,,,69.6,35.1,71.1,37.2,,,58.3,1,0,7,0,68.8,0,0,1,0,0,0,1,14.3,20,4
Tyrod Taylor,6332,QB,NYG,2,15,100,1,1,9,1.8,0,0,0,0,0,0,100,1,6.7,1,0,,,,,63.6,86.2,66.9,83.7,,,,0,0,2,,39.6,0,0,0,0,0,0,0,0,0,0,0,21,15.1,58.3,52.6,65.5,85.7,7,7,11.4,3.39,0,0,0,85.7,6,7,0,14,93.3,0,7,,,,,13.6,43.2,73.5,36.1,,,63.6,0,1,14,42.9,101.2,21.4,3,4,0,0,1,3,21.4,58,8.3,87.5,8,8,11.1,2.56,0,0,0,75,6,0,14.3,8,53.3,1,3,,,,,70.3,65.4,71.5,64.9,,,,0,1,8,,94.8,0,0,0,0,0,1,1,12.5,58,7.3,0,,0,0,,4.11,0,0,0,,0,7,,7,46.7,0,4,,,,,10,48.5,71.5,38.7,,,63.6,0,0,8,42.9,0,42.9,3,4,0,0,0,2,25,0,
Chase Daniel,5214,QB,LAC,3,14,75,4,4,9.3,2.13,0,0,0,75,3,1,0,4,28.6,0,2,,,,,66.9,52.9,69.2,53.4,,,,0,0,4,0,121.9,0,0,0,0,0,1,0,0,17,4.3,0,27,73.5,40.7,43,55.7,62.5,8,8,-2.8,2.6,0,0,0,62.5,5,3,0,10,71.4,0,2,,,,,71.9,38.1,72.6,42.6,,,55.7,0,0,11,33.3,72.4,10,1,1,0,0,0,1,9.1,35,4.4,88.9,9,9,-0.7,2.34,0,0,0,88.9,8,0,0,10,71.4,0,4,,,,,71.4,36.8,72.3,41.4,,,55.7,0,0,10,,127.8,0,0,1,0,0,1,1,10,52,5.8,0,0,3,3,7,2.78,0,0,0,0,0,4,,4,28.6,0,0,,,,,68,54,69.9,54.4,,,,0,0,5,25,39.6,25,1,0,0,0,0,0,0,0,0
C.J. Beathard,11859,QB,JAX,2,12,100,1,1,10,2.6,0,0,0,100,1,1,0,1,8.3,0,0,,,,,60.4,55.8,64.6,56.3,,,,0,0,1,0,108.3,0,0,0,0,0,0,0,0,10,10,0,15,74.4,57.6,56.3,61,80,10,10,5.6,2.69,0,0,0,60,6,5,25,11,91.7,2,2,,,,,71.9,57.8,72.6,57.8,,,,0,1,11,20,25,9.1,1,0,0,0,0,0,0,25,2.5,66.7,6,6,8.3,2.3,0,0,0,33.3,2,0,50,6,50,2,2,,,,,68.9,56.1,70.6,56.4,,,,0,1,6,,2.8,0,0,0,0,0,0,0,0,17,2.8,1,100,5,5,3.2,3.07,0,0,0,100,5,6,0,6,50,0,0,,,,,68.9,58.3,70.6,58.3,,,,0,0,6,16.7,81.7,16.7,1,0,0,0,0,0,0,18,3.6
Kyle Trask,39987,QB,TB,1,9,20,5,6,11.8,2,0,0,0,16.7,1,1,0,6,66.7,0,0,,,,,68.9,41.6,70.6,43.1,,,,0,0,6,0,39.6,0,0,0,0,1,0,0,0,8,1.3,0,30,70.9,43.1,44.3,,66.7,3,3,13.3,3.13,0,0,0,66.7,2,0,0,3,33.3,0,1,,,,,65.5,55.1,68.2,55.5,,,,0,0,3,,78.5,0,0,0,0,0,0,0,0,15,5,42.9,7,8,13.3,2.48,0,0,0,37.5,3,0,0,8,88.9,0,1,,,,,70.3,41.5,71.5,42.9,,,,0,0,8,,45.8,0,0,0,0,1,0,0,0,23,2.9,0,0,1,1,6,1.6,0,0,0,0,0,1,,1,11.1,0,0,,,,,60.4,60.6,64.6,60.5,,,,0,0,1,0,39.6,0,0,0,0,0,0,0,0,0,0
Blaine Gabbert,6162,QB,TB,1,8,50,4,4,4.8,1.65,0,0,0,50,2,1,0,4,50,0,0,,,,,66.9,52.7,69.2,53.2,,,,0,0,4,0,59.4,0,0,0,0,0,0,0,0,15,3.8,0,30,70.3,63.8,63.1,,100,4,4,0.8,1.7,0,0,0,100,4,0,0,4,50,0,2,,,,,66.9,72.8,69.2,71.6,,,,0,0,4,,120.8,0,0,0,0,0,1,0,0,14,3.5,85.7,7,7,2.3,1.7,0,0,0,85.7,6,0,0,7,87.5,0,2,,,,,69.6,63.4,71.1,63,,,,0,0,7,,123.5,0,0,0,0,0,1,0,0,29,4.1,0,0,1,1,6,1.5,0,0,0,0,0,1,,1,12.5,0,0,,,,,60.4,60.6,64.6,60.5,,,,0,0,1,0,39.6,0,0,0,0,0,0,0,0,0,0
Tim Boyle,21956,QB,CHI,1,8,100,1,1,2,2.3,0,0,0,100,1,0,0,1,12.5,0,1,,,,,63.6,59.4,66.9,59.4,,,,0,0,2,,118.8,0,0,0,0,0,0,0,0,16,16,0,6,72.3,35.2,35.4,60,14.3,7,7,13.7,2.6,0,0,0,14.3,1,1,0,7,87.5,0,1,,,,,69.6,29.9,71.1,32.1,,,,0,2,7,0,0,0,0,0,0,0,0,1,14.3,17,2.4,28.6,7,7,9.4,2.5,0,0,0,28.6,2,0,0,7,87.5,0,2,,,,,70.3,31,71.5,33.4,,,,0,1,8,,7.1,0,0,0,0,0,0,1,12.5,33,4.7,0,0,1,1,32,3,0,0,0,0,0,1,,1,12.5,0,0,,,,,60.4,59.2,64.6,59.3,,,,0,1,1,0,0,0,0,0,0,0,0,0,0,0,0
Case Keenum,7323,QB,BUF,2,7,33.3,6,6,6.8,1.73,0,0,0,33.3,2,0,0,6,85.7,0,0,,,,,68.9,27.6,70.6,28.6,,,,0,0,6,,42.4,0,0,0,0,0,0,1,16.7,8,1.3,0,4,73.2,28.5,27.3,58.1,0,1,1,17,2.7,0,0,0,0,0,0,,1,14.3,0,0,,,,,60.4,44.8,64.6,46.4,,,,0,0,1,,39.6,0,0,0,0,0,0,0,0,0,0,28.6,7,7,8.3,1.87,0,0,0,28.6,2,0,0,7,100,0,0,,,,,69.6,26.1,71.1,27.3,,,,0,0,7,,39.6,0,0,0,0,0,0,1,14.3,8,1.1,0,,0,0,,,0,0,,,0,0,,0,0,0,0,,,,,,,,,,,,0,0,0,,0,,0,0,0,0,0,0,,0,
Brian Hoyer,5277,QB,NE,1,7,83.3,6,6,4.2,1.92,0,0,0,83.3,5,2,0,6,85.7,0,2,,,,,68.9,65.1,70.6,64.6,,,,0,0,6,0,92.4,0,0,0,0,0,0,0,0,37,6.2,0,19,69.6,63.7,62.9,,,0,0,,2.3,0,0,,,0,1,,1,14.3,0,0,,,,,60.4,60,64.6,60,,,,0,0,1,100,0,100,1,0,0,0,0,0,0,0,,100,4,4,-1.5,1.53,0,0,0,100,4,0,0,4,57.1,0,1,,,,,66.9,64.4,69.2,64,,,,0,0,4,,79.2,0,0,0,0,0,0,0,0,10,2.5,0,50,2,2,15.5,2.57,0,0,0,50,1,3,0,3,42.9,0,1,,,,,65.5,60.2,68.2,60.1,,,,0,0,3,33.3,95.8,33.3,1,0,0,0,0,0,0,27,13.5
Jacob Eason,46444,QB,CAR,1,5,100,1,1,5,1.6,0,0,0,100,1,0,0,1,20,0,0,,,,,60.4,60.3,64.6,60.1,,,,0,0,1,,87.5,0,0,0,0,0,0,0,0,5,5,0,5,68,29.2,29.9,,75,4,4,5,2.38,0,0,0,50,2,1,33.3,4,80,1,2,,,,,66.9,27.7,69.2,28.8,,,,0,1,4,0,56.3,0,0,0,0,0,0,1,25,54,13.5,75,4,4,5.5,2.15,0,0,0,50,2,0,33.3,4,80,1,1,,,,,66.9,27.6,69.2,28.7,,,,0,1,4,,56.3,0,0,0,0,0,0,1,25,54,13.5,0,100,1,1,3,2.5,0,0,0,100,1,1,0,1,20,0,1,,,,,60.4,60.5,64.6,60.4,,,,0,0,1,0,87.5,0,0,0,0,0,0,0,0,5,5
Brandon Allen,10835,QB,CIN,1,4,100,2,2,4,2.67,0,0,0,100,2,1,0,3,75,0,1,,,,,65.5,70.9,68.2,69.8,,,,0,0,3,100,104.2,33.3,1,0,0,0,0,0,0,18,9,0,7,70.5,74.9,70.1,65.7,100,1,1,3,2.4,0,0,0,100,1,0,0,1,25,0,0,,,,,60.4,60.2,64.6,60,,,,0,0,1,,83.3,0,0,0,0,0,0,0,0,4,4,100,3,3,3.7,1.73,0,0,0,100,3,0,0,3,75,0,1,,,,,65.5,74.1,68.2,72.8,,,,0,0,3,,97.2,0,0,0,0,0,0,0,0,22,7.3,0,,0,0,,5.2,0,0,,,0,1,,1,25,0,0,,,,,60.4,60,64.6,60,,,,0,0,1,100,0,100,1,0,0,0,0,0,0,0,
Justin Jefferson,61398,WR,MIN,3,3,100,1,1,-5,3.3,0,0,0,100,1,0,0,1,33.3,0,1,,,,79.9,77.5,90.2,84.1,60.3,89.2,,,0,0,1,,118.8,0,0,0,0,0,0,0,0,23,23,1,18,85.6,90.4,61.3,65.2,100,1,1,8,5.25,0,0,0,100,1,1,0,2,66.7,0,1,,,,74,83.3,88.3,68,60.5,86.8,,65.9,0,0,2,0,112.5,0,0,1,0,0,0,0,0,11,11,100,2,2,1.5,3.1,0,0,0,100,2,0,0,2,66.7,0,2,,,,78.9,83.3,83.9,66.1,61.3,82.7,,,0,0,2,,118.8,0,0,0,0,0,0,0,0,34,17,4,,0,0,,7.6,0,0,,,0,1,,1,33.3,0,0,,,,70.9,77.5,92,84.7,,91.5,,65.9,0,0,1,0,0,0,0,1,0,0,0,0,0,0,
Ryan Wright,77591,P,MIN,2,2,,0,0,,,0,0,,,0,0,,0,0,0,0,,,,,,,,,,,,0,0,0,,0,,0,0,0,0,0,0,,0,,0,18,63.6,60.8,60.4,,50,2,2,10.5,2.05,0,0,0,50,1,0,0,2,100,0,1,,,,,63.6,60.8,67.4,60.4,,,,0,0,2,,70.8,0,0,0,0,0,0,0,0,13,6.5,50,2,2,10.5,2.05,0,0,0,50,1,0,0,2,100,0,1,,,,,63.6,60.8,67.4,60.4,,,,0,0,2,,70.8,0,0,0,0,0,0,0,0,13,6.5,0,,0,0,,,0,0,,,0,0,,0,0,0,0,,,,,,,,,,,,0,0,0,,0,,0,0,0,0,0,0,,0,
Braden Mann,44664,P,NYJ,2,2,,0,0,,,0,0,,,0,0,,0,0,0,0,,,,,,,,,,,,0,0,0,,0,,0,0,0,0,0,0,,0,,0,22,13.6,54,56,,100,1,2,6,3,0,0,0,50,1,1,0,2,100,0,1,,,,,13.6,53.3,66.5,56,,,,0,0,2,0,79.2,0,0,0,0,1,0,1,50,17,8.5,100,1,1,6,2.1,0,0,0,100,1,0,0,1,50,0,1,,,,,60.4,70.7,65.7,67.2,,,,0,0,1,,118.8,0,0,0,0,0,0,0,0,17,17,0,,0,1,,3.9,0,0,0,0,0,1,,1,50,0,0,,,,,26.7,60,60.5,60,,,,0,0,1,0,39.6,0,0,0,0,1,0,1,100,0,0
Tyler Boyd,10689,WR,CIN,2,2,,0,0,,,0,0,,,0,0,,0,0,0,0,,,,81.1,73,72.6,83.2,,71.7,,,0,0,0,,0,,0,0,0,0,0,0,,0,,0,7,80.7,71.1,71.4,,100,1,1,21,3.45,0,0,0,100,1,1,0,2,100,0,1,,,,84.3,78.9,69.2,86.4,71.4,68.3,,,0,0,2,100,118.8,50,1,0,0,0,0,0,0,23,23,100,1,1,21,3.2,0,0,0,100,1,0,0,1,50,0,1,,,,85,79,67.7,86.7,74.8,67.1,,,0,0,1,,118.8,0,0,0,0,0,0,0,0,23,23,0,,0,0,,3.7,0,0,,,0,1,,1,50,0,0,,,,80,72.7,76.4,82.6,60,74.7,,,0,0,1,100,0,100,1,0,0,0,0,0,0,0,
Josh Johnson,4474,QB,SF,1,2,100,1,2,6,1.45,1,0,0,50,1,0,0,2,100,0,1,,,,,63.6,56.3,66.9,56.7,,,,0,0,2,,64.6,0,0,0,0,0,0,0,0,10,5,0,28,67.8,53.6,56.7,56.3,,0,0,,,0,0,,,0,0,,0,0,0,0,,,,,,,,,,,,0,0,0,,0,,0,0,0,0,0,0,,0,,100,1,2,6,1.45,1,0,0,50,1,0,0,2,100,0,1,,,,,63.6,56.3,66.9,56.7,,,,0,0,2,,64.6,0,0,0,0,0,0,0,0,10,5,0,,0,0,,,0,0,,,0,0,,0,0,0,0,,,,,,,,,,,,0,0,0,,0,,0,0,0,0,0,0,,0,
Chad Henne,4371,QB,KC,1,2,,0,0,,,0,0,,,0,0,,0,0,0,0,,,,,,,,,,,,0,0,0,,0,,0,0,0,0,0,0,,0,,0,16,71,67.2,58.7,61.3,100,1,2,0,1.8,1,0,0,0,0,0,100,2,100,1,0,,,,,63.6,58.6,66.9,58.7,,,,0,0,2,,39.6,0,0,0,0,0,0,0,0,0,0,100,1,2,0,1.8,1,0,0,0,0,0,100,2,100,1,0,,,,,63.6,58.6,66.9,58.7,,,,0,0,2,,39.6,0,0,0,0,0,0,0,0,0,0,0,,0,0,,,0,0,,,0,0,,0,0,0,0,,,,,,,,,,,,0,0,0,,0,,0,0,0,0,0,0,,0,
Riley Dixon,10862,P,LA,2,2,,0,0,,,0,0,,,0,0,,0,0,0,0,,,,,,,,,,,,0,0,0,,0,,0,0,0,0,0,0,,0,,0,26,63.6,70.5,67.6,,100,2,2,4.5,2.05,0,0,0,100,2,0,0,2,100,0,2,,,,,63.6,70.5,67.4,67.6,,,,0,0,2,,104.2,0,0,0,0,0,0,0,0,18,9,100,2,2,4.5,2.05,0,0,0,100,2,0,0,2,100,0,2,,,,,63.6,70.5,67.4,67.6,,,,0,0,2,,104.2,0,0,0,0,0,0,0,0,18,9,0,,0,0,,,0,0,,,0,0,,0,0,0,0,,,,,,,,,,,,0,0,0,,0,,0,0,0,0,0,0,,0,
Derrick Henry,10679,HB,TEN,2,2,100,2,2,3.5,1.35,0,0,0,100,2,0,0,2,100,0,1,,,,45.7,22.1,57,78.4,66.1,46.4,,,0,0,3,,118.8,0,0,0,0,0,1,0,0,4,2,0,31,46.9,85.9,66.1,86.7,,0,0,,,0,0,,,0,0,,0,0,0,0,,,,62.3,25.6,58.6,81.7,,51.4,,,0,0,0,,0,,0,0,0,0,0,0,,0,,100,2,2,3.5,1.35,0,0,0,100,2,0,0,2,100,0,1,,,,78.4,21.2,65.6,80.6,71.6,61.3,,,0,0,2,,118.8,0,0,0,0,0,1,0,0,4,2,1,,0,0,,,0,0,0,,0,0,,0,0,0,0,,,,27,68,44,79.9,54.9,29.6,,,0,0,1,,0,,0,0,0,0,0,0,0,0,
DeeJay Dallas,55632,HB,SEA,1,1,,0,0,,,0,0,,,0,0,,0,0,0,0,,,,72.1,67,62.2,75.3,,69.2,,,0,0,0,,0,,0,0,0,0,0,0,,0,,0,29,88.7,66.7,22.2,73.4,0,1,1,14,3,0,0,0,0,0,0,,1,100,0,0,,60,60,80,72.7,58.2,84.9,22.2,67.8,60,,0,1,1,,0,0,0,0,0,0,0,1,100,0,0,0,1,1,14,3,0,0,0,0,0,0,,1,100,0,0,,60,60,78.7,72,56.2,82.8,22.2,67.9,60,,0,1,1,,0,0,0,0,0,0,0,1,100,0,0,0,,0,0,,,0,0,,,0,0,,0,0,0,0,,,,74.6,68.8,64.3,80.3,,68,,,0,0,0,,0,,0,0,0,0,0,0,,0,
Najee Harris,57121,HB,PIT,1,1,,0,0,,,0,0,,,0,0,,0,0,0,0,,,,56.7,70.6,60.7,81.8,,70.8,,,0,0,0,,0,,0,0,0,0,0,0,,0,,0,25,76,73.5,60,75.2,100,1,1,-5,0.6,0,0,0,100,1,0,0,1,100,0,0,,,,60.4,77.1,62.1,87.2,60,57.2,,,0,0,1,,83.3,0,0,0,0,0,0,0,0,4,4,100,1,1,-5,0.6,0,0,0,100,1,0,0,1,100,0,0,,,,50.6,77,62.8,86.5,60,57.2,,,0,0,1,,83.3,0,0,0,0,0,0,0,0,4,4,1,,0,0,,,0,0,,,0,0,,0,0,0,0,,,,78,71.1,59.6,83.5,,69.8,,,0,0,0,,0,,0,0,0,0,0,0,,0,
Leonard Fournette,11759,HB,TB,1,1,,0,0,,,0,0,,,0,0,,0,0,0,0,,,,65.6,73,57,82.4,,67.4,,,0,0,0,,0,,0,0,0,0,0,0,,0,,0,30,90.9,68,34.2,68.7,0,1,1,15,2.2,0,0,0,0,0,1,,1,100,0,0,,,,76.2,80.4,64.9,87.4,34.2,78.5,,,0,1,1,0,0,0,0,0,0,0,0,1,100,0,0,,0,0,,,0,0,,,0,0,,0,0,0,0,,,,70.2,80.4,66.5,87.7,,78.5,,,0,0,0,,0,,0,0,0,0,0,0,,0,,1,0,1,1,15,2.2,0,0,0,0,0,1,,1,100,0,0,,,,80.6,73,52.2,81.7,34.2,67.2,,,0,1,1,0,0,0,0,0,0,0,0,1,100,0,0
Mack Hollins,11873,WR,LV,1,1,,0,0,,,0,0,,,0,0,,0,0,0,0,,,,66.7,73.3,59.3,83.2,,58.2,,,0,0,0,,0,,0,0,0,0,0,0,,0,,0,23,80.7,63.8,60,77.3,100,1,1,-6,3.4,0,0,0,100,1,0,0,1,100,0,0,60,60,62.6,66.2,78.3,62.6,46.2,60,62.7,,,0,0,1,,83.3,0,0,0,0,0,0,0,0,4,4,100,1,1,-6,3.4,0,0,0,100,1,0,0,1,100,0,0,60,60,62.6,76.3,78.8,62.9,63.3,60,62.3,,,0,0,1,,83.3,0,0,0,0,0,0,0,0,4,4,7,,0,0,,,0,0,,,0,0,,0,0,0,0,,,,45.7,71.9,59.1,49.5,,59.2,,,0,0,0,,0,,0,0,0,0,0,0,,0,
Kadarius Toney,61245,WR,KC,1,1,,0,0,,,0,0,,,0,0,,0,0,0,0,,,,73.4,68,63.8,73,,63.2,,,0,0,0,,0,,0,0,0,0,0,0,,0,,0,16,35.1,75.4,,80.4,,0,0,,7.6,0,0,,,0,1,,1,100,0,0,,,,47.7,72.7,73.6,78.8,,75.6,,58.3,0,0,1,0,0,0,0,1,0,0,0,0,0,0,,,0,0,,,0,0,,,0,0,,0,0,0,0,,,,55.6,73.9,80.5,77.3,,81.4,,,0,0,0,,0,,0,0,0,0,0,0,,0,,1,,0,0,,7.6,0,0,,,0,1,,1,100,0,0,,,,,60.4,52.1,76.3,,53.3,,58.3,0,0,1,0,0,0,0,1,0,0,0,0,0,0,
Jamie Gillan,63303,P,NYG,1,1,,0,0,,,0,0,,,0,0,,0,0,0,0,,,,,,,,,,,,0,0,0,,0,,0,0,0,0,0,0,,0,,0,21,14.3,25.6,60,60,,0,0,,5,0,0,,,0,1,,1,100,0,0,,,,,60.4,60,60.5,60,,,,0,0,1,100,0,100,1,0,0,0,0,0,0,0,,,0,0,,,0,0,,,0,0,,0,0,0,0,,,,,,,,,,,,0,0,0,,0,,0,0,0,0,0,0,,0,,1,,0,0,,5,0,0,,,0,1,,1,100,0,0,,,,,60.4,60,60.5,60,,,,0,0,1,100,0,100,1,0,0,0,0,0,0,0,
Andy Lee,1906,P,ARZ,1,1,,0,0,,,0,0,,,0,0,,0,0,0,0,,,,,,,,,,,,0,0,0,,0,,0,0,0,0,0,0,,0,,0,1,60.4,59.5,60.3,,100,1,1,0,2,0,0,0,100,1,0,0,1,100,0,1,,,,,60.4,60.8,65.7,60.3,,,,0,0,1,,83.3,0,0,0,0,0,0,0,0,4,4,100,1,1,0,2,0,0,0,100,1,0,0,1,100,0,1,,,,,60.4,60.8,65.7,60.3,,,,0,0,1,,83.3,0,0,0,0,0,0,0,0,4,4,0,,0,0,,,0,0,,,0,0,,0,0,0,0,,,,,,,,,,,,0,0,0,,0,,0,0,0,0,0,0,,0,
Daniel Bellinger,84041,TE,NYG,1,1,,0,0,,5.9,0,0,,,0,1,,1,100,0,1,,,,63.2,72.7,67.3,81.2,,64.9,,64,0,0,1,0,0,0,0,1,0,0,0,0,0,0,,0,21,27.9,61.3,,64,,0,0,,,0,0,,,0,0,,0,0,0,0,,,,83.2,23.9,54.4,83.3,,54.9,,,0,0,0,,0,,0,0,0,0,0,0,,0,,,0,0,,,0,0,,,0,0,,0,0,0,0,,,,70.5,24.3,53.2,83.3,,52.1,,,0,0,0,,0,,0,0,0,0,0,0,,0,,2,,0,0,,5.9,0,0,,,0,1,,1,100,0,1,,,,79.4,72.3,68.5,81.2,,69.3,,64,0,0,1,0,0,0,0,1,0,0,0,0,0,0,
Ja'Marr Chase,84270,WR,CIN,1,1,,0,0,,,0,0,,,0,0,,0,0,0,0,,,,52.7,25.9,79.1,82.2,,77.6,,,0,0,0,,0,,0,0,0,0,0,0,,0,,0,7,29.8,83.3,60,47.9,,0,0,,4.3,0,0,,,0,1,,1,100,0,0,,,,78.4,45.3,83.1,41,60,82.6,,,0,0,1,100,0,100,1,0,0,0,0,0,0,0,,,0,0,,,0,0,,,0,0,,0,0,0,0,,,,67,28,87.1,39,,86.1,,,0,0,0,,0,,0,0,0,0,0,0,,0,,3,,0,0,,4.3,0,0,,,0,1,,1,100,0,0,,,,78.7,72,69.2,82.5,60,68.5,,,0,0,1,100,0,100,1,0,0,0,0,0,0,0,
Cooper Kupp,11824,WR,LA,1,1,,0,0,,,0,0,,,0,0,,0,0,0,0,,,,83.2,74.1,86.4,80.3,,85.6,,,0,0,0,,0,,0,0,0,0,0,0,,0,,0,26,53.5,86.3,57.4,58.1,0,1,1,25,3.3,0,0,0,0,0,1,,1,100,0,0,,,,88.2,40.5,82.4,84.6,57.4,83.2,,,0,0,1,0,39.6,0,0,0,0,0,0,0,0,0,0,,0,0,,,0,0,,,0,0,,0,0,0,0,,,,90.7,80.2,86.7,84.4,,87.6,,,0,0,0,,0,,0,0,0,0,0,0,,0,,0,0,1,1,25,3.3,0,0,0,0,0,1,,1,100,0,0,,,,66.7,23.1,77.8,80.7,57.4,77,,,0,0,1,0,39.6,0,0,0,0,0,0,0,0,0,0
Garrett Wilson,97405,WR,NYJ,1,1,,0,0,,,0,0,,,0,0,,0,0,0,0,,,,82.2,78,91.2,41.8,,91.1,,,0,0,0,,0,,0,0,0,0,0,0,,0,,1,22,28.2,82.7,60,31.2,,0,1,,4.6,0,0,0,0,0,0,,1,100,0,0,,,,84.3,32.8,74.8,86.5,60,73.7,,,0,0,1,,39.6,0,0,0,0,1,0,0,0,0,0,,0,1,,4.6,0,0,0,0,0,0,,1,100,0,0,,,,85.3,46.3,83.1,86.1,60,82,,,0,0,1,,39.6,0,0,0,0,1,0,0,0,0,0,5,,0,0,,,0,0,,,0,0,,0,0,0,0,,,,82.7,73.9,83.1,45.1,,82.4,,,0,0,0,,0,,0,0,0,0,0,0,,0,
Tyreek Hill,10799,WR,MIA,1,1,,0,0,,,0,0,,,0,0,,0,0,0,0,,,,77.5,27.5,91.3,82,,90.3,,,0,0,0,,0,,0,0,0,0,0,0,,0,,1,17,65.5,92.1,,69.5,,0,0,,7.3,0,0,,,0,0,,1,100,0,0,,,,88.3,83.1,91.4,43.5,,91.3,,58.3,0,0,1,,0,0,0,1,0,0,0,0,0,0,,,0,0,,7.3,0,0,,,0,0,,1,100,0,0,,,,90.1,58.5,92,61.2,,91.7,,58.3,0,0,1,,0,0,0,1,0,0,0,0,0,0,,5,,0,0,,,0,0,,,0,0,,0,0,0,0,,,,72.1,74.9,89.2,38.6,,87.4,,,0,0,0,,0,,0,0,0,0,0,0,,0,
Dalvin Cook,11796,HB,MIN,1,1,,0,0,,2.8,0,0,,,0,1,,1,100,0,0,,,,77.3,19.7,48.8,83.4,60,67.1,,,0,0,1,100,0,100,1,0,0,0,0,1,100,0,,0,18,54.2,67.3,60,71.6,,0,0,,,0,0,,,0,0,,0,0,0,0,,,,43,77,61.5,90.6,,59,,,0,0,0,,0,,0,0,0,0,0,0,,0,,,0,0,,,0,0,,,0,0,,0,0,0,0,,,,58.7,76.6,67.3,89,,67.5,,,0,0,0,,0,,0,0,0,0,0,0,,0,,1,,0,0,,2.8,0,0,,,0,1,,1,100,0,0,,,,43.5,20.8,41.6,87,60,50.1,,,0,0,1,100,0,100,1,0,0,0,0,1,100,0,
Christian McCaffrey,11763,HB,SF,1,1,,0,0,,,0,0,,,0,0,,0,0,0,0,,,,86.9,76.1,74,84.6,,89.9,,,0,0,0,,0,,0,0,0,0,0,0,,0,,0,28,86.8,88.9,87.1,77.6,100,1,1,30,3.5,0,1,100,100,1,0,0,1,100,0,1,,,,75.7,80.3,81.9,88.8,87.1,91.3,,,0,0,1,,158.3,0,0,0,0,0,1,0,0,34,34,100,1,1,30,3.5,0,1,100,100,1,0,0,1,100,0,1,,,,90.3,81.2,85.5,89,87.1,92.9,,,0,0,1,,158.3,0,0,0,0,0,1,0,0,34,34,0,,0,0,,,0,0,,,0,0,,0,0,0,0,,,,55.6,73.9,66.5,84.2,,74.7,,,0,0,0,,0,,0,0,0,0,0,0,,0,
Lawrence Cager,34914,TE,NYG,1,1,,0,0,,5.3,0,0,,,0,1,,1,100,0,0,,,,52.1,70.1,68,76.4,60,70.1,,,0,0,1,100,0,100,1,0,0,0,0,0,0,0,,0,21,73.4,60.3,60,,,0,0,,,0,0,,,0,0,,0,0,0,0,,,,74.6,68.8,56.2,12.5,,57.3,,,0,0,0,,0,,0,0,0,0,0,0,,0,,,0,0,,,0,0,,,0,0,,0,0,0,0,,,,61.8,71.9,65.8,80.5,,65.1,,,0,0,0,,0,,0,0,0,0,0,0,,0,,2,,0,0,,5.3,0,0,,,0,1,,1,100,0,0,,,,64.7,63.8,51.2,0,60,55.6,,,0,0,1,100,0,100,1,0,0,0,0,0,0,0,
Jack Fox,34735,P,DET,1,1,,0,0,,,0,0,,,0,0,,0,0,0,0,,,,,,,,,,,,0,0,0,,0,,0,0,0,0,0,0,,0,,0,11,60.4,69.1,67.2,,100,1,1,6,2,0,0,0,100,1,0,0,1,100,0,1,,,,,60.4,70.7,65.7,67.2,,,,0,0,1,,91.7,0,0,0,0,0,0,0,0,6,6,100,1,1,6,2,0,0,0,100,1,0,0,1,100,0,1,,,,,60.4,70.7,65.7,67.2,,,,0,0,1,,91.7,0,0,0,0,0,0,0,0,6,6,0,,0,0,,,0,0,,,0,0,,0,0,0,0,,,,,,,,,,,,0,0,0,,0,,0,0,0,0,0,0,,0,
Chase Claypool,42312,WR,CHI,1,1,100,1,1,5,2.2,0,0,0,100,1,1,0,1,100,0,1,,,,54.5,19.1,51.5,80.2,68.9,51.1,,,0,0,1,0,118.8,0,0,0,0,0,1,0,0,1,1,1,6,41.9,61.8,68.9,62,,0,0,,,0,0,,,0,0,,0,0,0,0,,,,81.5,77.7,66.7,56.8,,66.7,,,0,0,0,,0,,0,0,0,0,0,0,,0,,,0,0,,,0,0,,,0,0,,0,0,0,0,,,,81.8,29.3,62.1,54.4,,62.8,,,0,0,0,,0,,0,0,0,0,0,0,,0,,2,100,1,1,5,2.2,0,0,0,100,1,1,0,1,100,0,1,,,,52.5,70.1,63.1,79.8,68.9,61.2,,,0,0,1,0,118.8,0,0,0,0,0,1,0,0,1,1
Josh Jacobs,45953,HB,LV,1,1,,0,0,,,0,0,,,0,0,,0,0,0,0,,,,49.2,68.8,57.1,78.8,,62.2,,,0,0,0,,0,,0,0,0,0,0,0,,0,,0,23,73.8,91.6,,91.9,,0,0,,4.6,0,0,,,0,1,,1,100,0,0,,,,80,38.7,63.2,84.2,,64.6,,58.3,0,0,1,0,0,0,0,1,0,0,0,0,0,0,,,0,0,,,0,0,,,0,0,,0,0,0,0,,,,77.3,33.8,67.3,83.6,,69.8,,,0,0,0,,0,,0,0,0,0,0,0,,0,,0,,0,0,,4.6,0,0,,,0,1,,1,100,0,0,,,,61.8,72.3,50.9,80.2,,52.6,,58.3,0,0,1,0,0,0,0,1,0,0,0,0,0,0,
DeAndre Carter,9859,WR,LAC,1,1,,0,0,,0,0,0,,,0,0,,1,100,0,0,,,,79.4,21.4,60.2,81.4,60,60.3,,,0,0,1,,0,0,0,0,0,0,0,0,0,0,,0,27,51.4,61.6,60,56.7,,0,0,,,0,0,,,0,0,,0,0,0,0,,,,70.3,77.1,63.5,85,,65,,,0,0,0,,0,,0,0,0,0,0,0,,0,,,0,0,,0,0,0,,,0,0,,1,100,0,0,,,,70.9,28.6,61.2,84.6,60,62.9,,,0,0,1,,0,0,0,0,0,0,0,0,0,0,,0,,0,0,,,0,0,,,0,0,,0,0,0,0,,,,78.7,71.5,64.7,82.3,,64.3,,,0,0,0,,0,,0,0,0,0,0,0,,0,
Tommy Townsend,33007,P,KC,1,1,,0,0,,,0,0,,,0,0,,0,0,0,0,,,,,,,,,,,,0,0,0,,0,,0,0,0,0,0,0,,0,,0,16,64.5,26.7,56.7,60,0,1,1,1,3.4,0,0,0,0,0,0,,1,100,0,0,,,,,60.4,50.1,60.5,56.7,,,,0,0,1,,39.6,0,0,0,0,0,0,0,0,0,0,0,1,1,1,3.4,0,0,0,0,0,0,,1,100,0,0,,,,,60.4,50.1,60.5,56.7,,,,0,0,1,,39.6,0,0,0,0,0,0,0,0,0,0,0,,0,0,,,0,0,,,0,0,,0,0,0,0,,,,,,,,,,,,0,0,0,,0,,0,0,0,0,0,0,,0,
Phillip Dorsett,9462,WR,HST,1,1,,0,1,,5.3,0,0,0,0,0,1,,1,100,0,0,,,,75.6,70.1,61.4,80.1,60,63,,,0,0,1,0,39.6,0,0,0,0,1,0,0,0,0,0,2,13,74.9,55.7,60,,,0,0,,,0,0,,,0,0,,0,0,0,0,,,,49.6,72.7,53.7,84.5,,54.3,,,0,0,0,,0,,0,0,0,0,0,0,,0,,,0,0,,,0,0,,,0,0,,0,0,0,0,,,,51.2,73,54.7,82.9,,56.2,,,0,0,0,,0,,0,0,0,0,0,0,,0,,3,,0,1,,5.3,0,0,0,0,0,1,,1,100,0,0,,,,74.6,69.5,58.6,82.9,60,58.5,,,0,0,1,0,39.6,0,0,0,0,1,0,0,0,0,0
Nate Sudfeld,10821,QB,DET,1,1,,0,0,,,0,0,,,0,0,,0,0,0,0,,,,,,,,,,,,0,0,0,,0,,0,0,0,0,0,0,,0,,0,11,70.4,60,60,61.3,,0,0,,2.5,0,0,,,0,1,,1,100,0,0,,,,,60.4,60,64.6,60,,,,0,0,1,100,0,100,1,0,0,0,0,0,0,0,,,0,0,,,0,0,,,0,0,,0,0,0,0,,,,,,,,,,,,0,0,0,,0,,0,0,0,0,0,0,,0,,0,,0,0,,2.5,0,0,,,0,1,,1,100,0,0,,,,,60.4,60,64.6,60,,,,0,0,1,100,0,100,1,0,0,0,0,0,0,0,
Amari Cooper,9437,WR,CLV,1,1,0,1,1,27,4.5,0,0,0,0,0,1,,1,100,0,0,,,,61.3,77.3,86.3,83.1,33.1,88.3,,,0,1,1,0,0,0,0,0,0,0,0,1,100,0,0,0,8,82.1,81.2,33.1,,,0,0,,,0,0,,,0,0,,0,0,0,0,,,,69.2,78.8,75.2,18.7,,75.3,,,0,0,0,,0,,0,0,0,0,0,0,,0,,,0,0,,,0,0,,,0,0,,0,0,0,0,,,,69,81.3,88.9,13.9,,88.6,,,0,0,0,,0,,0,0,0,0,0,0,,0,,5,0,1,1,27,4.5,0,0,0,0,0,1,,1,100,0,0,,,,56.7,71.1,60.4,84.6,33.1,63.1,,,0,1,1,0,0,0,0,0,0,0,0,1,100,0,0
Davante Adams,8688,WR,LV,1,1,,0,0,,,0,0,,,0,0,,0,0,0,0,,,,55.4,28.9,90.6,38.9,,90.4,,,0,0,0,,0,,0,0,0,0,0,0,,0,,0,23,59.2,90.1,60,51.4,,0,0,,3.7,0,0,,,0,1,,1,100,0,0,,,,85.4,81,86.8,87.6,60,85.3,,,0,0,1,100,0,100,1,0,0,0,0,0,0,0,,,0,0,,,0,0,,,0,0,,0,0,0,0,,,,77.7,81.8,90.8,64.3,,90.6,,,0,0,0,,0,,0,0,0,0,0,0,,0,,2,,0,0,,3.7,0,0,,,0,1,,1,100,0,0,,,,64.3,26.4,79.9,83.9,60,78.6,,,0,0,1,100,0,100,1,0,0,0,0,0,0,0,
Christian Kirk,47546,WR,JAX,1,1,,0,0,,,0,0,,,0,0,,0,0,0,0,,,,70.9,77.3,88.9,82.9,,87,,,0,0,0,,0,,0,0,0,0,0,0,,0,,0,15,84.2,74.2,60.3,47.8,0,1,1,-3,3.2,0,0,0,0,0,0,,1,100,0,0,,,,57.4,79.4,65.9,87.3,60.3,66,,,0,0,1,,39.6,0,0,0,0,0,0,0,0,0,0,0,1,1,-3,3.2,0,0,0,0,0,0,,1,100,0,0,,,,57.1,81.3,76.8,86.5,60.3,76,,,0,0,1,,39.6,0,0,0,0,0,0,0,0,0,0,1,,0,0,,,0,0,,,0,0,,0,0,0,0,,,,81.1,73,69,84.3,,69.1,,,0,0,0,,0,,0,0,0,0,0,0,,0,
Braxton Berrios,47961,WR,NYJ,1,1,100,1,1,4,3,0,0,0,100,1,0,0,1,100,0,1,,,,46.3,68.8,53.3,78.5,70.8,50.5,,,0,0,1,,118.8,0,0,0,0,0,1,0,0,2,2,0,22,70.3,62.8,70.8,72.6,,0,0,,,0,0,,,0,0,,0,0,0,0,,,,81.1,73,65.1,80.6,,65.7,,,0,0,0,,0,,0,0,0,0,0,0,,0,,100,1,1,4,3,0,0,0,100,1,0,0,1,100,0,1,,,,69.9,74.4,65.2,80.7,70.8,64.3,,,0,0,1,,118.8,0,0,0,0,0,1,0,0,2,2,0,,0,0,,,0,0,,,0,0,,0,0,0,0,,,,64.7,61.2,51.4,78.4,,51.7,,,0,0,0,,0,,0,0,0,0,0,0,,0,
Equanimeous St. Brown,47967,WR,CHI,1,1,,0,0,,,0,0,,,0,0,,0,0,0,0,,,,75.6,69.5,57.1,80.6,,57.8,,,0,0,0,,0,,0,0,0,0,0,0,,0,,0,6,76.5,64.2,,67.5,,0,0,,5.9,0,0,,,0,0,,1,100,0,0,,,,64.4,73,63.6,83.8,,62.3,,58.3,0,0,1,,0,0,0,1,0,0,0,0,0,0,,,0,0,,5.9,0,0,,,0,0,,1,100,0,0,,,,65.6,73.3,58.7,82.5,,58.9,,58.3,0,0,1,,0,0,0,1,0,0,0,0,0,0,,0,,0,0,,,0,0,,,0,0,,0,0,0,0,,,,74.6,68.8,65.2,82.4,,63.1,,,0,0,0,,0,,0,0,0,0,0,0,,0,
James Proche II,48037,WR,BLT,1,1,,0,0,,,0,0,,,0,0,,0,0,0,0,,,,36.8,65.8,49.3,75.9,,49.9,,,0,0,0,,0,,0,0,0,0,0,0,,0,,0,3,76.1,44.7,43.5,,0,1,1,35,4.6,0,0,0,0,0,0,,1,100,0,0,,,,74.6,69.5,47.7,0,43.5,56.5,,,0,1,1,,0,0,0,0,0,0,0,1,100,0,0,0,1,1,35,4.6,0,0,0,0,0,0,,1,100,0,0,,,,49.7,69.5,44.9,0,43.5,53.2,,,0,1,1,,0,0,0,0,0,0,0,1,100,0,0,5,,0,0,,,0,0,,,0,0,,0,0,0,0,,,,70.5,65.8,55,76.2,,55.1,,,0,0,0,,0,,0,0,0,0,0,0,,0,
Cedrick Wilson Jr.,48170,WR,MIA,1,1,,0,0,,,0,0,,,0,0,,0,0,0,0,,,,49.7,68.8,62.8,76.8,,62.3,,,0,0,0,,0,,0,0,0,0,0,0,,0,,0,17,84.6,63.5,60,,,0,0,,7.4,0,0,,,0,1,,1,100,0,0,,,,74.6,69.5,62,82,60,62.7,,,0,0,1,100,0,100,1,0,0,0,0,0,0,0,,,0,0,,,0,0,,,0,0,,0,0,0,0,,,,78.7,71.5,68.1,81.2,,67.1,,,0,0,0,,0,,0,0,0,0,0,0,,0,,0,,0,0,,7.4,0,0,,,0,1,,1,100,0,0,,,,28.9,63.8,50.7,78.7,60,53.5,,,0,0,1,100,0,100,1,0,0,0,0,0,0,0,
Darnell Mooney,48236,WR,CHI,1,1,,0,0,,5,0,0,,,0,1,,1,100,0,0,,,,80,72.7,63.1,80.8,,63,,58.3,0,0,1,0,0,0,0,1,0,0,0,0,0,0,,0,6,78.2,69.2,,58.3,,0,0,,,0,0,,,0,0,,0,0,0,0,,,,75.5,75.9,71.8,84.4,,70.2,,,0,0,0,,0,,0,0,0,0,0,0,,0,,,0,0,,,0,0,,,0,0,,0,0,0,0,,,,78.9,77,72.7,83.3,,71,,,0,0,0,,0,,0,0,0,0,0,0,,0,,0,,0,0,,5,0,0,,,0,1,,1,100,0,0,,,,75.6,70.1,63.1,82.6,,62.9,,58.3,0,0,1,0,0,0,0,1,0,0,0,0,0,0,
Rex Burkhead,7971,HB,HST,1,1,,0,1,,3.1,0,0,0,0,0,1,,1,100,0,0,,,,57,71.1,55.3,80.1,60,55.1,,,0,0,1,0,39.6,0,0,0,0,1,0,0,0,0,0,0,13,82.5,59.1,60,57.2,,0,0,,,0,0,,,0,0,,0,0,0,0,,,,87.3,76.3,62.9,83.4,,65.6,,,0,0,0,,0,,0,0,0,0,0,0,,0,,,0,0,,,0,0,,,0,0,,0,0,0,0,,,,75.7,75.9,62,82.9,,62.8,,,0,0,0,,0,,0,0,0,0,0,0,,0,,0,,0,1,,3.1,0,0,0,0,0,1,,1,100,0,0,,,,78.7,72,57.6,80.9,60,59.6,,,0,0,1,0,39.6,0,0,0,0,1,0,0,0,0,0
